id,year,school_key,school_name,dept_name,origin_dept,exam_no,name,status,dest_school,dest_dept,category,offers_count,offers
CAND_0001,115,nutc_fin,國立臺中科技大學,財務金融系(商管群),國立臺中科技大學 財務金融系(商管群),64090209,*瞳,正取,國立彰化師範大學,國立彰化師範大學財務金融技術學系,其他學校錄取,5,"國立臺中科技大學財務金融系(正取); 國立雲林科技大學財務金融系(通過); 國立高雄科技大學風險管理與保險系(通過); 國立高雄科技大學金融系(通過); 國立彰化師範大學財務金融技術學系(正取,分發)"
CAND_0002,115,nutc_fin,國立臺中科技大學,財務金融系(商管群),國立臺中科技大學 財務金融系(商管群),61091160,F*妤,正取,國立臺中科技大學,國立臺中科技大學財務金融系,原校系/本校留任,2,"國立臺中科技大學財務金融系(正取,分發); 國立高雄科技大學金融系(通過)"
CAND_0003,115,nutc_fin,國立臺中科技大學,財務金融系(商管群),國立臺中科技大學 財務金融系(商管群),61090133,簡*箴,正取,國立雲林科技大學,國立雲林科技大學國際管理學士學位學程,其他學校錄取,2,"國立臺中科技大學財務金融系(正取); 國立雲林科技大學國際管理學士學位學程(正取,分發)"
CAND_0004,115,nutc_fin,國立臺中科技大學,財務金融系(商管群),國立臺中科技大學 財務金融系(商管群),58090117,蘇*羚,正取,國立臺中科技大學,國立臺中科技大學財務金融系,原校系/本校留任,1,"國立臺中科技大學財務金融系(正取,分發)"
CAND_0005,115,nutc_fin,國立臺中科技大學,財務金融系(商管群),國立臺中科技大學 財務金融系(商管群),61090377,魏*𡤃,正取,國立臺中科技大學,國立臺中科技大學財務金融系,原校系/本校留任,6,"國立臺中科技大學財務金融系(正取,分發); 國立雲林科技大學財務金融系(備取); 國立雲林科技大學會計系(通過); 國立高雄科技大學會計資訊系(通過); 國立高雄科技大學金融資訊系(正取); 國立虎尾科技大學財務金融系(通過)"
CAND_0006,115,nutc_fin,國立臺中科技大學,財務金融系(商管群),國立臺中科技大學 財務金融系(商管群),56090349,楊*欣,正取,國立臺北商業大學,國立臺北商業大學財政稅務系(臺北校區),其他學校錄取,4,"國立臺中科技大學財務金融系(正取); 國立臺北護理健康大學資訊管理系(正取); 國立臺北商業大學財政稅務系(臺北校區)(正取,分發); 國立彰化師範大學財務金融技術學系(正取)"
CAND_0007,115,nutc_fin,國立臺中科技大學,財務金融系(商管群),國立臺中科技大學 財務金融系(商管群),65090150,*穎,正取,國立雲林科技大學,國立雲林科技大學國際管理學士學位學程,其他學校錄取,5,"國立臺中科技大學財務金融系(正取); 國立雲林科技大學國際管理學士學位學程(正取,分發); 國立高雄科技大學財政稅務系(通過); 國立虎尾科技大學財務金融系(通過); 朝陽科技大學財務金融系(通過)"
CAND_0008,115,nutc_fin,國立臺中科技大學,財務金融系(商管群),國立臺中科技大學 財務金融系(商管群),58090534,*妤,正取,國立臺北科技大學,國立臺北科技大學經營管理系,其他學校錄取,4,"國立臺中科技大學財務金融系(正取); 國立臺北科技大學經營管理系(備取,分發); 國立臺北商業大學財政稅務系(臺北校區)(通過); 國立臺北商業大學國際商務系(臺北校區)(正取)"
CAND_0009,115,nutc_fin,國立臺中科技大學,財務金融系(商管群),國立臺中科技大學 財務金融系(商管群),57090448,楊*葳,正取,國立臺中科技大學,國立臺中科技大學財務金融系,原校系/本校留任,2,"國立臺中科技大學財務金融系(正取,分發); 中原大學國際經營與貿易學系(備取)"
CAND_0010,115,nutc_fin,國立臺中科技大學,財務金融系(商管群),國立臺中科技大學 財務金融系(商管群),58090363,陳*軒,正取,國立臺中科技大學,國立臺中科技大學財務金融系,原校系/本校留任,2,"國立臺中科技大學財務金融系(正取,分發); 國立高雄科技大學金融資訊系(通過)"
CAND_0011,115,nutc_fin,國立臺中科技大學,財務金融系(商管群),國立臺中科技大學 財務金融系(商管群),67090037,江*,正取,國立高雄科技大學,國立高雄科技大學金融系,其他學校錄取,4,"國立臺中科技大學財務金融系(正取); 國立高雄科技大學金融系(正取,分發); 國立高雄科技大學金融資訊系(正取); 國立虎尾科技大學財務金融系(通過)"
CAND_0012,115,nutc_fin,國立臺中科技大學,財務金融系(商管群),國立臺中科技大學 財務金融系(商管群),61090018,陸*君,正取,國立彰化師範大學,國立彰化師範大學財務金融技術學系,其他學校錄取,3,"國立臺中科技大學財務金融系(正取); 國立高雄科技大學財務管理系(備取); 國立彰化師範大學財務金融技術學系(備取,分發)"
CAND_0013,115,nutc_fin,國立臺中科技大學,財務金融系(商管群),國立臺中科技大學 財務金融系(商管群),57090349,林*珊,正取,國立臺中科技大學,國立臺中科技大學財務金融系,原校系/本校留任,4,"國立臺中科技大學財務金融系(正取,分發); 國立高雄科技大學財務管理系(正取); 中原大學會計學系(備取); 逢甲大學財稅學系(正取)"
CAND_0014,115,nutc_fin,國立臺中科技大學,財務金融系(商管群),國立臺中科技大學 財務金融系(商管群),61090428,林*永,正取,國立臺中科技大學,國立臺中科技大學財務金融系,原校系/本校留任,1,"國立臺中科技大學財務金融系(正取,分發)"
CAND_0015,115,nutc_fin,國立臺中科技大學,財務金融系(商管群),國立臺中科技大學 財務金融系(商管群),61090733,李*恩,正取,國立彰化師範大學,國立彰化師範大學財務金融技術學系,其他學校錄取,5,"國立臺中科技大學財務金融系(正取); 國立雲林科技大學財務金融系(備取); 國立彰化師範大學財務金融技術學系(備取,分發); 逢甲大學經濟學系(通過); 逢甲大學財務金融學系(備取)"
CAND_0016,115,nutc_fin,國立臺中科技大學,財務金融系(商管群),國立臺中科技大學 財務金融系(商管群),68090573,F*恩,正取,國立高雄科技大學,國立高雄科技大學金融系,其他學校錄取,4,"國立臺中科技大學財務金融系(正取); 國立高雄科技大學風險管理與保險系(正取); 國立高雄科技大學金融系(正取,分發); 南臺科技大學財務金融系(正取)"
CAND_0017,115,nutc_fin,國立臺中科技大學,財務金融系(商管群),國立臺中科技大學 財務金融系(商管群),70090902,毛*羽,正取,國立雲林科技大學,國立雲林科技大學會計系,其他學校錄取,3,"國立臺中科技大學財務金融系(正取); 國立雲林科技大學會計系(備取,分發); 國立高雄科技大學金融資訊系(正取)"
CAND_0018,115,nutc_fin,國立臺中科技大學,財務金融系(商管群),國立臺中科技大學 財務金融系(商管群),61090606,蘇*永,正取,國立高雄科技大學,國立高雄科技大學財務管理系,其他學校錄取,4,"國立臺中科技大學財務金融系(正取); 國立高雄科技大學行銷與流通管理系(通過); 國立高雄科技大學財務管理系(備取,分發); 國立高雄科技大學金融資訊系(正取)"
CAND_0019,115,nutc_fin,國立臺中科技大學,財務金融系(商管群),國立臺中科技大學 財務金融系(商管群),58090356,陳*,正取,國立彰化師範大學,國立彰化師範大學財務金融技術學系,其他學校錄取,4,"國立臺中科技大學財務金融系(正取); 國立臺北商業大學財政稅務系(臺北校區)(備取); 國立彰化師範大學財務金融技術學系(正取,分發); 國立聯合大學經營管理學系(正取)"
CAND_0020,115,nutc_fin,國立臺中科技大學,財務金融系(商管群),國立臺中科技大學 財務金融系(商管群),64090287,葵*宏,正取,國立臺中科技大學,國立臺中科技大學財務金融系,原校系/本校留任,3,"國立臺中科技大學財務金融系(正取,分發); 國立高雄科技大學航運管理系(通過); 逢甲大學財稅學系(正取)"
CAND_0021,115,nutc_fin,國立臺中科技大學,財務金融系(商管群),國立臺中科技大學 財務金融系(商管群),64090538,*瑾,正取,國立雲林科技大學,國立雲林科技大學應用外語系,其他學校錄取,4,"國立臺中科技大學財務金融系(正取); 國立雲林科技大學應用外語系(正取,分發); 國立高雄科技大學金融系(正取); 國立臺灣海洋大學航運管理學系(備取)"
CAND_0022,115,nutc_fin,國立臺中科技大學,財務金融系(商管群),國立臺中科技大學 財務金融系(商管群),52090663,徐*,正取,國立臺中科技大學,國立臺中科技大學財務金融系,原校系/本校留任,2,"國立臺中科技大學財務金融系(正取,分發); 國立雲林科技大學財務金融系(通過)"
CAND_0023,115,nutc_fin,國立臺中科技大學,財務金融系(商管群),國立臺中科技大學 財務金融系(商管群),61091119,F*如,正取,—,—,未分發或放棄,4,國立臺中科技大學財務金融系(正取); 弘光科技大學護理系(通過); 中臺科技大學護理系(通過); 逢甲大學國際經營與貿易學系(通過)
CAND_0024,115,nutc_fin,國立臺中科技大學,財務金融系(商管群),國立臺中科技大學 財務金融系(商管群),68090090,康*倩,正取,國立雲林科技大學,國立雲林科技大學財務金融系,其他學校錄取,3,"國立臺中科技大學財務金融系(正取); 國立雲林科技大學財務金融系(備取,分發); 國立雲林科技大學會計系(備取)"
CAND_0025,115,nutc_fin,國立臺中科技大學,財務金融系(商管群),國立臺中科技大學 財務金融系(商管群),64090581,考生*,正取,國立雲林科技大學,國立雲林科技大學企業管理系,其他學校錄取,3,"國立臺中科技大學財務金融系(正取); 國立雲林科技大學企業管理系(備取,分發); 國立高雄科技大學財政稅務系(正取)"
CAND_0026,115,nutc_fin,國立臺中科技大學,財務金融系(商管群),國立臺中科技大學 財務金融系(商管群),61090073,鄭*尹,正取,國立臺中科技大學,國立臺中科技大學財務金融系,原校系/本校留任,2,"國立臺中科技大學財務金融系(正取,分發); 國立高雄科技大學金融系(通過)"
CAND_0027,115,nutc_fin,國立臺中科技大學,財務金融系(商管群),國立臺中科技大學 財務金融系(商管群),70090345,朱*,正取,國立臺中科技大學,國立臺中科技大學財務金融系,原校系/本校留任,2,"國立臺中科技大學財務金融系(正取,分發); 國立高雄科技大學金融資訊系(通過)"
CAND_0028,115,nutc_fin,國立臺中科技大學,財務金融系(商管群),國立臺中科技大學 財務金融系(商管群),70090895,林*婷,正取,國立高雄科技大學,國立高雄科技大學財務管理系,其他學校錄取,3,"國立臺中科技大學財務金融系(正取); 國立高雄科技大學風險管理與保險系(正取); 國立高雄科技大學財務管理系(正取,分發)"
CAND_0029,115,nutc_fin,國立臺中科技大學,財務金融系(商管群),國立臺中科技大學 財務金融系(商管群),64090385,*慈,正取,—,—,未分發或放棄,1,國立臺中科技大學財務金融系(正取)
CAND_0030,115,nutc_fin,國立臺中科技大學,財務金融系(商管群),國立臺中科技大學 財務金融系(商管群),56090067,范*,正取,國立臺中科技大學,國立臺中科技大學財務金融系,原校系/本校留任,3,"國立臺中科技大學財務金融系(正取,分發); 國立勤益科技大學資訊管理系(通過); 國立臺北護理健康大學生死與健康心理諮商系(通過)"
CAND_0031,115,nutc_fin,國立臺中科技大學,財務金融系(商管群),國立臺中科技大學 財務金融系(商管群),61090115,*綺,正取,國立臺中科技大學,國立臺中科技大學財務金融系,原校系/本校留任,2,"國立臺中科技大學財務金融系(正取,分發); 國立虎尾科技大學財務金融系(正取)"
CAND_0032,115,nutc_fin,國立臺中科技大學,財務金融系(商管群),國立臺中科技大學 財務金融系(商管群),52090540,*宇,正取,國立臺中科技大學,國立臺中科技大學財務金融系,原校系/本校留任,1,"國立臺中科技大學財務金融系(正取,分發)"
CAND_0033,115,nutc_fin,國立臺中科技大學,財務金融系(商管群),國立臺中科技大學 財務金融系(商管群),61090214,林*,正取,國立臺中科技大學,國立臺中科技大學財務金融系,原校系/本校留任,2,"國立臺中科技大學財務金融系(正取,分發); 國立雲林科技大學財務金融系(備取)"
CAND_0034,115,nutc_fin,國立臺中科技大學,財務金融系(商管群),國立臺中科技大學 財務金融系(商管群),54090422,柴*,正取,國立勤益科技大學,國立勤益科技大學健康產業科技研發與管理系,其他學校錄取,3,"國立臺中科技大學財務金融系(正取); 國立勤益科技大學健康產業科技研發與管理系(正取,分發); 國立臺北護理健康大學健康事業管理系(通過)"
CAND_0035,115,nutc_fin,國立臺中科技大學,財務金融系(商管群),國立臺中科技大學 財務金融系(商管群),61090385,張*,正取,國立臺中科技大學,國立臺中科技大學財務金融系,原校系/本校留任,4,"國立臺中科技大學財務金融系(正取,分發); 國立高雄科技大學資訊管理系(正取); 國立高雄科技大學會計資訊系(正取); 國立高雄科技大學金融資訊系(正取)"
CAND_0036,115,nutc_fin,國立臺中科技大學,財務金融系(商管群),國立臺中科技大學 財務金融系(商管群),57090014,*洋,正取,國立臺北商業大學,國立臺北商業大學企業管理系(臺北校區),其他學校錄取,5,"國立臺中科技大學財務金融系(正取); 國立高雄科技大學財務管理系(備取); 國立高雄科技大學智慧商務系(正取); 國立虎尾科技大學資訊管理系(通過); 國立臺北商業大學企業管理系(臺北校區)(備取,分發)"
CAND_0037,115,nutc_fin,國立臺中科技大學,財務金融系(商管群),國立臺中科技大學 財務金融系(商管群),64090551,*蔚,正取,國立臺中科技大學,國立臺中科技大學財務金融系,原校系/本校留任,2,"國立臺中科技大學財務金融系(正取,分發); 國立高雄科技大學財務管理系(通過)"
CAND_0038,115,nutc_fin,國立臺中科技大學,財務金融系(商管群),國立臺中科技大學 財務金融系(商管群),68090490,曹*褀,正取,國立臺中科技大學,國立臺中科技大學財務金融系,原校系/本校留任,1,"國立臺中科技大學財務金融系(正取,分發)"
CAND_0039,115,nutc_fin,國立臺中科技大學,財務金融系(商管群),國立臺中科技大學 財務金融系(商管群),64090524,李*諺,正取,國立臺中科技大學,國立臺中科技大學財務金融系,原校系/本校留任,2,"國立臺中科技大學財務金融系(正取,分發); 國立臺中教育大學國際企業學系(正取)"
CAND_0040,115,nutc_fin,國立臺中科技大學,財務金融系(商管群),國立臺中科技大學 財務金融系(商管群),59090113,林*誼,正取,國立臺灣海洋大學,國立臺灣海洋大學海洋經營管理學士學位學程,其他學校錄取,3,"國立臺中科技大學財務金融系(正取); 國立虎尾科技大學財務金融系(正取); 國立臺灣海洋大學海洋經營管理學士學位學程(備取,分發)"
CAND_0041,115,nutc_fin,國立臺中科技大學,財務金融系(商管群),國立臺中科技大學 財務金融系(商管群),57090966,*永,正取,國立臺中科技大學,國立臺中科技大學財務金融系,原校系/本校留任,2,"國立臺中科技大學財務金融系(正取,分發); 中原大學會計學系(正取)"
CAND_0042,115,nutc_fin,國立臺中科技大學,財務金融系(商管群),國立臺中科技大學 財務金融系(商管群),57090813,陳*茹,正取,國立彰化師範大學,國立彰化師範大學財務金融技術學系,其他學校錄取,4,"國立臺中科技大學財務金融系(正取); 國立彰化師範大學財務金融技術學系(備取,分發); 逢甲大學經濟學系(備取); 逢甲大學財務金融學系(正取)"
CAND_0043,115,nutc_fin,國立臺中科技大學,財務金融系(商管群),國立臺中科技大學 財務金融系(商管群),70090285,*晴,正取,國立臺中科技大學,國立臺中科技大學財務金融系,原校系/本校留任,2,"國立臺中科技大學財務金融系(正取,分發); 國立高雄科技大學資訊管理系(通過)"
CAND_0044,115,nutc_fin,國立臺中科技大學,財務金融系(商管群),國立臺中科技大學 財務金融系(商管群),61090378,葵*恩,正取,國立臺中科技大學,國立臺中科技大學財務金融系,原校系/本校留任,2,"國立臺中科技大學財務金融系(正取,分發); 朝陽科技大學財務金融系(通過)"
CAND_0045,115,nutc_fin,國立臺中科技大學,財務金融系(商管群),國立臺中科技大學 財務金融系(商管群),68090570,*岑,正取,—,—,未分發或放棄,1,國立臺中科技大學財務金融系(正取)
CAND_0046,115,nutc_fin,國立臺中科技大學,財務金融系(商管群),國立臺中科技大學 財務金融系(商管群),57090279,張*,正取,國立臺中科技大學,國立臺中科技大學財務金融系,原校系/本校留任,1,"國立臺中科技大學財務金融系(正取,分發)"
CAND_0047,115,nutc_fin,國立臺中科技大學,財務金融系(商管群),國立臺中科技大學 財務金融系(商管群),62090055,賴*,正取,國立臺中科技大學,國立臺中科技大學財務金融系,原校系/本校留任,3,"國立臺中科技大學財務金融系(正取,分發); 國立高雄科技大學金融系(備取); 國立虎尾科技大學財務金融系(通過)"
CAND_0048,115,nutc_fin,國立臺中科技大學,財務金融系(商管群),國立臺中科技大學 財務金融系(商管群),53090024,黄*,正取,銘傳大學,銘傳大學國際企業學系(台北校區),其他學校錄取,4,"國立臺中科技大學財務金融系(正取); 國立虎尾科技大學財務金融系(通過); 國立勤益科技大學工業工程與管理系(通過); 銘傳大學國際企業學系(台北校區)(備取,分發)"
CAND_0049,115,nutc_fin,國立臺中科技大學,財務金融系(商管群),國立臺中科技大學 財務金融系(商管群),57090687,張*瑀,正取,中原大學,中原大學會計學系,其他學校錄取,2,"國立臺中科技大學財務金融系(正取); 中原大學會計學系(備取,分發)"
CAND_0050,115,nutc_fin,國立臺中科技大學,財務金融系(商管群),國立臺中科技大學 財務金融系(商管群),57090925,徐*瑜,正取,國立臺中科技大學,國立臺中科技大學財務金融系,原校系/本校留任,4,"國立臺中科技大學財務金融系(正取,分發); 國立高雄科技大學風險管理與保險系(通過); 國立高雄科技大學會計資訊系(通過); 國立高雄科技大學金融資訊系(備取)"
CAND_0051,115,nutc_fin,國立臺中科技大學,財務金融系(商管群),國立臺中科技大學 財務金融系(商管群),57090106,*妤,正取,—,—,未分發或放棄,2,國立臺中科技大學財務金融系(正取); 國立虎尾科技大學財務金融系(正取)
CAND_0052,115,nutc_fin,國立臺中科技大學,財務金融系(商管群),國立臺中科技大學 財務金融系(商管群),57090050,翁*,正取,國立臺中科技大學,國立臺中科技大學財務金融系,原校系/本校留任,2,"國立臺中科技大學財務金融系(正取,分發); 國立高雄科技大學金融系(通過)"
CAND_0053,115,nutc_fin,國立臺中科技大學,財務金融系(商管群),國立臺中科技大學 財務金融系(商管群),57090114,謝*佑,正取,國立臺中科技大學,國立臺中科技大學財務金融系,原校系/本校留任,2,"國立臺中科技大學財務金融系(正取,分發); 中原大學會計學系(正取)"
CAND_0054,115,nutc_fin,國立臺中科技大學,財務金融系(商管群),國立臺中科技大學 財務金融系(商管群),57090327,陳*永,正取,國立高雄科技大學,國立高雄科技大學金融系,其他學校錄取,6,"國立臺中科技大學財務金融系(正取); 國立雲林科技大學財務金融系(正取); 國立高雄科技大學金融系(正取,分發); 國立高雄科技大學財務管理系(通過); 國立高雄科技大學財政稅務系(通過); 逢甲大學財稅學系(通過)"
CAND_0055,115,nutc_fin,國立臺中科技大學,財務金融系(商管群),國立臺中科技大學 財務金融系(商管群),78090009,林*,正取,國立臺北商業大學,國立臺北商業大學財務金融系(臺北校區),其他學校錄取,5,"國立臺中科技大學財務金融系(正取); 國立臺北科技大學經營管理系(備取); 國立臺北商業大學財務金融系(臺北校區)(備取,分發); 國立臺北商業大學企業管理系(臺北校區)(備取); 國立臺北商業大學資訊管理系(臺北校區)(備取)"
CAND_0056,115,nutc_fin,國立臺中科技大學,財務金融系(商管群),國立臺中科技大學 財務金融系(商管群),57090425,陳*諭,正取,國立雲林科技大學,國立雲林科技大學會計系,其他學校錄取,4,"國立臺中科技大學財務金融系(正取); 國立雲林科技大學會計系(備取,分發); 國立高雄科技大學金融系(正取); 國立高雄科技大學金融資訊系(通過)"
CAND_0057,115,nutc_fin,國立臺中科技大學,財務金融系(商管群),國立臺中科技大學 財務金融系(商管群),56090039,郭*,備取,國立高雄科技大學,國立高雄科技大學行銷與流通管理系,其他學校錄取,4,"國立臺中科技大學財務金融系(備取); 國立高雄科技大學運籌管理系(正取); 國立高雄科技大學行銷與流通管理系(正取,分發); 國立虎尾科技大學財務金融系(備取)"
CAND_0058,115,nutc_fin,國立臺中科技大學,財務金融系(商管群),國立臺中科技大學 財務金融系(商管群),55090095,*元,備取,國立臺中科技大學,國立臺中科技大學財務金融系,原校系/本校留任,2,"國立臺中科技大學財務金融系(備取,分發); 逢甲大學合作經濟暨社會事業經營學系(通過)"
CAND_0059,115,nutc_fin,國立臺中科技大學,財務金融系(商管群),國立臺中科技大學 財務金融系(商管群),65090087,陳*庠,備取,國立臺中科技大學,國立臺中科技大學財務金融系,原校系/本校留任,2,"國立臺中科技大學財務金融系(備取,分發); 國立高雄科技大學資訊管理系(備取)"
CAND_0060,115,nutc_fin,國立臺中科技大學,財務金融系(商管群),國立臺中科技大學 財務金融系(商管群),56090396,*澧,備取,國立臺中科技大學,國立臺中科技大學財務金融系,原校系/本校留任,1,"國立臺中科技大學財務金融系(備取,分發)"
CAND_0061,115,nutc_fin,國立臺中科技大學,財務金融系(商管群),國立臺中科技大學 財務金融系(商管群),64090578,黄*,備取,國立高雄科技大學,國立高雄科技大學資訊管理系,其他學校錄取,4,"國立臺中科技大學財務金融系(備取); 國立高雄科技大學資訊管理系(備取,分發); 國立高雄科技大學資訊管理系(備取); 國立臺北商業大學數位多媒體設計系(桃園校區)(備取)"
CAND_0062,115,nutc_fin,國立臺中科技大學,財務金融系(商管群),國立臺中科技大學 財務金融系(商管群),64090473,謝*永,備取,國立臺中科技大學,國立臺中科技大學財務金融系,原校系/本校留任,5,"國立臺中科技大學財務金融系(備取,分發); 國立高雄科技大學航運管理系(通過); 國立臺北商業大學國際商務系(臺北校區)(備取); 逢甲大學國際經營與貿易學系(通過); 逢甲大學財務金融學系(通過)"
CAND_0063,115,nutc_fin,國立臺中科技大學,財務金融系(商管群),國立臺中科技大學 財務金融系(商管群),61090008,邱*,備取,國立臺中科技大學,國立臺中科技大學財務金融系,原校系/本校留任,4,"國立臺中科技大學財務金融系(備取,分發); 國立高雄科技大學行銷與流通管理系(正取); 國立高雄科技大學航運管理系(通過); 國立虎尾科技大學財務金融系(正取)"
CAND_0064,115,nutc_fin,國立臺中科技大學,財務金融系(商管群),國立臺中科技大學 財務金融系(商管群),56090238,曹*女,備取,國立臺中科技大學,國立臺中科技大學財務金融系,原校系/本校留任,1,"國立臺中科技大學財務金融系(備取,分發)"
CAND_0065,115,nutc_fin,國立臺中科技大學,財務金融系(商管群),國立臺中科技大學 財務金融系(商管群),58090095,梁*珊,備取,國立臺中科技大學,國立臺中科技大學財務金融系,原校系/本校留任,6,"國立臺中科技大學財務金融系(備取,分發); 國立虎尾科技大學財務金融系(正取); 國立勤益科技大學企業管理系(正取); 朝陽科技大學財務金融系(通過); 致理科技大學財務金融系(通過); 中原大學會計學系(通過)"
CAND_0066,115,nutc_fin,國立臺中科技大學,財務金融系(商管群),國立臺中科技大學 財務金融系(商管群),61090426,李*恩,備取,國立虎尾科技大學,國立虎尾科技大學工業管理系,其他學校錄取,5,"國立臺中科技大學財務金融系(備取); 國立高雄科技大學航運管理系(正取); 國立虎尾科技大學工業管理系(正取,分發); 國立勤益科技大學行銷與流通管理系(正取); 朝陽科技大學環境工程與管理系(正取)"
CAND_0067,115,nutc_fin,國立臺中科技大學,財務金融系(商管群),國立臺中科技大學 財務金融系(商管群),52090582,鄭*謙,備取,國立臺中科技大學,國立臺中科技大學財務金融系,原校系/本校留任,2,"國立臺中科技大學財務金融系(備取,分發); 國立高雄科技大學金融資訊系(通過)"
CAND_0068,115,nutc_fin,國立臺中科技大學,財務金融系(商管群),國立臺中科技大學 財務金融系(商管群),57090101,謝*曦,備取,中原大學,中原大學會計學系,其他學校錄取,3,"國立臺中科技大學財務金融系(備取); 中原大學國際經營與貿易學系(備取); 中原大學會計學系(備取,分發)"
CAND_0069,115,nutc_fin,國立臺中科技大學,財務金融系(商管群),國立臺中科技大學 財務金融系(商管群),58090266,陳*喬,備取,國立臺中科技大學,國立臺中科技大學財務金融系,原校系/本校留任,1,"國立臺中科技大學財務金融系(備取,分發)"
CAND_0070,115,nutc_fin,國立臺中科技大學,財務金融系(商管群),國立臺中科技大學 財務金融系(商管群),70090739,陳*欣,備取,國立高雄科技大學,國立高雄科技大學會計資訊系,其他學校錄取,2,"國立臺中科技大學財務金融系(備取); 國立高雄科技大學會計資訊系(正取,分發)"
CAND_0071,115,nutc_fin,國立臺中科技大學,財務金融系(商管群),國立臺中科技大學 財務金融系(商管群),70090365,徐*J,備取,國立臺中科技大學,國立臺中科技大學財務金融系,原校系/本校留任,1,"國立臺中科技大學財務金融系(備取,分發)"
CAND_0072,115,nutc_fin,國立臺中科技大學,財務金融系(商管群),國立臺中科技大學 財務金融系(商管群),64090318,黄*瑄,備取,國立臺中科技大學,國立臺中科技大學財務金融系,原校系/本校留任,2,"國立臺中科技大學財務金融系(備取,分發); 國立勤益科技大學企業管理系(通過)"
CAND_0073,115,nutc_fin,國立臺中科技大學,財務金融系(商管群),國立臺中科技大學 財務金融系(商管群),57090795,余*筑,備取,國立臺中科技大學,國立臺中科技大學財務金融系,原校系/本校留任,2,"國立臺中科技大學財務金融系(備取,分發); 國立高雄科技大學行銷與流通管理系(通過)"
CAND_0074,115,nutc_fin,國立臺中科技大學,財務金融系(商管群),國立臺中科技大學 財務金融系(商管群),61090413,黄*,備取,國立臺中科技大學,國立臺中科技大學財務金融系,原校系/本校留任,1,"國立臺中科技大學財務金融系(備取,分發)"
CAND_0075,115,nutc_fin,國立臺中科技大學,財務金融系(商管群),國立臺中科技大學 財務金融系(商管群),64090476,楊*,備取,國立臺中科技大學,國立臺中科技大學財務金融系,原校系/本校留任,1,"國立臺中科技大學財務金融系(備取,分發)"
CAND_0076,115,nutc_fin,國立臺中科技大學,財務金融系(商管群),國立臺中科技大學 財務金融系(商管群),54090063,林*鴻,備取,國立臺中科技大學,國立臺中科技大學財務金融系,原校系/本校留任,2,"國立臺中科技大學財務金融系(備取,分發); 國立雲林科技大學財務金融系(備取)"
CAND_0077,115,nutc_fin,國立臺中科技大學,財務金融系(商管群),國立臺中科技大學 財務金融系(商管群),57090785,彭*,備取,國立臺中科技大學,國立臺中科技大學財務金融系,原校系/本校留任,2,"國立臺中科技大學財務金融系(備取,分發); 國立勤益科技大學企業管理系(通過)"
CAND_0078,115,nutc_fin,國立臺中科技大學,財務金融系(商管群),國立臺中科技大學 財務金融系(商管群),58090146,葉*華,備取,國立勤益科技大學,國立勤益科技大學資訊工程系,其他學校錄取,3,"國立臺中科技大學財務金融系(備取); 國立勤益科技大學資訊工程系(正取,分發); 僑光科技大學財務金融系(通過)"
CAND_0079,115,nutc_fin,國立臺中科技大學,財務金融系(商管群),國立臺中科技大學 財務金融系(商管群),57090046,*榛,備取,國立臺中科技大學,國立臺中科技大學財務金融系,原校系/本校留任,3,"國立臺中科技大學財務金融系(備取,分發); 國立勤益科技大學行銷與流通管理系(正取); 靜宜大學財務金融學系(正取)"
CAND_0080,115,nutc_fin,國立臺中科技大學,財務金融系(商管群),國立臺中科技大學 財務金融系(商管群),66090275,林*,備取,國立虎尾科技大學,國立虎尾科技大學企業管理系,其他學校錄取,4,"國立臺中科技大學財務金融系(備取); 國立高雄科技大學風險管理與保險系(通過); 國立虎尾科技大學工業管理系(正取); 國立虎尾科技大學企業管理系(正取,分發)"
CAND_0081,115,nutc_fin,國立臺中科技大學,財務金融系(商管群),國立臺中科技大學 財務金融系(商管群),68530084,陳*琦,備取,國立高雄科技大學,國立高雄科技大學行銷與流通管理系,其他學校錄取,3,"國立臺中科技大學財務金融系(備取); 國立高雄科技大學行銷與流通管理系(正取,分發); 國立虎尾科技大學財務金融系(通過)"
CAND_0082,115,nutc_fin,國立臺中科技大學,財務金融系(商管群),國立臺中科技大學 財務金融系(商管群),55090294,顏*,備取,國立臺中科技大學,國立臺中科技大學財務金融系,原校系/本校留任,3,"國立臺中科技大學財務金融系(備取,分發); 國立虎尾科技大學企業管理系(備取); 國立勤益科技大學資訊管理系(通過)"
CAND_0083,115,nutc_fin,國立臺中科技大學,財務金融系(商管群),國立臺中科技大學 財務金融系(商管群),64090510,黄*妤,備取,國立高雄科技大學,國立高雄科技大學行銷與流通管理系,其他學校錄取,4,"國立臺中科技大學財務金融系(備取); 國立高雄科技大學行銷與流通管理系(正取,分發); 國立高雄科技大學智慧商務系(通過); 國立虎尾科技大學企業管理系(正取)"
CAND_0084,115,nutc_fin,國立臺中科技大學,財務金融系(商管群),國立臺中科技大學 財務金融系(商管群),58090522,黄*瑾,備取,國立臺中科技大學,國立臺中科技大學財務金融系,原校系/本校留任,2,"國立臺中科技大學財務金融系(備取,分發); 國立高雄科技大學工業工程與管理系(通過)"
CAND_0085,115,nutc_fin,國立臺中科技大學,財務金融系(商管群),國立臺中科技大學 財務金融系(商管群),52090242,鄭*女,備取,國立高雄科技大學,國立高雄科技大學財務管理系,其他學校錄取,4,"國立臺中科技大學財務金融系(通過); 國立高雄科技大學資訊管理系(正取); 國立高雄科技大學財務管理系(正取,分發); 國立高雄科技大學金融資訊系(備取)"
CAND_0086,115,nutc_fin,國立臺中科技大學,財務金融系(商管群),國立臺中科技大學 財務金融系(商管群),52090268,潘*妤,備取,—,—,未分發或放棄,2,國立臺中科技大學財務金融系(通過); 銘傳大學會計學系(台北校區)(通過)
CAND_0087,115,nutc_fin,國立臺中科技大學,財務金融系(商管群),國立臺中科技大學 財務金融系(商管群),52090286,楊*賢,備取,國立高雄科技大學,國立高雄科技大學金融資訊系,其他學校錄取,2,"國立臺中科技大學財務金融系(通過); 國立高雄科技大學金融資訊系(備取,分發)"
CAND_0088,115,nutc_fin,國立臺中科技大學,財務金融系(商管群),國立臺中科技大學 財務金融系(商管群),52090353,*恩,備取,—,—,未分發或放棄,3,國立臺中科技大學財務金融系(通過); 國立高雄科技大學金融系(通過); 國立高雄科技大學智慧商務系(通過)
CAND_0089,115,nutc_fin,國立臺中科技大學,財務金融系(商管群),國立臺中科技大學 財務金融系(商管群),53090070,*女,備取,—,—,未分發或放棄,3,國立臺中科技大學財務金融系(通過); 國立高雄科技大學財政稅務系(通過); 國立臺北商業大學國際商務系(臺北校區)(備取)
CAND_0090,115,nutc_fin,國立臺中科技大學,財務金融系(商管群),國立臺中科技大學 財務金融系(商管群),54090223,楊*均,備取,國立臺北商業大學,國立臺北商業大學企業管理系(臺北校區),其他學校錄取,4,"國立臺中科技大學財務金融系(通過); 國立雲林科技大學財務金融系(通過); 國立高雄科技大學財務管理系(通過); 國立臺北商業大學企業管理系(臺北校區)(正取,分發)"
CAND_0091,115,nutc_fin,國立臺中科技大學,財務金融系(商管群),國立臺中科技大學 財務金融系(商管群),54090255,*妍,備取,國立臺北護理健康大學,國立臺北護理健康大學資訊管理系,其他學校錄取,2,"國立臺中科技大學財務金融系(通過); 國立臺北護理健康大學資訊管理系(正取,分發)"
CAND_0092,115,nutc_fin,國立臺中科技大學,財務金融系(商管群),國立臺中科技大學 財務金融系(商管群),54090352,顏*婕,備取,致理科技大學,致理科技大學財務金融系,其他學校錄取,4,"國立臺中科技大學財務金融系(通過); 國立高雄科技大學會計資訊系(通過); 國立勤益科技大學工業工程與管理系(通過); 致理科技大學財務金融系(正取,分發)"
CAND_0093,115,nutc_fin,國立臺中科技大學,財務金融系(商管群),國立臺中科技大學 財務金融系(商管群),55090127,林*慈,備取,—,—,未分發或放棄,2,國立臺中科技大學財務金融系(通過); 國立高雄科技大學金融系(通過)
CAND_0094,115,nutc_fin,國立臺中科技大學,財務金融系(商管群),國立臺中科技大學 財務金融系(商管群),55090177,陳*潔,備取,國立臺北商業大學,國立臺北商業大學企業管理系(臺北校區),其他學校錄取,2,"國立臺中科技大學財務金融系(通過); 國立臺北商業大學企業管理系(臺北校區)(備取,分發)"
CAND_0095,115,nutc_fin,國立臺中科技大學,財務金融系(商管群),國立臺中科技大學 財務金融系(商管群),55090347,林*誼,備取,中原大學,中原大學國際經營與貿易學系,其他學校錄取,4,"國立臺中科技大學財務金融系(通過); 中原大學國際經營與貿易學系(備取,分發); 銘傳大學會計學系(台北校區)(通過); 銘傳大學國際企業學系(台北校區)(通過)"
CAND_0096,115,nutc_fin,國立臺中科技大學,財務金融系(商管群),國立臺中科技大學 財務金融系(商管群),56090058,謝*,備取,—,—,未分發或放棄,3,國立臺中科技大學財務金融系(通過); 國立雲林科技大學財務金融系(通過); 國立臺北商業大學企業管理系(臺北校區)(通過)
CAND_0097,115,nutc_fin,國立臺中科技大學,財務金融系(商管群),國立臺中科技大學 財務金融系(商管群),56090090,鄭*,備取,國立臺北商業大學,國立臺北商業大學企業管理系(臺北校區),其他學校錄取,3,"國立臺中科技大學財務金融系(通過); 國立臺北商業大學企業管理系(臺北校區)(備取,分發); 致理科技大學會計資訊系(通過)"
CAND_0098,115,nutc_fin,國立臺中科技大學,財務金融系(商管群),國立臺中科技大學 財務金融系(商管群),56090150,黎*薔,備取,—,—,未分發或放棄,1,國立臺中科技大學財務金融系(通過)
CAND_0099,115,nutc_fin,國立臺中科技大學,財務金融系(商管群),國立臺中科技大學 財務金融系(商管群),56090186,林*歆,備取,—,—,未分發或放棄,6,國立臺中科技大學財務金融系(通過); 國立高雄科技大學工業工程與管理系(通過); 國立高雄科技大學財務管理系(通過); 國立臺北商業大學財務金融系(臺北校區)(通過); 國立臺北商業大學財政稅務系(臺北校區)(通過); 致理科技大學財務金融系(通過)
CAND_0100,115,nutc_fin,國立臺中科技大學,財務金融系(商管群),國立臺中科技大學 財務金融系(商管群),56090366,楊*,備取,國立臺北商業大學,國立臺北商業大學國際商務系(臺北校區),其他學校錄取,2,"國立臺中科技大學財務金融系(通過); 國立臺北商業大學國際商務系(臺北校區)(備取,分發)"
CAND_0101,115,nutc_fin,國立臺中科技大學,財務金融系(商管群),國立臺中科技大學 財務金融系(商管群),56090384,張*奕,備取,—,—,未分發或放棄,2,國立臺中科技大學財務金融系(通過); 國立臺北商業大學國際商務系(臺北校區)(通過)
CAND_0102,115,nutc_fin,國立臺中科技大學,財務金融系(商管群),國立臺中科技大學 財務金融系(商管群),56090499,F*綺,備取,國立虎尾科技大學,國立虎尾科技大學工業管理系,其他學校錄取,3,"國立臺中科技大學財務金融系(通過); 國立虎尾科技大學工業管理系(正取,分發); 國立勤益科技大學資訊管理系(通過)"
CAND_0103,115,nutc_fin,國立臺中科技大學,財務金融系(商管群),國立臺中科技大學 財務金融系(商管群),57090013,宋*喬,備取,國立高雄科技大學,國立高雄科技大學運籌管理系,其他學校錄取,2,"國立臺中科技大學財務金融系(通過); 國立高雄科技大學運籌管理系(正取,分發)"
CAND_0104,115,nutc_fin,國立臺中科技大學,財務金融系(商管群),國立臺中科技大學 財務金融系(商管群),57090082,吳*瑭,備取,—,—,未分發或放棄,4,國立臺中科技大學財務金融系(通過); 國立雲林科技大學財務金融系(通過); 國立雲林科技大學會計系(通過); 國立臺北商業大學企業管理系(臺北校區)(通過)
CAND_0105,115,nutc_fin,國立臺中科技大學,財務金融系(商管群),國立臺中科技大學 財務金融系(商管群),57090241,陳*亨,備取,—,—,未分發或放棄,3,國立臺中科技大學財務金融系(通過); 中原大學會計學系(備取); 中原大學資訊管理學系(備取)
CAND_0106,115,nutc_fin,國立臺中科技大學,財務金融系(商管群),國立臺中科技大學 財務金融系(商管群),57090487,維*証,備取,—,—,未分發或放棄,2,國立臺中科技大學財務金融系(通過); 國立雲林科技大學資訊管理系(通過)
CAND_0107,115,nutc_fin,國立臺中科技大學,財務金融系(商管群),國立臺中科技大學 財務金融系(商管群),57090532,李*錡,備取,國立臺北商業大學,國立臺北商業大學財政稅務系(臺北校區),其他學校錄取,4,"國立臺中科技大學財務金融系(通過); 國立臺北商業大學財政稅務系(臺北校區)(正取,分發); 國立臺北商業大學國際商務系(臺北校區)(正取); 國立彰化師範大學財務金融技術學系(通過)"
CAND_0108,115,nutc_fin,國立臺中科技大學,財務金融系(商管群),國立臺中科技大學 財務金融系(商管群),57090671,周*珊,備取,—,—,未分發或放棄,6,國立臺中科技大學財務金融系(通過); 國立虎尾科技大學企業管理系(通過); 國立虎尾科技大學財務金融系(通過); 國立勤益科技大學企業管理系(通過); 國立臺北護理健康大學健康事業管理系(通過); 國立臺北護理健康大學健康事業管理系(通過)
CAND_0109,115,nutc_fin,國立臺中科技大學,財務金融系(商管群),國立臺中科技大學 財務金融系(商管群),57090993,維*廷,備取,國立彰化師範大學,國立彰化師範大學財務金融技術學系,其他學校錄取,3,"國立臺中科技大學財務金融系(通過); 國立雲林科技大學財務金融系(通過); 國立彰化師範大學財務金融技術學系(備取,分發)"
CAND_0110,115,nutc_fin,國立臺中科技大學,財務金融系(商管群),國立臺中科技大學 財務金融系(商管群),58090045,考生*,備取,—,—,未分發或放棄,1,國立臺中科技大學財務金融系(通過)
CAND_0111,115,nutc_fin,國立臺中科技大學,財務金融系(商管群),國立臺中科技大學 財務金融系(商管群),58090193,*永,備取,—,—,未分發或放棄,3,國立臺中科技大學財務金融系(通過); 國立雲林科技大學財務金融系(通過); 國立臺北商業大學企業管理系(臺北校區)(正取)
CAND_0112,115,nutc_fin,國立臺中科技大學,財務金融系(商管群),國立臺中科技大學 財務金融系(商管群),58090554,余*穎,備取,國立雲林科技大學,國立雲林科技大學企業管理系,其他學校錄取,2,"國立臺中科技大學財務金融系(通過); 國立雲林科技大學企業管理系(備取,分發)"
CAND_0113,115,nutc_fin,國立臺中科技大學,財務金融系(商管群),國立臺中科技大學 財務金融系(商管群),59090088,陳*,備取,—,—,未分發或放棄,3,國立臺中科技大學財務金融系(通過); 國立高雄科技大學觀光管理系(通過); 國立勤益科技大學工業工程與管理系(通過)
CAND_0114,115,nutc_fin,國立臺中科技大學,財務金融系(商管群),國立臺中科技大學 財務金融系(商管群),59090130,何*,備取,國立臺北商業大學,國立臺北商業大學會計資訊系(臺北校區),其他學校錄取,4,"國立臺中科技大學財務金融系(通過); 國立雲林科技大學會計系(通過); 國立臺北商業大學會計資訊系(臺北校區)(備取,分發); 國立臺北商業大學國際商務系(臺北校區)(通過)"
CAND_0115,115,nutc_fin,國立臺中科技大學,財務金融系(商管群),國立臺中科技大學 財務金融系(商管群),59090210,徐*媗,備取,國立雲林科技大學,國立雲林科技大學財務金融系,其他學校錄取,3,"國立臺中科技大學財務金融系(通過); 國立雲林科技大學財務金融系(正取,分發); 國立彰化師範大學財務金融技術學系(通過)"
CAND_0116,115,nutc_fin,國立臺中科技大學,財務金融系(商管群),國立臺中科技大學 財務金融系(商管群),61090074,*詒,備取,國立臺北商業大學,國立臺北商業大學企業管理系(臺北校區),其他學校錄取,3,"國立臺中科技大學財務金融系(通過); 國立雲林科技大學會計系(備取); 國立臺北商業大學企業管理系(臺北校區)(備取,分發)"
CAND_0117,115,nutc_fin,國立臺中科技大學,財務金融系(商管群),國立臺中科技大學 財務金融系(商管群),61090085,鄒*,備取,—,—,未分發或放棄,2,國立臺中科技大學財務金融系(通過); 國立虎尾科技大學財務金融系(通過)
CAND_0118,115,nutc_fin,國立臺中科技大學,財務金融系(商管群),國立臺中科技大學 財務金融系(商管群),61090126,考生*,備取,—,—,未分發或放棄,3,國立臺中科技大學財務金融系(通過); 國立高雄科技大學財政稅務系(通過); 國立虎尾科技大學財務金融系(通過)
CAND_0119,115,nutc_fin,國立臺中科技大學,財務金融系(商管群),國立臺中科技大學 財務金融系(商管群),61090229,考生*,備取,—,—,未分發或放棄,2,國立臺中科技大學財務金融系(通過); 國立高雄科技大學金融系(通過)
CAND_0120,115,nutc_fin,國立臺中科技大學,財務金融系(商管群),國立臺中科技大學 財務金融系(商管群),61090234,楊*婕,備取,—,—,未分發或放棄,3,國立臺中科技大學財務金融系(通過); 國立高雄科技大學會計資訊系(通過); 國立虎尾科技大學工業管理系(通過)
CAND_0121,115,nutc_fin,國立臺中科技大學,財務金融系(商管群),國立臺中科技大學 財務金融系(商管群),61090341,*宇,備取,—,—,未分發或放棄,1,國立臺中科技大學財務金融系(通過)
CAND_0122,115,nutc_fin,國立臺中科技大學,財務金融系(商管群),國立臺中科技大學 財務金融系(商管群),61090425,張*晴,備取,—,—,未分發或放棄,2,國立臺中科技大學財務金融系(通過); 國立高雄科技大學會計資訊系(通過)
CAND_0123,115,nutc_fin,國立臺中科技大學,財務金融系(商管群),國立臺中科技大學 財務金融系(商管群),61090522,*婕,備取,國立高雄科技大學,國立高雄科技大學金融系,其他學校錄取,3,"國立臺中科技大學財務金融系(通過); 國立高雄科技大學金融系(備取,分發); 國立高雄科技大學金融資訊系(正取)"
CAND_0124,115,nutc_fin,國立臺中科技大學,財務金融系(商管群),國立臺中科技大學 財務金融系(商管群),61090533,林*臻,備取,國立彰化師範大學,國立彰化師範大學財務金融技術學系,其他學校錄取,2,"國立臺中科技大學財務金融系(通過); 國立彰化師範大學財務金融技術學系(正取,分發)"
CAND_0125,115,nutc_fin,國立臺中科技大學,財務金融系(商管群),國立臺中科技大學 財務金融系(商管群),61090537,*喬,備取,—,—,未分發或放棄,1,國立臺中科技大學財務金融系(通過)
CAND_0126,115,nutc_fin,國立臺中科技大學,財務金融系(商管群),國立臺中科技大學 財務金融系(商管群),61090741,考生*,備取,—,—,未分發或放棄,3,國立臺中科技大學財務金融系(通過); 逢甲大學經濟學系(通過); 逢甲大學財務金融學系(通過)
CAND_0127,115,nutc_fin,國立臺中科技大學,財務金融系(商管群),國立臺中科技大學 財務金融系(商管群),61090865,賴*力,備取,—,—,未分發或放棄,1,國立臺中科技大學財務金融系(通過)
CAND_0128,115,nutc_fin,國立臺中科技大學,財務金融系(商管群),國立臺中科技大學 財務金融系(商管群),61091033,李*,備取,國立臺北商業大學,國立臺北商業大學國際商務系(臺北校區),其他學校錄取,2,"國立臺中科技大學財務金融系(通過); 國立臺北商業大學國際商務系(臺北校區)(備取,分發)"
CAND_0129,115,nutc_fin,國立臺中科技大學,財務金融系(商管群),國立臺中科技大學 財務金融系(商管群),61091034,陳*女,備取,國立臺北科技大學,國立臺北科技大學經營管理系,其他學校錄取,5,"國立臺中科技大學財務金融系(通過); 國立雲林科技大學工業工程與管理系(正取); 國立雲林科技大學企業管理系(通過); 國立臺北科技大學經營管理系(正取,分發); 國立高雄科技大學工業工程與管理系(通過)"
CAND_0130,115,nutc_fin,國立臺中科技大學,財務金融系(商管群),國立臺中科技大學 財務金融系(商管群),61091049,江*瑜,備取,國立高雄科技大學,國立高雄科技大學金融系,其他學校錄取,3,"國立臺中科技大學財務金融系(通過); 國立高雄科技大學金融系(正取,分發); 國立高雄科技大學金融資訊系(通過)"
CAND_0131,115,nutc_fin,國立臺中科技大學,財務金融系(商管群),國立臺中科技大學 財務金融系(商管群),61091440,張*愷,備取,—,—,未分發或放棄,3,國立臺中科技大學財務金融系(通過); 國立雲林科技大學財務金融系(備取); 國立高雄科技大學財務管理系(通過)
CAND_0132,115,nutc_fin,國立臺中科技大學,財務金融系(商管群),國立臺中科技大學 財務金融系(商管群),63090222,林*,備取,—,—,未分發或放棄,2,國立臺中科技大學財務金融系(通過); 國立高雄科技大學金融系(通過)
CAND_0133,115,nutc_fin,國立臺中科技大學,財務金融系(商管群),國立臺中科技大學 財務金融系(商管群),63090402,林*瑄,備取,國立高雄科技大學,國立高雄科技大學會計資訊系,其他學校錄取,3,"國立臺中科技大學財務金融系(通過); 國立高雄科技大學會計資訊系(正取,分發); 國立勤益科技大學企業管理系(通過)"
CAND_0134,115,nutc_fin,國立臺中科技大學,財務金融系(商管群),國立臺中科技大學 財務金融系(商管群),64090065,賴*諭,備取,—,—,未分發或放棄,1,國立臺中科技大學財務金融系(通過)
CAND_0135,115,nutc_fin,國立臺中科技大學,財務金融系(商管群),國立臺中科技大學 財務金融系(商管群),64090089,徐*詒,備取,—,—,未分發或放棄,4,國立臺中科技大學財務金融系(通過); 國立高雄科技大學風險管理與保險系(通過); 國立高雄科技大學金融系(通過); 國立臺北商業大學商業設計管理系(桃園校區)(通過)
CAND_0136,115,nutc_fin,國立臺中科技大學,財務金融系(商管群),國立臺中科技大學 財務金融系(商管群),64090137,*欣,備取,—,—,未分發或放棄,2,國立臺中科技大學財務金融系(通過); 國立高雄科技大學財政稅務系(通過)
CAND_0137,115,nutc_fin,國立臺中科技大學,財務金融系(商管群),國立臺中科技大學 財務金融系(商管群),64090213,李*恩,備取,—,—,未分發或放棄,2,國立臺中科技大學財務金融系(通過); 國立高雄科技大學金融系(通過)
CAND_0138,115,nutc_fin,國立臺中科技大學,財務金融系(商管群),國立臺中科技大學 財務金融系(商管群),64090235,葉*真,備取,—,—,未分發或放棄,3,國立臺中科技大學財務金融系(通過); 國立高雄科技大學風險管理與保險系(通過); 國立高雄科技大學金融系(通過)
CAND_0139,115,nutc_fin,國立臺中科技大學,財務金融系(商管群),國立臺中科技大學 財務金融系(商管群),64090285,黄*棋,備取,—,—,未分發或放棄,1,國立臺中科技大學財務金融系(通過)
CAND_0140,115,nutc_fin,國立臺中科技大學,財務金融系(商管群),國立臺中科技大學 財務金融系(商管群),64090333,歐*柴,備取,—,—,未分發或放棄,3,國立臺中科技大學財務金融系(通過); 國立雲林科技大學會計系(備取); 國立高雄科技大學企業管理系(通過)
CAND_0141,115,nutc_fin,國立臺中科技大學,財務金融系(商管群),國立臺中科技大學 財務金融系(商管群),64090389,*致,備取,—,—,未分發或放棄,4,國立臺中科技大學財務金融系(通過); 國立雲林科技大學企業管理系(通過); 國立高雄科技大學金融系(備取); 國立高雄科技大學金融資訊系(通過)
CAND_0142,115,nutc_fin,國立臺中科技大學,財務金融系(商管群),國立臺中科技大學 財務金融系(商管群),64090417,*謙,備取,—,—,未分發或放棄,1,國立臺中科技大學財務金融系(通過)
CAND_0143,115,nutc_fin,國立臺中科技大學,財務金融系(商管群),國立臺中科技大學 財務金融系(商管群),64090443,*茹,備取,國立臺北商業大學,國立臺北商業大學財政稅務系(臺北校區),其他學校錄取,3,"國立臺中科技大學財務金融系(通過); 國立臺北商業大學財政稅務系(臺北校區)(正取,分發); 國立臺北商業大學國際商務系(臺北校區)(正取)"
CAND_0144,115,nutc_fin,國立臺中科技大學,財務金融系(商管群),國立臺中科技大學 財務金融系(商管群),64090472,*柔,備取,—,—,未分發或放棄,2,國立臺中科技大學財務金融系(通過); 國立高雄科技大學風險管理與保險系(通過)
CAND_0145,115,nutc_fin,國立臺中科技大學,財務金融系(商管群),國立臺中科技大學 財務金融系(商管群),64090477,張*,備取,—,—,未分發或放棄,4,國立臺中科技大學財務金融系(通過); 逢甲大學財稅學系(備取); 逢甲大學財務金融學系(備取); 逢甲大學風險管理與保險學系(通過)
CAND_0146,115,nutc_fin,國立臺中科技大學,財務金融系(商管群),國立臺中科技大學 財務金融系(商管群),64090491,陳*晴,備取,—,—,未分發或放棄,1,國立臺中科技大學財務金融系(通過)
CAND_0147,115,nutc_fin,國立臺中科技大學,財務金融系(商管群),國立臺中科技大學 財務金融系(商管群),64090502,*柔,備取,國立彰化師範大學,國立彰化師範大學財務金融技術學系,其他學校錄取,3,"國立臺中科技大學財務金融系(通過); 國立雲林科技大學企業管理系(通過); 國立彰化師範大學財務金融技術學系(備取,分發)"
CAND_0148,115,nutc_fin,國立臺中科技大學,財務金融系(商管群),國立臺中科技大學 財務金融系(商管群),64090509,陳*婷,備取,國立彰化師範大學,國立彰化師範大學財務金融技術學系,其他學校錄取,4,"國立臺中科技大學財務金融系(通過); 國立雲林科技大學財務金融系(正取); 國立雲林科技大學會計系(正取); 國立彰化師範大學財務金融技術學系(正取,分發)"
CAND_0149,115,nutc_fin,國立臺中科技大學,財務金融系(商管群),國立臺中科技大學 財務金融系(商管群),65090074,吳*穎,備取,—,—,未分發或放棄,1,國立臺中科技大學財務金融系(通過)
CAND_0150,115,nutc_fin,國立臺中科技大學,財務金融系(商管群),國立臺中科技大學 財務金融系(商管群),65090102,袁*棋,備取,國立雲林科技大學,國立雲林科技大學財務金融系,其他學校錄取,5,"國立臺中科技大學財務金融系(通過); 國立雲林科技大學資訊管理系(通過); 國立雲林科技大學財務金融系(正取,分發); 國立高雄科技大學財務管理系(正取); 國立虎尾科技大學財務金融系(通過)"
CAND_0151,115,nutc_fin,國立臺中科技大學,財務金融系(商管群),國立臺中科技大學 財務金融系(商管群),65090205,許*方,備取,—,—,未分發或放棄,1,國立臺中科技大學財務金融系(通過)
CAND_0152,115,nutc_fin,國立臺中科技大學,財務金融系(商管群),國立臺中科技大學 財務金融系(商管群),65090250,*媛,備取,—,—,未分發或放棄,2,國立臺中科技大學財務金融系(通過); 國立高雄科技大學金融資訊系(通過)
CAND_0153,115,nutc_fin,國立臺中科技大學,財務金融系(商管群),國立臺中科技大學 財務金融系(商管群),65090364,楊*,備取,國立雲林科技大學,國立雲林科技大學財務金融系,其他學校錄取,5,"國立臺中科技大學財務金融系(通過); 國立雲林科技大學工業工程與管理系(通過); 國立雲林科技大學財務金融系(正取,分發); 國立高雄科技大學金融系(正取); 國立高雄科技大學財務管理系(備取)"
CAND_0154,115,nutc_fin,國立臺中科技大學,財務金融系(商管群),國立臺中科技大學 財務金融系(商管群),67090200,李*佑,備取,—,—,未分發或放棄,4,國立臺中科技大學財務金融系(通過); 國立高雄科技大學金融系(通過); 國立高雄科技大學金融資訊系(通過); 國立虎尾科技大學財務金融系(通過)
CAND_0155,115,nutc_fin,國立臺中科技大學,財務金融系(商管群),國立臺中科技大學 財務金融系(商管群),67090202,江*,備取,國立高雄科技大學,國立高雄科技大學金融系,其他學校錄取,3,"國立臺中科技大學財務金融系(通過); 國立高雄科技大學運籌管理系(通過); 國立高雄科技大學金融系(備取,分發)"
CAND_0156,115,nutc_fin,國立臺中科技大學,財務金融系(商管群),國立臺中科技大學 財務金融系(商管群),67090331,簡*津,備取,—,—,未分發或放棄,2,國立臺中科技大學財務金融系(通過); 國立虎尾科技大學財務金融系(通過)
CAND_0157,115,nutc_fin,國立臺中科技大學,財務金融系(商管群),國立臺中科技大學 財務金融系(商管群),68090366,*芳,備取,國立高雄科技大學,國立高雄科技大學金融系,其他學校錄取,6,"國立臺中科技大學財務金融系(通過); 國立雲林科技大學企業管理系(通過); 國立高雄科技大學企業管理系(通過); 國立高雄科技大學風險管理與保險系(正取); 國立高雄科技大學金融系(正取,分發); 國立臺北商業大學國際商務系(臺北校區)(通過)"
CAND_0158,115,nutc_fin,國立臺中科技大學,財務金融系(商管群),國立臺中科技大學 財務金融系(商管群),68530019,考生*,備取,—,—,未分發或放棄,4,國立臺中科技大學財務金融系(通過); 國立高雄科技大學會計資訊系(通過); 國立虎尾科技大學工業管理系(通過); 國立勤益科技大學工業工程與管理系(通過)
CAND_0159,115,nutc_fin,國立臺中科技大學,財務金融系(商管群),國立臺中科技大學 財務金融系(商管群),69090013,林*,備取,—,—,未分發或放棄,2,國立臺中科技大學財務金融系(通過); 國立勤益科技大學工業工程與管理系(通過)
CAND_0160,115,nutc_fin,國立臺中科技大學,財務金融系(商管群),國立臺中科技大學 財務金融系(商管群),69090051,郭*威,備取,—,—,未分發或放棄,1,國立臺中科技大學財務金融系(通過)
CAND_0161,115,nutc_fin,國立臺中科技大學,財務金融系(商管群),國立臺中科技大學 財務金融系(商管群),69090063,吳*慈,備取,—,—,未分發或放棄,3,國立臺中科技大學財務金融系(通過); 國立高雄科技大學會計資訊系(通過); 國立虎尾科技大學財務金融系(通過)
CAND_0162,115,nutc_fin,國立臺中科技大學,財務金融系(商管群),國立臺中科技大學 財務金融系(商管群),70090049,黄*哈,備取,國立高雄科技大學,國立高雄科技大學會計資訊系,其他學校錄取,3,"國立臺中科技大學財務金融系(通過); 國立雲林科技大學會計系(備取); 國立高雄科技大學會計資訊系(正取,分發)"
CAND_0163,115,nutc_fin,國立臺中科技大學,財務金融系(商管群),國立臺中科技大學 財務金融系(商管群),70090065,李*廷,備取,國立高雄科技大學,國立高雄科技大學財務管理系,其他學校錄取,3,"國立臺中科技大學財務金融系(通過); 國立雲林科技大學財務金融系(通過); 國立高雄科技大學財務管理系(備取,分發)"
CAND_0164,115,nutc_fin,國立臺中科技大學,財務金融系(商管群),國立臺中科技大學 財務金融系(商管群),70090069,陳*蓉,備取,—,—,未分發或放棄,4,國立臺中科技大學財務金融系(通過); 國立雲林科技大學財務金融系(通過); 國立高雄科技大學財務管理系(通過); 國立虎尾科技大學財務金融系(通過)
CAND_0165,115,nutc_fin,國立臺中科技大學,財務金融系(商管群),國立臺中科技大學 財務金融系(商管群),70090081,*伶,備取,—,—,未分發或放棄,2,國立臺中科技大學財務金融系(通過); 國立高雄科技大學資訊管理系(通過)
CAND_0166,115,nutc_fin,國立臺中科技大學,財務金融系(商管群),國立臺中科技大學 財務金融系(商管群),70090614,鄭*澄,備取,國立高雄科技大學,國立高雄科技大學財務管理系,其他學校錄取,3,"國立臺中科技大學財務金融系(通過); 國立高雄科技大學行銷與流通管理系(通過); 國立高雄科技大學財務管理系(備取,分發)"
CAND_0167,115,nutc_fin,國立臺中科技大學,財務金融系(商管群),國立臺中科技大學 財務金融系(商管群),70090627,李*昀,備取,國立高雄科技大學,國立高雄科技大學運籌管理系,其他學校錄取,5,"國立臺中科技大學財務金融系(通過); 國立高雄科技大學運籌管理系(正取,分發); 國立高雄科技大學金融系(正取); 國立高雄科技大學財務管理系(正取); 國立虎尾科技大學資訊管理系(通過)"
CAND_0168,115,nutc_fin,國立臺中科技大學,財務金融系(商管群),國立臺中科技大學 財務金融系(商管群),70090629,張*喬,備取,國立高雄科技大學,國立高雄科技大學工業工程與管理系,其他學校錄取,3,"國立臺中科技大學財務金融系(通過); 國立高雄科技大學工業工程與管理系(備取,分發); 國立屏東大學資訊管理學系(通過)"
CAND_0169,115,nutc_fin,國立臺中科技大學,財務金融系(商管群),國立臺中科技大學 財務金融系(商管群),70090674,陳*姍,備取,國立雲林科技大學,國立雲林科技大學企業管理系,其他學校錄取,5,"國立臺中科技大學財務金融系(通過); 國立雲林科技大學企業管理系(正取,分發); 國立高雄科技大學風險管理與保險系(通過); 國立高雄科技大學金融系(通過); 國立高雄科技大學財務管理系(正取)"
CAND_0170,115,nutc_fin,國立臺中科技大學,財務金融系(商管群),國立臺中科技大學 財務金融系(商管群),70090716,李*瑄,備取,國立高雄科技大學,國立高雄科技大學金融系,其他學校錄取,3,"國立臺中科技大學財務金融系(通過); 國立高雄科技大學金融系(正取,分發); 國立屏東大學財務金融學系(通過)"
CAND_0171,115,nutc_fin,國立臺中科技大學,財務金融系(商管群),國立臺中科技大學 財務金融系(商管群),70090759,林*宇,備取,—,—,未分發或放棄,3,國立臺中科技大學財務金融系(通過); 國立雲林科技大學財務金融系(通過); 國立彰化師範大學財務金融技術學系(備取)
CAND_0172,115,nutc_fin,國立臺中科技大學,財務金融系(商管群),國立臺中科技大學 財務金融系(商管群),70090791,易*賢,備取,—,—,未分發或放棄,1,國立臺中科技大學財務金融系(通過)
CAND_0173,115,nutc_fin,國立臺中科技大學,財務金融系(商管群),國立臺中科技大學 財務金融系(商管群),70090812,考生*,備取,—,—,未分發或放棄,4,國立臺中科技大學財務金融系(通過); 國立雲林科技大學會計系(通過); 國立高雄科技大學財務管理系(通過); 國立高雄科技大學會計資訊系(通過)
CAND_0174,115,nutc_fin,國立臺中科技大學,財務金融系(商管群),國立臺中科技大學 財務金融系(商管群),70090830,陳*哈,備取,國立臺北商業大學,國立臺北商業大學財政稅務系(臺北校區),其他學校錄取,4,"國立臺中科技大學財務金融系(通過); 國立屏東科技大學企業管理系(通過); 國立高雄科技大學會計資訊系(備取); 國立臺北商業大學財政稅務系(臺北校區)(備取,分發)"
CAND_0175,115,nutc_fin,國立臺中科技大學,財務金融系(商管群),國立臺中科技大學 財務金融系(商管群),70090869,F*,備取,國立高雄科技大學,國立高雄科技大學金融系,其他學校錄取,4,"國立臺中科技大學財務金融系(通過); 國立高雄科技大學金融系(備取,分發); 國立高雄科技大學金融資訊系(正取); 國立高雄科技大學財政稅務系(備取)"
CAND_0176,115,nutc_fin,國立臺中科技大學,財務金融系(商管群),國立臺中科技大學 財務金融系(商管群),71090072,*恩,備取,—,—,未分發或放棄,3,國立臺中科技大學財務金融系(通過); 國立高雄科技大學金融資訊系(通過); 國立臺北商業大學企業管理系(臺北校區)(通過)
CAND_0177,115,nutc_fin,國立臺中科技大學,財務金融系(商管群),國立臺中科技大學 財務金融系(商管群),74090075,馮*,備取,國立臺北商業大學,國立臺北商業大學財政稅務系(臺北校區),其他學校錄取,3,"國立臺中科技大學財務金融系(通過); 國立臺北商業大學財政稅務系(臺北校區)(備取,分發); 德明財經科技大學財務金融系(通過)"
CAND_0178,115,nutc_fin,國立臺中科技大學,財務金融系(商管群),國立臺中科技大學 財務金融系(商管群),76090024,*媗,備取,國立雲林科技大學,國立雲林科技大學企業管理系,其他學校錄取,6,"國立臺中科技大學財務金融系(通過); 國立雲林科技大學企業管理系(正取,分發); 國立屏東科技大學企業管理系(備取); 國立高雄科技大學國際企業系(備取); 國立高雄科技大學企業管理系(通過); 國立臺北商業大學企業管理系(臺北校區)(通過)"
CAND_0179,115,nutc_fin,國立臺中科技大學,財務金融系(商管群),國立臺中科技大學 財務金融系(商管群),76090041,陳*汝,備取,國立雲林科技大學,國立雲林科技大學財務金融系,其他學校錄取,5,"國立臺中科技大學財務金融系(通過); 國立雲林科技大學財務金融系(備取,分發); 國立高雄科技大學財務管理系(通過); 國立臺北商業大學財務金融系(臺北校區)(備取); 國立臺北商業大學財政稅務系(臺北校區)(備取)"
CAND_0180,115,nutc_fin,國立臺中科技大學,財務金融系(商管群),國立臺中科技大學 財務金融系(商管群),76090047,李*蓉,備取,國立臺北科技大學,國立臺北科技大學工業工程與管理系,其他學校錄取,6,"國立臺中科技大學財務金融系(通過); 國立雲林科技大學財務金融系(正取); 國立臺北科技大學工業工程與管理系(正取,分發); 國立臺北商業大學會計資訊系(臺北校區)(備取); 國立臺北商業大學財務金融系(臺北校區)(備取); 國立臺北商業大學財政稅務系(臺北校區)(備取)"
CAND_0181,115,nutc_fin,國立臺中科技大學,財務金融系(商管群),國立臺中科技大學 財務金融系(商管群),76090058,吳*臻,備取,國立臺北商業大學,國立臺北商業大學財政稅務系(臺北校區),其他學校錄取,6,"國立臺中科技大學財務金融系(通過); 國立雲林科技大學財務金融系(通過); 國立臺北科技大學經營管理系(通過); 國立高雄科技大學財務管理系(通過); 國立臺北商業大學財務金融系(臺北校區)(備取); 國立臺北商業大學財政稅務系(臺北校區)(備取,分發)"
CAND_0182,115,nutc_fin,國立臺中科技大學,財務金融系(商管群),國立臺中科技大學 財務金融系(商管群),77090004,*宇,備取,—,—,未分發或放棄,3,國立臺中科技大學財務金融系(通過); 國立臺北商業大學財務金融系(臺北校區)(通過); 國立臺北商業大學企業管理系(臺北校區)(通過)
CAND_0183,115,nutc_fin,國立臺中科技大學,財務金融系(商管群),國立臺中科技大學 財務金融系(商管群),77090006,盧*融,備取,國立臺北商業大學,國立臺北商業大學企業管理系(臺北校區),其他學校錄取,6,"國立臺中科技大學財務金融系(通過); 國立臺北科技大學經營管理系(備取); 國立臺北商業大學財政稅務系(臺北校區)(備取); 國立臺北商業大學企業管理系(臺北校區)(備取,分發); 國立彰化師範大學財務金融技術學系(通過); 國立金門大學企業管理學系(通過)"
CAND_0184,115,nutc_fin,國立臺中科技大學,財務金融系(商管群),國立臺中科技大學 財務金融系(商管群),77090010,邱*哈,備取,國立臺北科技大學,國立臺北科技大學經營管理系,其他學校錄取,6,"國立臺中科技大學財務金融系(通過); 國立臺北科技大學經營管理系(備取,分發); 國立臺北商業大學財務金融系(臺北校區)(備取); 國立臺北商業大學財政稅務系(臺北校區)(備取); 國立臺北商業大學企業管理系(臺北校區)(正取); 國立彰化師範大學財務金融技術學系(通過)"
CAND_0185,115,nutc_fin,國立臺中科技大學,財務金融系(商管群),國立臺中科技大學 財務金融系(商管群),77090019,許*女,備取,國立臺北商業大學,國立臺北商業大學企業管理系(臺北校區),其他學校錄取,4,"國立臺中科技大學財務金融系(通過); 國立臺北商業大學財務金融系(臺北校區)(備取); 國立臺北商業大學企業管理系(臺北校區)(備取,分發); 國立金門大學企業管理學系(正取)"
CAND_0186,115,nutc_fin,國立臺中科技大學,財務金融系(商管群),國立臺中科技大學 財務金融系(商管群),78090010,陳*毅,備取,國立臺北商業大學,國立臺北商業大學國際商務系(臺北校區),其他學校錄取,5,"國立臺中科技大學財務金融系(通過); 國立雲林科技大學企業管理系(備取); 國立臺北商業大學國際商務系(臺北校區)(備取,分發); 國立臺北商業大學企業管理系(臺北校區)(備取); 國立臺北商業大學資訊管理系(臺北校區)(備取)"
CAND_0187,115,nutc_fin,國立臺中科技大學,財務金融系(商管群),國立臺中科技大學 財務金融系(商管群),78090014,楊*毅,備取,國立臺北商業大學,國立臺北商業大學企業管理系(臺北校區),其他學校錄取,6,"國立臺中科技大學財務金融系(通過); 國立雲林科技大學企業管理系(正取); 國立臺北科技大學經營管理系(備取); 國立臺北商業大學財務金融系(臺北校區)(備取); 國立臺北商業大學企業管理系(臺北校區)(備取,分發); 國立臺北商業大學資訊管理系(臺北校區)(備取)"
CAND_0188,115,nutc_fin,國立臺中科技大學,財務金融系(商管群),國立臺中科技大學 財務金融系(商管群),78090019,陳*,備取,致理科技大學,致理科技大學財務金融系,其他學校錄取,6,"國立臺中科技大學財務金融系(通過); 國立雲林科技大學企業管理系(備取); 國立臺北商業大學企業管理系(臺北校區)(備取); 朝陽科技大學財務金融系(正取); 嶺東科技大學財務金融系財務金融組(正取); 致理科技大學財務金融系(正取,分發)"
CAND_0189,115,nutc_fin,國立臺中科技大學,財務金融系(英語類),國立臺中科技大學 財務金融系(英語類),65150042,徐*婕,備取,—,—,未分發或放棄,1,國立臺中科技大學財務金融系(通過)
CAND_0190,115,nutc_fin,國立臺中科技大學,財務金融系(英語類),國立臺中科技大學 財務金融系(英語類),68150066,考生*,備取,國立臺北商業大學,國立臺北商業大學國際商務系(臺北校區),其他學校錄取,4,"國立臺中科技大學財務金融系(通過); 國立臺北護理健康大學運動保健系(通過); 國立臺北商業大學國際商務系(臺北校區)(備取,分發); 國立臺北商業大學應用外語系(臺北校區)(通過)"
CAND_0191,115,nutc_fin,國立臺中科技大學,財務金融系(英語類),國立臺中科技大學 財務金融系(英語類),68530021,李*齊,備取,—,—,未分發或放棄,1,國立臺中科技大學財務金融系(通過)
CAND_0192,115,nutc_fin,國立臺中科技大學,財務金融系(資管類),國立臺中科技大學 財務金融系(資管類),57090713,管*妮,備取,—,—,未分發或放棄,6,國立臺中科技大學財務金融系(通過); 國立雲林科技大學企業管理系(通過); 國立雲林科技大學財務金融系(通過); 國立虎尾科技大學企業管理系(通過); 國立虎尾科技大學財務金融系(通過); 國立勤益科技大學企業管理系(通過)
CAND_0193,115,nutc_fin,國立臺中科技大學,財務金融系(資管類),國立臺中科技大學 財務金融系(資管類),61090594,*弘,備取,—,—,未分發或放棄,1,國立臺中科技大學財務金融系(通過)
CAND_0194,115,nutc_fin,國立臺中科技大學,財務金融系(資管類),國立臺中科技大學 財務金融系(資管類),68530010,楊*愷,備取,國立高雄科技大學,國立高雄科技大學資訊管理系,其他學校錄取,4,"國立臺中科技大學財務金融系(通過); 國立雲林科技大學資訊管理系(備取); 國立高雄科技大學資訊管理系(正取,分發); 國立虎尾科技大學財務金融系(通過)"
CAND_0195,114,nutc_fin,國立臺中科技大學,財務金融系(商管群),國立臺中科技大學 財務金融系(商管群),55090201,張*永,正取,國立臺北科技大學,國立臺北科技大學經營管理系,其他學校錄取,2,"國立臺中科技大學財務金融系(正取); 國立臺北科技大學經營管理系(備取,分發)"
CAND_0196,114,nutc_fin,國立臺中科技大學,財務金融系(商管群),國立臺中科技大學 財務金融系(商管群),61090383,*璇,正取,國立雲林科技大學,國立雲林科技大學財務金融系,其他學校錄取,4,"國立臺中科技大學財務金融系(正取); 國立雲林科技大學財務金融系(正取,分發); 國立高雄科技大學財務管理系(正取); 國立虎尾科技大學財務金融系(正取)"
CAND_0197,114,nutc_fin,國立臺中科技大學,財務金融系(商管群),國立臺中科技大學 財務金融系(商管群),57090187,宋*,正取,國立臺中科技大學,國立臺中科技大學財務金融系,原校系/本校留任,1,"國立臺中科技大學財務金融系(正取,分發)"
CAND_0198,114,nutc_fin,國立臺中科技大學,財務金融系(商管群),國立臺中科技大學 財務金融系(商管群),57090189,考生*,正取,國立臺北商業大學,國立臺北商業大學企業管理系(臺北校區),其他學校錄取,6,"國立臺中科技大學財務金融系(正取); 國立雲林科技大學工業工程與管理系(通過); 國立雲林科技大學資訊管理系(備取); 國立高雄科技大學金融系(通過); 國立高雄科技大學金融資訊系(通過); 國立臺北商業大學企業管理系(臺北校區)(正取,分發)"
CAND_0199,114,nutc_fin,國立臺中科技大學,財務金融系(商管群),國立臺中科技大學 財務金融系(商管群),58090084,維*女,正取,—,—,未分發或放棄,2,國立臺中科技大學財務金融系(正取); 國立高雄科技大學財務管理系(正取)
CAND_0200,114,nutc_fin,國立臺中科技大學,財務金融系(商管群),國立臺中科技大學 財務金融系(商管群),68090133,陳*婕,正取,國立雲林科技大學,國立雲林科技大學會計系,其他學校錄取,3,"國立臺中科技大學財務金融系(正取); 國立雲林科技大學會計系(備取,分發); 國立高雄科技大學會計資訊系(正取)"
CAND_0201,114,nutc_fin,國立臺中科技大學,財務金融系(商管群),國立臺中科技大學 財務金融系(商管群),61090815,維*熒,正取,國立雲林科技大學,國立雲林科技大學會計系,其他學校錄取,6,"國立臺中科技大學財務金融系(正取); 國立雲林科技大學財務金融系(正取); 國立雲林科技大學會計系(正取,分發); 國立高雄科技大學會計資訊系(正取); 國立虎尾科技大學財務金融系(正取); 國立臺北商業大學財政稅務系(臺北校區)(正取)"
CAND_0202,114,nutc_fin,國立臺中科技大學,財務金融系(商管群),國立臺中科技大學 財務金融系(商管群),67090194,李*,正取,國立高雄科技大學,國立高雄科技大學金融系,其他學校錄取,4,"國立臺中科技大學財務金融系(正取); 國立高雄科技大學資訊管理系(正取); 國立高雄科技大學金融系(正取,分發); 國立高雄科技大學財務管理系(正取)"
CAND_0203,114,nutc_fin,國立臺中科技大學,財務金融系(商管群),國立臺中科技大學 財務金融系(商管群),57090850,陳*慈,正取,國立臺中科技大學,國立臺中科技大學財務金融系,原校系/本校留任,4,"國立臺中科技大學財務金融系(正取,分發); 國立屏東科技大學財務金融國際學士學位學程(通過); 國立虎尾科技大學財務金融系(通過); 國立臺北護理健康大學高齡健康照護系(通過)"
CAND_0204,114,nutc_fin,國立臺中科技大學,財務金融系(商管群),國立臺中科技大學 財務金融系(商管群),68090362,歐*亞,正取,國立雲林科技大學,國立雲林科技大學會計系,其他學校錄取,5,"國立臺中科技大學財務金融系(正取); 國立雲林科技大學會計系(正取,分發); 國立高雄科技大學金融系(正取); 國立高雄科技大學財政稅務系(通過); 國立臺北商業大學財政稅務系(臺北校區)(備取)"
CAND_0205,114,nutc_fin,國立臺中科技大學,財務金融系(商管群),國立臺中科技大學 財務金融系(商管群),57090345,宋*妮,正取,國立臺中科技大學,國立臺中科技大學財務金融系,原校系/本校留任,1,"國立臺中科技大學財務金融系(正取,分發)"
CAND_0206,114,nutc_fin,國立臺中科技大學,財務金融系(商管群),國立臺中科技大學 財務金融系(商管群),64090115,黄*,正取,國立臺中科技大學,國立臺中科技大學財務金融系,原校系/本校留任,6,"國立臺中科技大學財務金融系(正取,分發); 國立雲林科技大學財務金融系(備取); 國立高雄科技大學資訊管理系(通過); 國立高雄科技大學運籌管理系(通過); 國立高雄科技大學財務管理系(正取); 國立臺北商業大學企業管理系(臺北校區)(正取)"
CAND_0207,114,nutc_fin,國立臺中科技大學,財務金融系(商管群),國立臺中科技大學 財務金融系(商管群),61090733,考生*,正取,—,—,未分發或放棄,1,國立臺中科技大學財務金融系(正取)
CAND_0208,114,nutc_fin,國立臺中科技大學,財務金融系(商管群),國立臺中科技大學 財務金融系(商管群),57090933,林*丞,正取,國立臺中科技大學,國立臺中科技大學財務金融系,原校系/本校留任,2,"國立臺中科技大學財務金融系(正取,分發); 國立宜蘭大學應用經濟與管理學系(通過)"
CAND_0209,114,nutc_fin,國立臺中科技大學,財務金融系(商管群),國立臺中科技大學 財務金融系(商管群),61090473,黄*筑,正取,國立雲林科技大學,國立雲林科技大學企業管理系,其他學校錄取,3,"國立臺中科技大學財務金融系(正取); 國立雲林科技大學企業管理系(備取,分發); 國立高雄科技大學金融系(通過)"
CAND_0210,114,nutc_fin,國立臺中科技大學,財務金融系(商管群),國立臺中科技大學 財務金融系(商管群),57090145,邱*瑜,正取,國立臺中科技大學,國立臺中科技大學財務金融系,原校系/本校留任,1,"國立臺中科技大學財務金融系(正取,分發)"
CAND_0211,114,nutc_fin,國立臺中科技大學,財務金融系(商管群),國立臺中科技大學 財務金融系(商管群),61090679,李*妍,正取,國立高雄科技大學,國立高雄科技大學財務管理系,其他學校錄取,5,"國立臺中科技大學財務金融系(正取); 國立高雄科技大學風險管理與保險系(通過); 國立高雄科技大學財務管理系(正取,分發); 國立虎尾科技大學工業管理系(通過); 國立虎尾科技大學財務金融系(正取)"
CAND_0212,114,nutc_fin,國立臺中科技大學,財務金融系(商管群),國立臺中科技大學 財務金融系(商管群),61091383,考生*,正取,國立臺中科技大學,國立臺中科技大學財務金融系,原校系/本校留任,2,"國立臺中科技大學財務金融系(正取,分發); 逢甲大學財務金融學系(通過)"
CAND_0213,114,nutc_fin,國立臺中科技大學,財務金融系(商管群),國立臺中科技大學 財務金融系(商管群),70090477,陳*女,正取,國立高雄科技大學,國立高雄科技大學工業工程與管理系,其他學校錄取,3,"國立臺中科技大學財務金融系(正取); 國立高雄科技大學工業工程與管理系(備取,分發); 國立高雄科技大學金融資訊系(備取)"
CAND_0214,114,nutc_fin,國立臺中科技大學,財務金融系(商管群),國立臺中科技大學 財務金融系(商管群),69090050,李*祐,正取,國立高雄科技大學,國立高雄科技大學資訊管理系,其他學校錄取,2,"國立臺中科技大學財務金融系(正取); 國立高雄科技大學資訊管理系(備取,分發)"
CAND_0215,114,nutc_fin,國立臺中科技大學,財務金融系(商管群),國立臺中科技大學 財務金融系(商管群),64090076,梁*娟,正取,國立臺中科技大學,國立臺中科技大學財務金融系,原校系/本校留任,3,"國立臺中科技大學財務金融系(正取,分發); 國立雲林科技大學工業工程與管理系(通過); 亞洲大學心理學系(通過)"
CAND_0216,114,nutc_fin,國立臺中科技大學,財務金融系(商管群),國立臺中科技大學 財務金融系(商管群),59090213,夏*,正取,國立雲林科技大學,國立雲林科技大學會計系,其他學校錄取,3,"國立臺中科技大學財務金融系(正取); 國立雲林科技大學會計系(備取,分發); 國立高雄科技大學資訊管理系(通過)"
CAND_0217,114,nutc_fin,國立臺中科技大學,財務金融系(商管群),國立臺中科技大學 財務金融系(商管群),64090320,謝*恩,正取,國立臺中科技大學,國立臺中科技大學財務金融系,原校系/本校留任,4,"國立臺中科技大學財務金融系(正取,分發); 國立虎尾科技大學財務金融系(通過); 朝陽科技大學財務金融系(通過); 嶺東科技大學財務金融系(通過)"
CAND_0218,114,nutc_fin,國立臺中科技大學,財務金融系(商管群),國立臺中科技大學 財務金融系(商管群),55090398,吳*,正取,國立臺中科技大學,國立臺中科技大學財務金融系,原校系/本校留任,5,"國立臺中科技大學財務金融系(正取,分發); 國立高雄科技大學會計資訊系(通過); 國立高雄科技大學金融資訊系(通過); 銘傳大學會計學系(台北校區)(通過); 實踐大學財務金融學系(臺北校區)(通過)"
CAND_0219,114,nutc_fin,國立臺中科技大學,財務金融系(商管群),國立臺中科技大學 財務金融系(商管群),61090801,黄*妤,正取,國立雲林科技大學,國立雲林科技大學企業管理系,其他學校錄取,4,"國立臺中科技大學財務金融系(正取); 國立雲林科技大學企業管理系(備取,分發); 國立高雄科技大學金融系(正取); 國立高雄科技大學航運管理系(通過)"
CAND_0220,114,nutc_fin,國立臺中科技大學,財務金融系(商管群),國立臺中科技大學 財務金融系(商管群),68090101,許*莉,正取,國立高雄科技大學,國立高雄科技大學金融資訊系,其他學校錄取,3,"國立臺中科技大學財務金融系(正取); 國立高雄科技大學資訊管理系(正取); 國立高雄科技大學金融資訊系(正取,分發)"
CAND_0221,114,nutc_fin,國立臺中科技大學,財務金融系(商管群),國立臺中科技大學 財務金融系(商管群),59090048,宋*,正取,國立臺中科技大學,國立臺中科技大學財務金融系,原校系/本校留任,1,"國立臺中科技大學財務金融系(正取,分發)"
CAND_0222,114,nutc_fin,國立臺中科技大學,財務金融系(商管群),國立臺中科技大學 財務金融系(商管群),67090262,吳*樹,正取,國立高雄科技大學,國立高雄科技大學金融資訊系,其他學校錄取,4,"國立臺中科技大學財務金融系(正取); 國立雲林科技大學會計系(通過); 國立高雄科技大學會計資訊系(正取); 國立高雄科技大學金融資訊系(正取,分發)"
CAND_0223,114,nutc_fin,國立臺中科技大學,財務金融系(商管群),國立臺中科技大學 財務金融系(商管群),67090019,李*珠,正取,國立臺中科技大學,國立臺中科技大學財務金融系,原校系/本校留任,2,"國立臺中科技大學財務金融系(正取,分發); 國立虎尾科技大學財務金融系(通過)"
CAND_0224,114,nutc_fin,國立臺中科技大學,財務金融系(商管群),國立臺中科技大學 財務金融系(商管群),59090013,徐*庭,正取,國立臺北商業大學,國立臺北商業大學國際商務系(臺北校區),其他學校錄取,4,"國立臺中科技大學財務金融系(正取); 國立雲林科技大學國際管理學士學位學程(正取); 國立臺北護理健康大學生死與健康心理諮商系(通過); 國立臺北商業大學國際商務系(臺北校區)(正取,分發)"
CAND_0225,114,nutc_fin,國立臺中科技大學,財務金融系(商管群),國立臺中科技大學 財務金融系(商管群),61090803,考生*,正取,國立臺中科技大學,國立臺中科技大學財務金融系,原校系/本校留任,2,"國立臺中科技大學財務金融系(正取,分發); 國立雲林科技大學會計系(備取)"
CAND_0226,114,nutc_fin,國立臺中科技大學,財務金融系(商管群),國立臺中科技大學 財務金融系(商管群),70090509,嚴*筑,正取,國立高雄科技大學,國立高雄科技大學金融資訊系,其他學校錄取,2,"國立臺中科技大學財務金融系(正取); 國立高雄科技大學金融資訊系(備取,分發)"
CAND_0227,114,nutc_fin,國立臺中科技大學,財務金融系(商管群),國立臺中科技大學 財務金融系(商管群),61090503,徐*,正取,國立雲林科技大學,國立雲林科技大學財務金融系,其他學校錄取,4,"國立臺中科技大學財務金融系(正取); 國立雲林科技大學財務金融系(備取,分發); 國立高雄科技大學財務管理系(備取); 國立臺北商業大學企業管理系(臺北校區)(備取)"
CAND_0228,114,nutc_fin,國立臺中科技大學,財務金融系(商管群),國立臺中科技大學 財務金融系(商管群),57090765,簡*洋,正取,國立臺中科技大學,國立臺中科技大學財務金融系,原校系/本校留任,2,"國立臺中科技大學財務金融系(正取,分發); 國立高雄科技大學資訊管理系(通過)"
CAND_0229,114,nutc_fin,國立臺中科技大學,財務金融系(商管群),國立臺中科技大學 財務金融系(商管群),51090259,余*潔,正取,國立臺中科技大學,國立臺中科技大學財務金融系,原校系/本校留任,1,"國立臺中科技大學財務金融系(正取,分發)"
CAND_0230,114,nutc_fin,國立臺中科技大學,財務金融系(商管群),國立臺中科技大學 財務金融系(商管群),59090162,黄*,正取,國立高雄科技大學,國立高雄科技大學財務管理系,其他學校錄取,2,"國立臺中科技大學財務金融系(正取); 國立高雄科技大學財務管理系(正取,分發)"
CAND_0231,114,nutc_fin,國立臺中科技大學,財務金融系(商管群),國立臺中科技大學 財務金融系(商管群),64090390,陳*菁,正取,國立彰化師範大學,國立彰化師範大學財務金融技術學系,其他學校錄取,2,"國立臺中科技大學財務金融系(正取); 國立彰化師範大學財務金融技術學系(備取,分發)"
CAND_0232,114,nutc_fin,國立臺中科技大學,財務金融系(商管群),國立臺中科技大學 財務金融系(商管群),61090497,張*晴,正取,國立臺中科技大學,國立臺中科技大學財務金融系,原校系/本校留任,2,"國立臺中科技大學財務金融系(正取,分發); 國立雲林科技大學工業工程與管理系(通過)"
CAND_0233,114,nutc_fin,國立臺中科技大學,財務金融系(商管群),國立臺中科技大學 財務金融系(商管群),61091003,*臻,正取,國立雲林科技大學,國立雲林科技大學企業管理系,其他學校錄取,4,"國立臺中科技大學財務金融系(正取); 國立雲林科技大學企業管理系(備取,分發); 國立高雄科技大學金融系(備取); 國立高雄科技大學金融資訊系(通過)"
CAND_0234,114,nutc_fin,國立臺中科技大學,財務金融系(商管群),國立臺中科技大學 財務金融系(商管群),56090193,*毫,正取,國立臺中科技大學,國立臺中科技大學財務金融系,原校系/本校留任,4,"國立臺中科技大學財務金融系(正取,分發); 國立高雄科技大學會計資訊系(通過); 國立高雄科技大學應用日語系(通過); 國立臺北商業大學國際商務系(臺北校區)(備取)"
CAND_0235,114,nutc_fin,國立臺中科技大學,財務金融系(商管群),國立臺中科技大學 財務金融系(商管群),61090945,邱*琪,正取,國立彰化師範大學,國立彰化師範大學財務金融技術學系,其他學校錄取,5,"國立臺中科技大學財務金融系(正取); 國立雲林科技大學會計系(通過); 國立高雄科技大學會計資訊系(通過); 國立臺北商業大學會計資訊系(臺北校區)(備取); 國立彰化師範大學財務金融技術學系(正取,分發)"
CAND_0236,114,nutc_fin,國立臺中科技大學,財務金融系(商管群),國立臺中科技大學 財務金融系(商管群),66090462,許*誠,正取,國立虎尾科技大學,國立虎尾科技大學財務金融系,其他學校錄取,3,"國立臺中科技大學財務金融系(正取); 國立虎尾科技大學財務金融系(正取,分發); 國立勤益科技大學企業管理系(通過)"
CAND_0237,114,nutc_fin,國立臺中科技大學,財務金融系(商管群),國立臺中科技大學 財務金融系(商管群),51090251,郭*金,正取,國立臺中科技大學,國立臺中科技大學財務金融系,原校系/本校留任,2,"國立臺中科技大學財務金融系(正取,分發); 國立臺北護理健康大學健康事業管理系(通過)"
CAND_0238,114,nutc_fin,國立臺中科技大學,財務金融系(商管群),國立臺中科技大學 財務金融系(商管群),61090296,陳*永,正取,國立臺中科技大學,國立臺中科技大學財務金融系,原校系/本校留任,2,"國立臺中科技大學財務金融系(正取,分發); 逢甲大學會計學系(正取)"
CAND_0239,114,nutc_fin,國立臺中科技大學,財務金融系(商管群),國立臺中科技大學 財務金融系(商管群),68090194,*淇,正取,國立臺中科技大學,國立臺中科技大學財務金融系,原校系/本校留任,2,"國立臺中科技大學財務金融系(正取,分發); 國立高雄科技大學行銷與流通管理系(通過)"
CAND_0240,114,nutc_fin,國立臺中科技大學,財務金融系(商管群),國立臺中科技大學 財務金融系(商管群),57090714,陳*,正取,國立臺中科技大學,國立臺中科技大學財務金融系,原校系/本校留任,3,"國立臺中科技大學財務金融系(正取,分發); 國立臺灣科技大學企業管理系(通過); 國立勤益科技大學企業管理系(正取)"
CAND_0241,114,nutc_fin,國立臺中科技大學,財務金融系(商管群),國立臺中科技大學 財務金融系(商管群),75090115,侯*,正取,國立臺中科技大學,國立臺中科技大學財務金融系,原校系/本校留任,3,"國立臺中科技大學財務金融系(正取,分發); 國立高雄科技大學財務管理系(正取); 國立勤益科技大學行銷與流通管理系(通過)"
CAND_0242,114,nutc_fin,國立臺中科技大學,財務金融系(商管群),國立臺中科技大學 財務金融系(商管群),76090048,李*訓,正取,國立臺北商業大學,國立臺北商業大學財務金融系(臺北校區),其他學校錄取,6,"國立臺中科技大學財務金融系(正取); 國立雲林科技大學財務金融系(正取); 國立屏東科技大學企業管理系(通過); 國立臺北科技大學資訊與財金管理系(通過); 國立高雄科技大學金融資訊系(正取); 國立臺北商業大學財務金融系(臺北校區)(正取,分發)"
CAND_0243,114,nutc_fin,國立臺中科技大學,財務金融系(商管群),國立臺中科技大學 財務金融系(商管群),77090012,*元,正取,國立臺北商業大學,國立臺北商業大學財務金融系(臺北校區),其他學校錄取,3,"國立臺中科技大學財務金融系(正取); 國立雲林科技大學財務金融系(正取); 國立臺北商業大學財務金融系(臺北校區)(正取,分發)"
CAND_0244,114,nutc_fin,國立臺中科技大學,財務金融系(商管群),國立臺中科技大學 財務金融系(商管群),78090017,*廷,正取,國立臺北科技大學,國立臺北科技大學工業工程與管理系,其他學校錄取,6,"國立臺中科技大學財務金融系(正取); 國立臺灣科技大學資訊管理系(通過); 國立雲林科技大學財務金融系(通過); 國立臺北科技大學工業工程與管理系(正取,分發); 國立臺北商業大學資訊管理系(臺北校區)(正取); 國立臺灣海洋大學航運管理學系(正取)"
CAND_0245,114,nutc_fin,國立臺中科技大學,財務金融系(商管群),國立臺中科技大學 財務金融系(商管群),68090134,鄒*琦,正取,國立臺中科技大學,國立臺中科技大學財務金融系,原校系/本校留任,4,"國立臺中科技大學財務金融系(正取,分發); 國立高雄科技大學金融系(通過); 國立高雄科技大學財政稅務系(通過); 國立虎尾科技大學財務金融系(正取)"
CAND_0246,114,nutc_fin,國立臺中科技大學,財務金融系(商管群),國立臺中科技大學 財務金融系(商管群),57090262,葉*恩,備取,國立高雄科技大學,國立高雄科技大學金融資訊系,其他學校錄取,4,"國立臺中科技大學財務金融系(備取); 國立高雄科技大學金融系(備取); 國立高雄科技大學會計資訊系(正取); 國立高雄科技大學金融資訊系(正取,分發)"
CAND_0247,114,nutc_fin,國立臺中科技大學,財務金融系(商管群),國立臺中科技大學 財務金融系(商管群),58090177,楊*,備取,—,—,未分發或放棄,1,國立臺中科技大學財務金融系(備取)
CAND_0248,114,nutc_fin,國立臺中科技大學,財務金融系(商管群),國立臺中科技大學 財務金融系(商管群),58090161,謝*姍,備取,國立臺中科技大學,國立臺中科技大學財務金融系,原校系/本校留任,2,"國立臺中科技大學財務金融系(備取,分發); 國立勤益科技大學企業管理系(正取)"
CAND_0249,114,nutc_fin,國立臺中科技大學,財務金融系(商管群),國立臺中科技大學 財務金融系(商管群),52090099,林*女,備取,國立虎尾科技大學,國立虎尾科技大學財務金融系,其他學校錄取,2,"國立臺中科技大學財務金融系(備取); 國立虎尾科技大學財務金融系(正取,分發)"
CAND_0250,114,nutc_fin,國立臺中科技大學,財務金融系(商管群),國立臺中科技大學 財務金融系(商管群),61091091,A*緁,備取,國立臺中科技大學,國立臺中科技大學財務金融系,原校系/本校留任,2,"國立臺中科技大學財務金融系(備取,分發); 國立高雄科技大學財務管理系(通過)"
CAND_0251,114,nutc_fin,國立臺中科技大學,財務金融系(商管群),國立臺中科技大學 財務金融系(商管群),64090120,温*雅,備取,國立臺中科技大學,國立臺中科技大學財務金融系,原校系/本校留任,4,"國立臺中科技大學財務金融系(備取,分發); 國立高雄科技大學資訊管理系(通過); 國立高雄科技大學會計資訊系(通過); 國立臺北護理健康大學資訊管理系(通過)"
CAND_0252,114,nutc_fin,國立臺中科技大學,財務金融系(商管群),國立臺中科技大學 財務金融系(商管群),64090084,維*日,備取,逢甲大學,逢甲大學財稅學系,其他學校錄取,4,"國立臺中科技大學財務金融系(備取); 中原大學國際經營與貿易學系(備取); 逢甲大學國際經營與貿易學系(正取); 逢甲大學財稅學系(正取,分發)"
CAND_0253,114,nutc_fin,國立臺中科技大學,財務金融系(商管群),國立臺中科技大學 財務金融系(商管群),61090057,李*,備取,國立臺中科技大學,國立臺中科技大學財務金融系,原校系/本校留任,1,"國立臺中科技大學財務金融系(備取,分發)"
CAND_0254,114,nutc_fin,國立臺中科技大學,財務金融系(商管群),國立臺中科技大學 財務金融系(商管群),54090285,鄭*,備取,國立臺中科技大學,國立臺中科技大學財務金融系,原校系/本校留任,1,"國立臺中科技大學財務金融系(備取,分發)"
CAND_0255,114,nutc_fin,國立臺中科技大學,財務金融系(商管群),國立臺中科技大學 財務金融系(商管群),64090539,黄*,備取,國立臺中科技大學,國立臺中科技大學財務金融系,原校系/本校留任,3,"國立臺中科技大學財務金融系(備取,分發); 國立勤益科技大學企業管理系(通過); 亞洲大學心理學系(通過)"
CAND_0256,114,nutc_fin,國立臺中科技大學,財務金融系(商管群),國立臺中科技大學 財務金融系(商管群),57090907,葉*雅,備取,國立臺中科技大學,國立臺中科技大學財務金融系,原校系/本校留任,3,"國立臺中科技大學財務金融系(備取,分發); 中原大學國際經營與貿易學系(通過); 中原大學會計學系(正取)"
CAND_0257,114,nutc_fin,國立臺中科技大學,財務金融系(商管群),國立臺中科技大學 財務金融系(商管群),65090041,張*鈞,備取,國立臺中科技大學,國立臺中科技大學財務金融系,原校系/本校留任,1,"國立臺中科技大學財務金融系(備取,分發)"
CAND_0258,114,nutc_fin,國立臺中科技大學,財務金融系(商管群),國立臺中科技大學 財務金融系(商管群),70090121,*女,備取,國立臺中科技大學,國立臺中科技大學財務金融系,原校系/本校留任,1,"國立臺中科技大學財務金融系(備取,分發)"
CAND_0259,114,nutc_fin,國立臺中科技大學,財務金融系(商管群),國立臺中科技大學 財務金融系(商管群),61090314,黄*,備取,國立臺中科技大學,國立臺中科技大學財務金融系,原校系/本校留任,3,"國立臺中科技大學財務金融系(備取,分發); 國立高雄科技大學資訊管理系(通過); 國立高雄科技大學運籌管理系(通過)"
CAND_0260,114,nutc_fin,國立臺中科技大學,財務金融系(商管群),國立臺中科技大學 財務金融系(商管群),57090878,黄*程,備取,國立臺中科技大學,國立臺中科技大學財務金融系,原校系/本校留任,1,"國立臺中科技大學財務金融系(備取,分發)"
CAND_0261,114,nutc_fin,國立臺中科技大學,財務金融系(商管群),國立臺中科技大學 財務金融系(商管群),71090167,張*堯,備取,國立臺中科技大學,國立臺中科技大學財務金融系,原校系/本校留任,1,"國立臺中科技大學財務金融系(備取,分發)"
CAND_0262,114,nutc_fin,國立臺中科技大學,財務金融系(商管群),國立臺中科技大學 財務金融系(商管群),69090131,林*恩,備取,國立臺中科技大學,國立臺中科技大學財務金融系,原校系/本校留任,1,"國立臺中科技大學財務金融系(備取,分發)"
CAND_0263,114,nutc_fin,國立臺中科技大學,財務金融系(商管群),國立臺中科技大學 財務金融系(商管群),68530071,林*淳,備取,國立高雄科技大學,國立高雄科技大學運籌管理系,其他學校錄取,4,"國立臺中科技大學財務金融系(備取); 國立高雄科技大學運籌管理系(正取,分發); 國立虎尾科技大學財務金融系(通過); 國立臺北商業大學國際商務系(臺北校區)(通過)"
CAND_0264,114,nutc_fin,國立臺中科技大學,財務金融系(商管群),國立臺中科技大學 財務金融系(商管群),64090514,*愷,備取,國立臺中科技大學,國立臺中科技大學財務金融系,原校系/本校留任,1,"國立臺中科技大學財務金融系(備取,分發)"
CAND_0265,114,nutc_fin,國立臺中科技大學,財務金融系(商管群),國立臺中科技大學 財務金融系(商管群),61090580,陳*,備取,國立雲林科技大學,國立雲林科技大學會計系,其他學校錄取,4,"國立臺中科技大學財務金融系(備取); 國立雲林科技大學會計系(備取,分發); 國立高雄科技大學金融系(正取); 國立高雄科技大學財政稅務系(備取)"
CAND_0266,114,nutc_fin,國立臺中科技大學,財務金融系(商管群),國立臺中科技大學 財務金融系(商管群),65090189,黄*澄,備取,國立臺中科技大學,國立臺中科技大學財務金融系,原校系/本校留任,1,"國立臺中科技大學財務金融系(備取,分發)"
CAND_0267,114,nutc_fin,國立臺中科技大學,財務金融系(商管群),國立臺中科技大學 財務金融系(商管群),57090943,邱*,備取,國立臺中科技大學,國立臺中科技大學財務金融系,原校系/本校留任,4,"國立臺中科技大學財務金融系(備取,分發); 國立高雄科技大學會計資訊系(正取); 國立虎尾科技大學資訊管理系(通過); 國立屏東大學會計學系(通過)"
CAND_0268,114,nutc_fin,國立臺中科技大學,財務金融系(商管群),國立臺中科技大學 財務金融系(商管群),69090037,*玲,備取,國立高雄科技大學,國立高雄科技大學風險管理與保險系,其他學校錄取,4,"國立臺中科技大學財務金融系(備取); 國立高雄科技大學風險管理與保險系(正取,分發); 國立虎尾科技大學企業管理系(正取); 中信科技大學企業管理系(通過)"
CAND_0269,114,nutc_fin,國立臺中科技大學,財務金融系(商管群),國立臺中科技大學 財務金融系(商管群),51090016,黄*恩,備取,國立臺中科技大學,國立臺中科技大學財務金融系,原校系/本校留任,4,"國立臺中科技大學財務金融系(備取,分發); 國立高雄科技大學風險管理與保險系(正取); 國立勤益科技大學工業工程與管理系(通過); 中原大學國際經營與貿易學系(通過)"
CAND_0270,114,nutc_fin,國立臺中科技大學,財務金融系(商管群),國立臺中科技大學 財務金融系(商管群),62090055,吳*,備取,—,—,未分發或放棄,1,國立臺中科技大學財務金融系(備取)
CAND_0271,114,nutc_fin,國立臺中科技大學,財務金融系(商管群),國立臺中科技大學 財務金融系(商管群),67090398,F*婕,備取,國立臺中科技大學,國立臺中科技大學財務金融系,原校系/本校留任,2,"國立臺中科技大學財務金融系(備取,分發); 國立勤益科技大學行銷與流通管理系(通過)"
CAND_0272,114,nutc_fin,國立臺中科技大學,財務金融系(商管群),國立臺中科技大學 財務金融系(商管群),56090440,楊*翔,備取,國立臺中科技大學,國立臺中科技大學財務金融系,原校系/本校留任,2,"國立臺中科技大學財務金融系(備取,分發); 國立高雄科技大學金融系(通過)"
CAND_0273,114,nutc_fin,國立臺中科技大學,財務金融系(商管群),國立臺中科技大學 財務金融系(商管群),61090780,*容,備取,逢甲大學,逢甲大學經濟學系,其他學校錄取,2,"國立臺中科技大學財務金融系(備取); 逢甲大學經濟學系(正取,分發)"
CAND_0274,114,nutc_fin,國立臺中科技大學,財務金融系(商管群),國立臺中科技大學 財務金融系(商管群),61090541,何*潔,備取,國立臺中科技大學,國立臺中科技大學財務金融系,原校系/本校留任,1,"國立臺中科技大學財務金融系(備取,分發)"
CAND_0275,114,nutc_fin,國立臺中科技大學,財務金融系(商管群),國立臺中科技大學 財務金融系(商管群),52090637,薛*議,備取,國立臺中科技大學,國立臺中科技大學財務金融系,原校系/本校留任,1,"國立臺中科技大學財務金融系(備取,分發)"
CAND_0276,114,nutc_fin,國立臺中科技大學,財務金融系(商管群),國立臺中科技大學 財務金融系(商管群),60090181,沈*易,備取,國立臺中科技大學,國立臺中科技大學財務金融系,原校系/本校留任,1,"國立臺中科技大學財務金融系(備取,分發)"
CAND_0277,114,nutc_fin,國立臺中科技大學,財務金融系(商管群),國立臺中科技大學 財務金融系(商管群),65090246,葉*竣,備取,國立臺中科技大學,國立臺中科技大學財務金融系,原校系/本校留任,1,"國立臺中科技大學財務金融系(備取,分發)"
CAND_0278,114,nutc_fin,國立臺中科技大學,財務金融系(商管群),國立臺中科技大學 財務金融系(商管群),59090349,*宇,備取,國立臺中科技大學,國立臺中科技大學財務金融系,原校系/本校留任,1,"國立臺中科技大學財務金融系(備取,分發)"
CAND_0279,114,nutc_fin,國立臺中科技大學,財務金融系(商管群),國立臺中科技大學 財務金融系(商管群),70090457,吳*,備取,—,—,未分發或放棄,2,國立臺中科技大學財務金融系(備取); 國立屏東大學財務金融學系(通過)
CAND_0280,114,nutc_fin,國立臺中科技大學,財務金融系(商管群),國立臺中科技大學 財務金融系(商管群),65090066,*鉲,備取,國立高雄科技大學,國立高雄科技大學金融系,其他學校錄取,4,"國立臺中科技大學財務金融系(備取); 國立高雄科技大學企業管理系(通過); 國立高雄科技大學金融系(正取,分發); 國立虎尾科技大學財務金融系(通過)"
CAND_0281,114,nutc_fin,國立臺中科技大學,財務金融系(商管群),國立臺中科技大學 財務金融系(商管群),54090369,蕭*,備取,國立宜蘭大學,國立宜蘭大學應用經濟與管理學系,其他學校錄取,3,"國立臺中科技大學財務金融系(備取); 國立勤益科技大學工業工程與管理系(通過); 國立宜蘭大學應用經濟與管理學系(正取,分發)"
CAND_0282,114,nutc_fin,國立臺中科技大學,財務金融系(商管群),國立臺中科技大學 財務金融系(商管群),70090463,李*,備取,—,—,未分發或放棄,1,國立臺中科技大學財務金融系(備取)
CAND_0283,114,nutc_fin,國立臺中科技大學,財務金融系(商管群),國立臺中科技大學 財務金融系(商管群),57090931,沈*翔,備取,銘傳大學,銘傳大學會計學系(台北校區),其他學校錄取,2,"國立臺中科技大學財務金融系(備取); 銘傳大學會計學系(台北校區)(正取,分發)"
CAND_0284,114,nutc_fin,國立臺中科技大學,財務金融系(商管群),國立臺中科技大學 財務金融系(商管群),56090252,簡*銘,備取,國立高雄科技大學,國立高雄科技大學金融系,其他學校錄取,5,"國立臺中科技大學財務金融系(備取); 國立雲林科技大學工業工程與管理系(備取); 國立高雄科技大學金融系(備取,分發); 國立虎尾科技大學工業管理系(通過); 朝陽科技大學財務金融系(正取)"
CAND_0285,114,nutc_fin,國立臺中科技大學,財務金融系(商管群),國立臺中科技大學 財務金融系(商管群),76090036,薛*臻,備取,國立臺北科技大學,國立臺北科技大學經營管理系,其他學校錄取,4,"國立臺中科技大學財務金融系(備取); 國立臺北科技大學經營管理系(正取,分發); 國立臺北科技大學資訊與財金管理系(備取); 國立臺北商業大學國際商務系(臺北校區)(正取)"
CAND_0286,114,nutc_fin,國立臺中科技大學,財務金融系(商管群),國立臺中科技大學 財務金融系(商管群),77090014,陳*妤,備取,國立臺北商業大學,國立臺北商業大學商業設計管理系(桃園校區),其他學校錄取,4,"國立臺中科技大學財務金融系(備取); 國立雲林科技大學財務金融系(備取); 國立臺北商業大學商業設計管理系(桃園校區)(正取,分發); 國立金門大學企業管理學系(通過)"
CAND_0287,114,nutc_fin,國立臺中科技大學,財務金融系(商管群),國立臺中科技大學 財務金融系(商管群),76090051,薛*峰,備取,國立臺北商業大學,國立臺北商業大學財政稅務系(臺北校區),其他學校錄取,4,"國立臺中科技大學財務金融系(備取); 國立高雄科技大學財務管理系(正取); 國立高雄科技大學金融資訊系(備取); 國立臺北商業大學財政稅務系(臺北校區)(備取,分發)"
CAND_0288,114,nutc_fin,國立臺中科技大學,財務金融系(商管群),國立臺中科技大學 財務金融系(商管群),77090020,董*宏,備取,國立臺北商業大學,國立臺北商業大學財政稅務系(臺北校區),其他學校錄取,6,"國立臺中科技大學財務金融系(備取); 國立臺灣科技大學企業管理系(通過); 國立臺北科技大學經營管理系(備取); 國立勤益科技大學企業管理系(備取); 國立臺北商業大學財政稅務系(臺北校區)(正取,分發); 國立金門大學企業管理學系(正取)"
CAND_0289,114,nutc_fin,國立臺中科技大學,財務金融系(商管群),國立臺中科技大學 財務金融系(商管群),77090017,柯*恩,備取,國立臺中科技大學,國立臺中科技大學財務金融系,原校系/本校留任,4,"國立臺中科技大學財務金融系(備取,分發); 國立雲林科技大學財務金融系(備取); 樹德科技大學金融管理系(正取); 正修科技大學金融管理系(通過)"
CAND_0290,114,nutc_fin,國立臺中科技大學,財務金融系(商管群),國立臺中科技大學 財務金融系(商管群),76090033,*俊,備取,國立勤益科技大學,國立勤益科技大學資訊管理系,其他學校錄取,6,"國立臺中科技大學財務金融系(備取); 國立雲林科技大學財務金融系(通過); 國立屏東科技大學資訊管理系(通過); 國立高雄科技大學財務管理系(通過); 國立勤益科技大學資訊管理系(正取,分發); 國立臺北商業大學資訊管理系(臺北校區)(備取)"
CAND_0291,114,nutc_fin,國立臺中科技大學,財務金融系(商管群),國立臺中科技大學 財務金融系(商管群),58090156,賴*,備取,國立臺中科技大學,國立臺中科技大學財務金融系,原校系/本校留任,4,"國立臺中科技大學財務金融系(備取,分發); 國立高雄科技大學財務管理系(正取); 國立高雄科技大學金融資訊系(正取); 國立虎尾科技大學財務金融系(通過)"
CAND_0292,114,nutc_fin,國立臺中科技大學,財務金融系(商管群),國立臺中科技大學 財務金融系(商管群),61090621,李*樂,備取,國立高雄科技大學,國立高雄科技大學會計資訊系,其他學校錄取,5,"國立臺中科技大學財務金融系(備取); 國立雲林科技大學企業管理系(備取); 國立高雄科技大學金融系(正取); 國立高雄科技大學會計資訊系(正取,分發); 國立高雄科技大學金融資訊系(正取)"
CAND_0293,114,nutc_fin,國立臺中科技大學,財務金融系(商管群),國立臺中科技大學 財務金融系(商管群),51090008,李*璇,備取,—,—,未分發或放棄,1,國立臺中科技大學財務金融系(通過)
CAND_0294,114,nutc_fin,國立臺中科技大學,財務金融系(商管群),國立臺中科技大學 財務金融系(商管群),51090024,藍*晴,備取,—,—,未分發或放棄,1,國立臺中科技大學財務金融系(通過)
CAND_0295,114,nutc_fin,國立臺中科技大學,財務金融系(商管群),國立臺中科技大學 財務金融系(商管群),51090040,蕭*媗,備取,—,—,未分發或放棄,3,國立臺中科技大學財務金融系(通過); 國立臺北護理健康大學高齡健康照護系(通過); 致理科技大學財務金融系(通過)
CAND_0296,114,nutc_fin,國立臺中科技大學,財務金融系(商管群),國立臺中科技大學 財務金融系(商管群),51090262,謝*,備取,國立臺北商業大學,國立臺北商業大學財政稅務系(臺北校區),其他學校錄取,3,"國立臺中科技大學財務金融系(通過); 國立臺北商業大學財政稅務系(臺北校區)(備取,分發); 致理科技大學財務金融系(正取)"
CAND_0297,114,nutc_fin,國立臺中科技大學,財務金融系(商管群),國立臺中科技大學 財務金融系(商管群),51090279,邱*姍,備取,—,—,未分發或放棄,3,國立臺中科技大學財務金融系(通過); 國立臺北護理健康大學健康事業管理系(通過); 中原大學國際經營與貿易學系(通過)
CAND_0298,114,nutc_fin,國立臺中科技大學,財務金融系(商管群),國立臺中科技大學 財務金融系(商管群),52090206,陳*晴,備取,國立臺北商業大學,國立臺北商業大學國際商務系(臺北校區),其他學校錄取,3,"國立臺中科技大學財務金融系(通過); 國立臺北護理健康大學資訊管理系(通過); 國立臺北商業大學國際商務系(臺北校區)(正取,分發)"
CAND_0299,114,nutc_fin,國立臺中科技大學,財務金融系(商管群),國立臺中科技大學 財務金融系(商管群),52090231,陳*融,備取,國立臺北護理健康大學,國立臺北護理健康大學資訊管理系,其他學校錄取,5,"國立臺中科技大學財務金融系(通過); 國立臺北護理健康大學資訊管理系(備取,分發); 國立臺北商業大學國際商務系(臺北校區)(備取); 國立臺灣海洋大學航運管理學系(備取); 中原大學資訊管理學系(備取)"
CAND_0300,114,nutc_fin,國立臺中科技大學,財務金融系(商管群),國立臺中科技大學 財務金融系(商管群),53090017,林*,備取,國立雲林科技大學,國立雲林科技大學財務金融系,其他學校錄取,4,"國立臺中科技大學財務金融系(通過); 國立雲林科技大學財務金融系(備取,分發); 國立臺北護理健康大學資訊管理系(通過); 國立臺北商業大學企業管理系(臺北校區)(備取)"
CAND_0301,114,nutc_fin,國立臺中科技大學,財務金融系(商管群),國立臺中科技大學 財務金融系(商管群),54090053,黄*,備取,—,—,未分發或放棄,1,國立臺中科技大學財務金融系(通過)
CAND_0302,114,nutc_fin,國立臺中科技大學,財務金融系(商管群),國立臺中科技大學 財務金融系(商管群),55090310,黄*凱,備取,國立臺北商業大學,國立臺北商業大學國際商務系(臺北校區),其他學校錄取,3,"國立臺中科技大學財務金融系(通過); 國立高雄科技大學金融系(正取); 國立臺北商業大學國際商務系(臺北校區)(備取,分發)"
CAND_0303,114,nutc_fin,國立臺中科技大學,財務金融系(商管群),國立臺中科技大學 財務金融系(商管群),56090110,維*亞,備取,—,—,未分發或放棄,5,國立臺中科技大學財務金融系(通過); 國立雲林科技大學企業管理系(通過); 國立虎尾科技大學企業管理系(通過); 國立虎尾科技大學財務金融系(通過); 致理科技大學財務金融系(通過)
CAND_0304,114,nutc_fin,國立臺中科技大學,財務金融系(商管群),國立臺中科技大學 財務金融系(商管群),56090344,余*,備取,—,—,未分發或放棄,3,國立臺中科技大學財務金融系(通過); 國立高雄科技大學行銷與流通管理系(通過); 國立高雄科技大學航運管理系(通過)
CAND_0305,114,nutc_fin,國立臺中科技大學,財務金融系(商管群),國立臺中科技大學 財務金融系(商管群),57090177,張*瑄,備取,—,—,未分發或放棄,2,國立臺中科技大學財務金融系(通過); 國立臺北商業大學企業管理系(臺北校區)(備取)
CAND_0306,114,nutc_fin,國立臺中科技大學,財務金融系(商管群),國立臺中科技大學 財務金融系(商管群),57090341,邱*新,備取,—,—,未分發或放棄,3,國立臺中科技大學財務金融系(通過); 國立高雄科技大學資訊管理系(通過); 中原大學會計學系(通過)
CAND_0307,114,nutc_fin,國立臺中科技大學,財務金融系(商管群),國立臺中科技大學 財務金融系(商管群),57090474,葉*,備取,—,—,未分發或放棄,2,國立臺中科技大學財務金融系(通過); 國立高雄科技大學金融系(通過)
CAND_0308,114,nutc_fin,國立臺中科技大學,財務金融系(商管群),國立臺中科技大學 財務金融系(商管群),57090951,徐*旋,備取,中原大學,中原大學會計學系,其他學校錄取,5,"國立臺中科技大學財務金融系(通過); 國立高雄科技大學金融系(正取); 國立臺北商業大學財政稅務系(臺北校區)(備取); 中原大學國際經營與貿易學系(通過); 中原大學會計學系(正取,分發)"
CAND_0309,114,nutc_fin,國立臺中科技大學,財務金融系(商管群),國立臺中科技大學 財務金融系(商管群),58090069,*姍,備取,國立臺北商業大學,國立臺北商業大學企業管理系(臺北校區),其他學校錄取,4,"國立臺中科技大學財務金融系(通過); 國立雲林科技大學工業工程與管理系(正取); 國立臺北商業大學企業管理系(臺北校區)(正取,分發); 國立彰化師範大學財務金融技術學系(備取)"
CAND_0310,114,nutc_fin,國立臺中科技大學,財務金融系(商管群),國立臺中科技大學 財務金融系(商管群),58090185,余*彤,備取,—,—,未分發或放棄,3,國立臺中科技大學財務金融系(通過); 國立高雄科技大學資訊管理系(通過); 國立臺北商業大學國際商務系(臺北校區)(通過)
CAND_0311,114,nutc_fin,國立臺中科技大學,財務金融系(商管群),國立臺中科技大學 財務金融系(商管群),58090304,林*邦,備取,國立高雄科技大學,國立高雄科技大學金融系,其他學校錄取,3,"國立臺中科技大學財務金融系(通過); 國立高雄科技大學資訊管理系(通過); 國立高雄科技大學金融系(備取,分發)"
CAND_0312,114,nutc_fin,國立臺中科技大學,財務金融系(商管群),國立臺中科技大學 財務金融系(商管群),58090340,*顏,備取,國立雲林科技大學,國立雲林科技大學國際管理學士學位學程,其他學校錄取,4,"國立臺中科技大學財務金融系(通過); 國立雲林科技大學國際管理學士學位學程(正取,分發); 國立雲林科技大學應用外語系(正取); 國立臺北商業大學國際商務系(臺北校區)(備取)"
CAND_0313,114,nutc_fin,國立臺中科技大學,財務金融系(商管群),國立臺中科技大學 財務金融系(商管群),58090393,*穎,備取,—,—,未分發或放棄,5,國立臺中科技大學財務金融系(通過); 國立雲林科技大學工業工程與管理系(備取); 國立高雄科技大學金融系(備取); 國立高雄科技大學金融資訊系(通過); 國立臺北商業大學企業管理系(臺北校區)(備取)
CAND_0314,114,nutc_fin,國立臺中科技大學,財務金融系(商管群),國立臺中科技大學 財務金融系(商管群),58090529,歐*彤,備取,—,—,未分發或放棄,3,國立臺中科技大學財務金融系(通過); 國立虎尾科技大學財務金融系(通過); 國立勤益科技大學行銷與流通管理系(通過)
CAND_0315,114,nutc_fin,國立臺中科技大學,財務金融系(商管群),國立臺中科技大學 財務金融系(商管群),59090136,董*軒,備取,國立高雄科技大學,國立高雄科技大學資訊管理系,其他學校錄取,4,"國立臺中科技大學財務金融系(通過); 國立雲林科技大學財務金融系(備取); 國立高雄科技大學資訊管理系(備取,分發); 國立高雄科技大學金融資訊系(通過)"
CAND_0316,114,nutc_fin,國立臺中科技大學,財務金融系(商管群),國立臺中科技大學 財務金融系(商管群),59090168,黄*笙,備取,國立虎尾科技大學,國立虎尾科技大學工業管理系,其他學校錄取,2,"國立臺中科技大學財務金融系(通過); 國立虎尾科技大學工業管理系(正取,分發)"
CAND_0317,114,nutc_fin,國立臺中科技大學,財務金融系(商管群),國立臺中科技大學 財務金融系(商管群),61090376,顏*倫,備取,逢甲大學,逢甲大學國際經營與貿易學系,其他學校錄取,4,"國立臺中科技大學財務金融系(通過); 國立臺北商業大學企業管理系(臺北校區)(通過); 逢甲大學國際經營與貿易學系(正取,分發); 逢甲大學經濟學系(通過)"
CAND_0318,114,nutc_fin,國立臺中科技大學,財務金融系(商管群),國立臺中科技大學 財務金融系(商管群),61090708,藍*宏,備取,逢甲大學,逢甲大學財稅學系,其他學校錄取,3,"國立臺中科技大學財務金融系(通過); 逢甲大學財稅學系(正取,分發); 逢甲大學經濟學系(正取)"
CAND_0319,114,nutc_fin,國立臺中科技大學,財務金融系(商管群),國立臺中科技大學 財務金融系(商管群),61090769,江*永,備取,國立雲林科技大學,國立雲林科技大學財務金融系,其他學校錄取,6,"國立臺中科技大學財務金融系(通過); 國立雲林科技大學財務金融系(正取,分發); 國立高雄科技大學行銷與流通管理系(通過); 國立高雄科技大學財務管理系(通過); 國立高雄科技大學金融資訊系(通過); 國立臺北商業大學會計資訊系(臺北校區)(通過)"
CAND_0320,114,nutc_fin,國立臺中科技大學,財務金融系(商管群),國立臺中科技大學 財務金融系(商管群),61090807,賴*鍇,備取,—,—,未分發或放棄,4,國立臺中科技大學財務金融系(通過); 國立高雄科技大學風險管理與保險系(通過); 國立高雄科技大學金融系(通過); 國立高雄科技大學財務管理系(通過)
CAND_0321,114,nutc_fin,國立臺中科技大學,財務金融系(商管群),國立臺中科技大學 財務金融系(商管群),61090837,翁*毓,備取,—,—,未分發或放棄,1,國立臺中科技大學財務金融系(通過)
CAND_0322,114,nutc_fin,國立臺中科技大學,財務金融系(商管群),國立臺中科技大學 財務金融系(商管群),61090877,賴*錤,備取,國立高雄科技大學,國立高雄科技大學財務管理系,其他學校錄取,4,"國立臺中科技大學財務金融系(通過); 國立高雄科技大學風險管理與保險系(通過); 國立高雄科技大學財務管理系(備取,分發); 國立高雄科技大學會計資訊系(通過)"
CAND_0323,114,nutc_fin,國立臺中科技大學,財務金融系(商管群),國立臺中科技大學 財務金融系(商管群),61091031,游*諺,備取,—,—,未分發或放棄,5,國立臺中科技大學財務金融系(通過); 國立雲林科技大學財務金融系(通過); 國立雲林科技大學會計系(通過); 國立高雄科技大學金融系(通過); 國立虎尾科技大學財務金融系(通過)
CAND_0324,114,nutc_fin,國立臺中科技大學,財務金融系(商管群),國立臺中科技大學 財務金融系(商管群),61091179,李*靚,備取,—,—,未分發或放棄,3,國立臺中科技大學財務金融系(通過); 國立雲林科技大學會計系(備取); 國立勤益科技大學工業工程與管理系(通過)
CAND_0325,114,nutc_fin,國立臺中科技大學,財務金融系(商管群),國立臺中科技大學 財務金融系(商管群),61091287,*甄,備取,國立高雄科技大學,國立高雄科技大學金融系,其他學校錄取,4,"國立臺中科技大學財務金融系(通過); 國立高雄科技大學金融系(正取,分發); 國立高雄科技大學財務管理系(正取); 國立高雄科技大學財政稅務系(通過)"
CAND_0326,114,nutc_fin,國立臺中科技大學,財務金融系(商管群),國立臺中科技大學 財務金融系(商管群),61091589,林*,備取,—,—,未分發或放棄,1,國立臺中科技大學財務金融系(通過)
CAND_0327,114,nutc_fin,國立臺中科技大學,財務金融系(商管群),國立臺中科技大學 財務金融系(商管群),61091653,翁*,備取,—,—,未分發或放棄,4,國立臺中科技大學財務金融系(通過); 國立高雄科技大學金融系(通過); 國立高雄科技大學財務管理系(正取); 國立彰化師範大學財務金融技術學系(正取)
CAND_0328,114,nutc_fin,國立臺中科技大學,財務金融系(商管群),國立臺中科技大學 財務金融系(商管群),61091685,林*,備取,國立雲林科技大學,國立雲林科技大學財務金融系,其他學校錄取,5,"國立臺中科技大學財務金融系(通過); 國立雲林科技大學企業管理系(通過); 國立雲林科技大學財務金融系(正取,分發); 國立高雄科技大學財政稅務系(通過); 國立臺北商業大學財務金融系(臺北校區)(備取)"
CAND_0329,114,nutc_fin,國立臺中科技大學,財務金融系(商管群),國立臺中科技大學 財務金融系(商管群),63090445,翁*,備取,國立雲林科技大學,國立雲林科技大學財務金融系,其他學校錄取,4,"國立臺中科技大學財務金融系(通過); 國立雲林科技大學財務金融系(正取,分發); 國立雲林科技大學會計系(正取); 國立臺北商業大學財務金融系(臺北校區)(通過)"
CAND_0330,114,nutc_fin,國立臺中科技大學,財務金融系(商管群),國立臺中科技大學 財務金融系(商管群),63090477,賴*伶,備取,—,—,未分發或放棄,1,國立臺中科技大學財務金融系(通過)
CAND_0331,114,nutc_fin,國立臺中科技大學,財務金融系(商管群),國立臺中科技大學 財務金融系(商管群),64090003,葵*臻,備取,逢甲大學,逢甲大學財務金融學系,其他學校錄取,2,"國立臺中科技大學財務金融系(通過); 逢甲大學財務金融學系(正取,分發)"
CAND_0332,114,nutc_fin,國立臺中科技大學,財務金融系(商管群),國立臺中科技大學 財務金融系(商管群),64090036,胡*瑄,備取,國立雲林科技大學,國立雲林科技大學財務金融系,其他學校錄取,5,"國立臺中科技大學財務金融系(通過); 國立雲林科技大學財務金融系(正取,分發); 國立雲林科技大學會計系(通過); 國立高雄科技大學金融系(通過); 國立彰化師範大學財務金融技術學系(備取)"
CAND_0333,114,nutc_fin,國立臺中科技大學,財務金融系(商管群),國立臺中科技大學 財務金融系(商管群),64090043,鄭*永,備取,國立雲林科技大學,國立雲林科技大學財務金融系,其他學校錄取,5,"國立臺中科技大學財務金融系(通過); 國立雲林科技大學財務金融系(備取,分發); 國立高雄科技大學財務管理系(備取); 國立高雄科技大學金融資訊系(通過); 國立臺北商業大學企業管理系(臺北校區)(備取)"
CAND_0334,114,nutc_fin,國立臺中科技大學,財務金融系(商管群),國立臺中科技大學 財務金融系(商管群),64090091,陳*如,備取,國立雲林科技大學,國立雲林科技大學企業管理系,其他學校錄取,4,"國立臺中科技大學財務金融系(通過); 國立雲林科技大學企業管理系(正取,分發); 國立高雄科技大學金融資訊系(通過); 逢甲大學財務金融學系(通過)"
CAND_0335,114,nutc_fin,國立臺中科技大學,財務金融系(商管群),國立臺中科技大學 財務金融系(商管群),64090167,林*澔,備取,—,—,未分發或放棄,2,國立臺中科技大學財務金融系(通過); 國立高雄科技大學金融資訊系(通過)
CAND_0336,114,nutc_fin,國立臺中科技大學,財務金融系(商管群),國立臺中科技大學 財務金融系(商管群),64090187,陳*均,備取,國立雲林科技大學,國立雲林科技大學會計系,其他學校錄取,6,"國立臺中科技大學財務金融系(通過); 國立雲林科技大學財務金融系(備取); 國立雲林科技大學會計系(備取,分發); 國立高雄科技大學金融系(通過); 國立高雄科技大學會計資訊系(通過); 國立高雄科技大學金融資訊系(通過)"
CAND_0337,114,nutc_fin,國立臺中科技大學,財務金融系(商管群),國立臺中科技大學 財務金融系(商管群),64090272,林*群,備取,國立高雄科技大學,國立高雄科技大學智慧商務系,其他學校錄取,6,"國立臺中科技大學財務金融系(通過); 國立高雄科技大學運籌管理系(通過); 國立高雄科技大學金融系(通過); 國立高雄科技大學智慧商務系(正取,分發); 國立臺北護理健康大學資訊管理系(通過); 國立臺北護理健康大學生死與健康心理諮商系(通過)"
CAND_0338,114,nutc_fin,國立臺中科技大學,財務金融系(商管群),國立臺中科技大學 財務金融系(商管群),64090426,蘇*,備取,—,—,未分發或放棄,1,國立臺中科技大學財務金融系(通過)
CAND_0339,114,nutc_fin,國立臺中科技大學,財務金融系(商管群),國立臺中科技大學 財務金融系(商管群),64090478,謝*,備取,—,—,未分發或放棄,3,國立臺中科技大學財務金融系(通過); 國立高雄科技大學工業工程與管理系(通過); 國立高雄科技大學金融資訊系(通過)
CAND_0340,114,nutc_fin,國立臺中科技大學,財務金融系(商管群),國立臺中科技大學 財務金融系(商管群),65090078,許*珍,備取,—,—,未分發或放棄,3,國立臺中科技大學財務金融系(通過); 國立臺北商業大學國際商務系(臺北校區)(備取); 國立臺中教育大學國際企業學系(通過)
CAND_0341,114,nutc_fin,國立臺中科技大學,財務金融系(商管群),國立臺中科技大學 財務金融系(商管群),65090090,游*欣,備取,國立高雄科技大學,國立高雄科技大學金融系,其他學校錄取,4,"國立臺中科技大學財務金融系(通過); 國立高雄科技大學行銷與流通管理系(通過); 國立高雄科技大學金融系(備取,分發); 國立虎尾科技大學財務金融系(通過)"
CAND_0342,114,nutc_fin,國立臺中科技大學,財務金融系(商管群),國立臺中科技大學 財務金融系(商管群),65090102,黎*銘,備取,—,—,未分發或放棄,1,國立臺中科技大學財務金融系(通過)
CAND_0343,114,nutc_fin,國立臺中科技大學,財務金融系(商管群),國立臺中科技大學 財務金融系(商管群),006099,陳*,備取,國立高雄科技大學,國立高雄科技大學工業工程與管理系,其他學校錄取,2,"國立臺中科技大學財務金融系(通過); 國立高雄科技大學工業工程與管理系(備取,分發)"
CAND_0344,114,nutc_fin,國立臺中科技大學,財務金融系(商管群),國立臺中科技大學 財務金融系(商管群),67090247,鄭*依,備取,—,—,未分發或放棄,3,國立臺中科技大學財務金融系(通過); 國立高雄科技大學金融系(通過); 國立高雄科技大學金融資訊系(通過)
CAND_0345,114,nutc_fin,國立臺中科技大學,財務金融系(商管群),國立臺中科技大學 財務金融系(商管群),67090278,張*瑜,備取,國立雲林科技大學,國立雲林科技大學會計系,其他學校錄取,6,"國立臺中科技大學財務金融系(通過); 國立雲林科技大學財務金融系(正取); 國立雲林科技大學會計系(正取,分發); 國立高雄科技大學財務管理系(通過); 國立高雄科技大學會計資訊系(通過); 國立臺北商業大學會計資訊系(臺北校區)(正取)"
CAND_0346,114,nutc_fin,國立臺中科技大學,財務金融系(商管群),國立臺中科技大學 財務金融系(商管群),68090093,考生*,備取,國立臺北商業大學,國立臺北商業大學國際商務系(臺北校區),其他學校錄取,3,"國立臺中科技大學財務金融系(通過); 國立雲林科技大學工業工程與管理系(正取); 國立臺北商業大學國際商務系(臺北校區)(正取,分發)"
CAND_0347,114,nutc_fin,國立臺中科技大學,財務金融系(商管群),國立臺中科技大學 財務金融系(商管群),68090282,梁*,備取,國立雲林科技大學,國立雲林科技大學財務金融系,其他學校錄取,5,"國立臺中科技大學財務金融系(通過); 國立雲林科技大學工業工程與管理系(正取); 國立雲林科技大學財務金融系(正取,分發); 國立高雄科技大學財政稅務系(正取); 國立高雄科技大學航運管理系(通過)"
CAND_0348,114,nutc_fin,國立臺中科技大學,財務金融系(商管群),國立臺中科技大學 財務金融系(商管群),68090378,何*乘,備取,—,—,未分發或放棄,3,國立臺中科技大學財務金融系(通過); 國立高雄科技大學金融系(通過); 國立高雄科技大學會計資訊系(通過)
CAND_0349,114,nutc_fin,國立臺中科技大學,財務金融系(商管群),國立臺中科技大學 財務金融系(商管群),70090293,林*,備取,—,—,未分發或放棄,1,國立臺中科技大學財務金融系(通過)
CAND_0350,114,nutc_fin,國立臺中科技大學,財務金融系(商管群),國立臺中科技大學 財務金融系(商管群),70090445,楊*凱,備取,國立高雄科技大學,國立高雄科技大學財務管理系,其他學校錄取,3,"國立臺中科技大學財務金融系(通過); 國立高雄科技大學財務管理系(正取,分發); 國立臺北商業大學企業管理系(臺北校區)(正取)"
CAND_0351,114,nutc_fin,國立臺中科技大學,財務金融系(商管群),國立臺中科技大學 財務金融系(商管群),70090873,陳*容,備取,國立高雄科技大學,國立高雄科技大學金融系,其他學校錄取,2,"國立臺中科技大學財務金融系(通過); 國立高雄科技大學金融系(備取,分發)"
CAND_0352,114,nutc_fin,國立臺中科技大學,財務金融系(商管群),國立臺中科技大學 財務金融系(商管群),70090910,潘*丞,備取,國立高雄科技大學,國立高雄科技大學資訊管理系,其他學校錄取,3,"國立臺中科技大學財務金融系(通過); 國立高雄科技大學資訊管理系(備取,分發); 國立屏東大學資訊管理學系(通過)"
CAND_0353,114,nutc_fin,國立臺中科技大學,財務金融系(商管群),國立臺中科技大學 財務金融系(商管群),71090274,郭*,備取,國立高雄科技大學,國立高雄科技大學資訊管理系,其他學校錄取,4,"國立臺中科技大學財務金融系(通過); 國立高雄科技大學資訊管理系(備取,分發); 國立高雄科技大學運籌管理系(正取); 國立屏東大學資訊管理學系(正取)"
CAND_0354,114,nutc_fin,國立臺中科技大學,財務金融系(商管群),國立臺中科技大學 財務金融系(商管群),75090022,賴*語,備取,—,—,未分發或放棄,3,國立臺中科技大學財務金融系(通過); 國立高雄科技大學金融系(通過); 國立虎尾科技大學財務金融系(通過)
CAND_0355,114,nutc_fin,國立臺中科技大學,財務金融系(商管群),國立臺中科技大學 財務金融系(商管群),75090085,陳*新,備取,國立高雄科技大學,國立高雄科技大學金融系,其他學校錄取,6,"國立臺中科技大學財務金融系(通過); 國立高雄科技大學風險管理與保險系(通過); 國立高雄科技大學金融系(備取,分發); 國立高雄科技大學財務管理系(備取); 國立屏東大學企業管理學系(通過); 國立屏東大學財務金融學系(通過)"
CAND_0356,114,nutc_fin,國立臺中科技大學,財務金融系(商管群),國立臺中科技大學 財務金融系(商管群),76090001,許*有,備取,國立雲林科技大學,國立雲林科技大學財務金融系,其他學校錄取,6,"國立臺中科技大學財務金融系(通過); 國立雲林科技大學財務金融系(備取,分發); 國立高雄科技大學財務管理系(通過); 國立高雄科技大學金融資訊系(通過); 國立臺北商業大學財務金融系(臺北校區)(備取); 國立屏東大學財務金融學系(正取)"
CAND_0357,114,nutc_fin,國立臺中科技大學,財務金融系(商管群),國立臺中科技大學 財務金融系(商管群),76090040,吳*穎,備取,朝陽科技大學,朝陽科技大學保險金融管理系,其他學校錄取,5,"國立臺中科技大學財務金融系(通過); 國立勤益科技大學資訊管理系(通過); 朝陽科技大學保險金融管理系(備取,分發); 嶺東科技大學財務金融系(通過); 嶺東科技大學時尚經營系(通過)"
CAND_0358,114,nutc_fin,國立臺中科技大學,財務金融系(商管群),國立臺中科技大學 財務金融系(商管群),76090046,陳*,備取,樹德科技大學,樹德科技大學金融管理系,其他學校錄取,6,"國立臺中科技大學財務金融系(通過); 國立高雄科技大學企業管理系(備取); 國立高雄科技大學財務管理系(通過); 南臺科技大學財務金融系(正取); 樹德科技大學金融管理系(正取,分發); 正修科技大學金融管理系(正取)"
CAND_0359,114,nutc_fin,國立臺中科技大學,財務金融系(商管群),國立臺中科技大學 財務金融系(商管群),78090007,薛*婷,備取,—,—,未分發或放棄,5,國立臺中科技大學財務金融系(通過); 國立雲林科技大學企業管理系(備取); 國立臺北護理健康大學健康事業管理系(通過); 國立臺北商業大學企業管理系(臺北校區)(備取); 嶺東科技大學企業管理系(正取)
CAND_0360,114,nutc_fin,國立臺中科技大學,財務金融系(商管群),國立臺中科技大學 財務金融系(商管群),78090011,葵*庭,備取,國立雲林科技大學,國立雲林科技大學企業管理系,其他學校錄取,5,"國立臺中科技大學財務金融系(通過); 國立雲林科技大學企業管理系(備取,分發); 國立雲林科技大學財務金融系(備取); 國立臺北商業大學企業管理系(臺北校區)(備取); 國立臺灣海洋大學航運管理學系(備取)"
CAND_0361,114,nutc_fin,國立臺中科技大學,財務金融系(商管群),國立臺中科技大學 財務金融系(商管群),78090012,林*永,備取,國立雲林科技大學,國立雲林科技大學財務金融系,其他學校錄取,5,"國立臺中科技大學財務金融系(通過); 國立雲林科技大學企業管理系(正取); 國立雲林科技大學財務金融系(正取,分發); 國立臺北商業大學企業管理系(臺北校區)(備取); 致理科技大學財務金融系(通過)"
CAND_0362,114,nutc_fin,國立臺中科技大學,財務金融系(英語類),國立臺中科技大學 財務金融系(英語類),61150389,謝*妤,正取,國立臺中科技大學,國立臺中科技大學財務金融系,原校系/本校留任,4,"國立臺中科技大學財務金融系(正取,分發); 國立高雄科技大學行銷與流通管理系(正取); 國立高雄科技大學供應鏈管理系(正取); 國立虎尾科技大學企業管理系(正取)"
CAND_0363,114,nutc_fin,國立臺中科技大學,財務金融系(英語類),國立臺中科技大學 財務金融系(英語類),61150265,*瑜,正取,國立臺中科技大學,國立臺中科技大學財務金融系,原校系/本校留任,1,"國立臺中科技大學財務金融系(正取,分發)"
CAND_0364,114,nutc_fin,國立臺中科技大學,財務金融系(英語類),國立臺中科技大學 財務金融系(英語類),56150101,何*楹,正取,國立臺中科技大學,國立臺中科技大學財務金融系,原校系/本校留任,1,"國立臺中科技大學財務金融系(正取,分發)"
CAND_0365,114,nutc_fin,國立臺中科技大學,財務金融系(英語類),國立臺中科技大學 財務金融系(英語類),55150034,吳*,正取,—,—,未分發或放棄,2,國立臺中科技大學財務金融系(正取); 國立臺北護理健康大學生死與健康心理諮商系(通過)
CAND_0366,114,nutc_fin,國立臺中科技大學,財務金融系(英語類),國立臺中科技大學 財務金融系(英語類),56150129,*臻,正取,國立臺中科技大學,國立臺中科技大學財務金融系,原校系/本校留任,2,"國立臺中科技大學財務金融系(正取,分發); 國立勤益科技大學應用英語系(正取)"
CAND_0367,114,nutc_fin,國立臺中科技大學,財務金融系(英語類),國立臺中科技大學 財務金融系(英語類),57150019,*瑀,備取,—,—,未分發或放棄,3,國立臺中科技大學財務金融系(備取); 國立高雄科技大學供應鏈管理系(通過); 靜宜大學法律學系(通過)
CAND_0368,114,nutc_fin,國立臺中科技大學,財務金融系(英語類),國立臺中科技大學 財務金融系(英語類),58150113,吳*瑄,備取,—,—,未分發或放棄,1,國立臺中科技大學財務金融系(備取)
CAND_0369,114,nutc_fin,國立臺中科技大學,財務金融系(英語類),國立臺中科技大學 財務金融系(英語類),61150161,邱*,備取,國立臺中科技大學,國立臺中科技大學財務金融系,原校系/本校留任,3,"國立臺中科技大學財務金融系(備取,分發); 國立高雄科技大學風險管理與保險系(通過); 國立高雄科技大學供應鏈管理系(通過)"
CAND_0370,114,nutc_fin,國立臺中科技大學,財務金融系(英語類),國立臺中科技大學 財務金融系(英語類),57150035,李*,備取,—,—,未分發或放棄,2,國立臺中科技大學財務金融系(備取); 致理科技大學商務科技管理系(通過)
CAND_0371,114,nutc_fin,國立臺中科技大學,財務金融系(英語類),國立臺中科技大學 財務金融系(英語類),58150133,彭*,備取,—,—,未分發或放棄,4,國立臺中科技大學財務金融系(通過); 國立虎尾科技大學企業管理系(通過); 國立虎尾科技大學財務金融系(通過); 國立臺北護理健康大學運動保健系(通過)
CAND_0372,114,nutc_fin,國立臺中科技大學,財務金融系(英語類),國立臺中科技大學 財務金融系(英語類),61150260,李*淇,備取,—,—,未分發或放棄,3,國立臺中科技大學財務金融系(通過); 國立高雄科技大學運籌管理系(通過); 國立高雄科技大學行銷與流通管理系(通過)
CAND_0373,114,nutc_fin,國立臺中科技大學,財務金融系(英語類),國立臺中科技大學 財務金融系(英語類),61150423,張*棋,備取,國立高雄科技大學,國立高雄科技大學風險管理與保險系,其他學校錄取,4,"國立臺中科技大學財務金融系(通過); 國立高雄科技大學風險管理與保險系(正取,分發); 國立高雄科技大學航運管理系(通過); 國立高雄餐旅大學航空暨運輸服務管理系(通過)"
CAND_0374,114,nutc_fin,國立臺中科技大學,財務金融系(英語類),國立臺中科技大學 財務金融系(英語類),64150083,張*福,備取,國立高雄科技大學,國立高雄科技大學運籌管理系,其他學校錄取,2,"國立臺中科技大學財務金融系(通過); 國立高雄科技大學運籌管理系(備取,分發)"
CAND_0375,114,nutc_fin,國立臺中科技大學,財務金融系(英語類),國立臺中科技大學 財務金融系(英語類),66150047,陳*翔,備取,國立雲林科技大學,國立雲林科技大學企業管理系,其他學校錄取,6,"國立臺中科技大學財務金融系(通過); 國立雲林科技大學企業管理系(正取,分發); 國立雲林科技大學應用外語系(備取); 國立臺北科技大學文化事業發展系(通過); 國立高雄科技大學行銷與流通管理系(通過); 國立高雄科技大學海洋休閒管理系(通過)"
CAND_0376,114,nutc_fin,國立臺中科技大學,財務金融系(英語類),國立臺中科技大學 財務金融系(英語類),75530008,郭*佑,備取,—,—,未分發或放棄,1,國立臺中科技大學財務金融系(通過)
CAND_0377,114,nutc_fin,國立臺中科技大學,財務金融系(資管類),國立臺中科技大學 財務金融系(資管類),70090131,林*哈,正取,國立臺中科技大學,國立臺中科技大學財務金融系,原校系/本校留任,2,"國立臺中科技大學財務金融系(正取,分發); 國立高雄科技大學金融系(通過)"
CAND_0378,114,nutc_fin,國立臺中科技大學,財務金融系(資管類),國立臺中科技大學 財務金融系(資管類),60090065,邱*,正取,國立臺中科技大學,國立臺中科技大學財務金融系,原校系/本校留任,2,"國立臺中科技大學財務金融系(正取,分發); 國立勤益科技大學工業工程與管理系(通過)"
CAND_0379,114,nutc_fin,國立臺中科技大學,財務金融系(資管類),國立臺中科技大學 財務金融系(資管類),70090075,陳*女,正取,國立臺中科技大學,國立臺中科技大學財務金融系,原校系/本校留任,1,"國立臺中科技大學財務金融系(正取,分發)"
CAND_0380,114,nutc_fin,國立臺中科技大學,財務金融系(資管類),國立臺中科技大學 財務金融系(資管類),58090228,A*璇,正取,國立臺中科技大學,國立臺中科技大學財務金融系,原校系/本校留任,3,"國立臺中科技大學財務金融系(正取,分發); 國立高雄科技大學金融資訊系(通過); 中原大學會計學系(備取)"
CAND_0381,114,nutc_fin,國立臺中科技大學,財務金融系(資管類),國立臺中科技大學 財務金融系(資管類),58090248,張*,正取,國立臺中科技大學,國立臺中科技大學財務金融系,原校系/本校留任,1,"國立臺中科技大學財務金融系(正取,分發)"
CAND_0382,114,nutc_fin,國立臺中科技大學,財務金融系(資管類),國立臺中科技大學 財務金融系(資管類),52090518,林*,備取,國立臺北商業大學,國立臺北商業大學企業管理系(臺北校區),其他學校錄取,2,"國立臺中科技大學財務金融系(備取); 國立臺北商業大學企業管理系(臺北校區)(備取,分發)"
CAND_0383,114,nutc_fin,國立臺中科技大學,財務金融系(資管類),國立臺中科技大學 財務金融系(資管類),57090106,吳*盲,備取,—,—,未分發或放棄,4,國立臺中科技大學財務金融系(備取); 國立虎尾科技大學財務金融系(通過); 國立勤益科技大學企業管理系(通過); 銘傳大學企業管理學系(台北校區)(正取)
CAND_0384,114,nutc_fin,國立臺中科技大學,財務金融系(資管類),國立臺中科技大學 財務金融系(資管類),61090343,李*宏,備取,—,—,未分發或放棄,2,國立臺中科技大學財務金融系(備取); 國立虎尾科技大學財務金融系(通過)
CAND_0385,114,nutc_fin,國立臺中科技大學,財務金融系(資管類),國立臺中科技大學 財務金融系(資管類),55090365,沙*諺,備取,國立高雄科技大學,國立高雄科技大學財務管理系,其他學校錄取,3,"國立臺中科技大學財務金融系(備取); 國立高雄科技大學財務管理系(備取,分發); 國立虎尾科技大學工業管理系(通過)"
CAND_0386,114,nutc_fin,國立臺中科技大學,財務金融系(資管類),國立臺中科技大學 財務金融系(資管類),65090181,賴*呈,備取,—,—,未分發或放棄,2,國立臺中科技大學財務金融系(備取); 中原大學國際經營與貿易學系(備取)
CAND_0387,114,nutc_fin,國立臺中科技大學,財務金融系(資管類),國立臺中科技大學 財務金融系(資管類),64090408,林*妤,備取,—,—,未分發或放棄,1,國立臺中科技大學財務金融系(備取)
CAND_0388,114,nutc_fin,國立臺中科技大學,財務金融系(資管類),國立臺中科技大學 財務金融系(資管類),57090774,范*慈,備取,—,—,未分發或放棄,1,國立臺中科技大學財務金融系(備取)
CAND_0389,114,nutc_fin,國立臺中科技大學,財務金融系(資管類),國立臺中科技大學 財務金融系(資管類),52090902,彭*芝,備取,—,—,未分發或放棄,3,國立臺中科技大學財務金融系(通過); 銘傳大學會計學系(台北校區)(通過); 實踐大學財務金融學系(臺北校區)(通過)
CAND_0390,114,nutc_fin,國立臺中科技大學,財務金融系(資管類),國立臺中科技大學 財務金融系(資管類),64090207,葉*曜,備取,—,—,未分發或放棄,2,國立臺中科技大學財務金融系(通過); 國立高雄科技大學運籌管理系(備取)
CAND_0391,114,nutc_fin,國立臺中科技大學,財務金融系(資管類),國立臺中科技大學 財務金融系(資管類),70090107,林*岑,備取,—,—,未分發或放棄,2,國立臺中科技大學財務金融系(通過); 國立高雄科技大學運籌管理系(通過)
CAND_0392,113,nutc_fin,國立臺中科技大學,財務金融系(商管群),國立臺中科技大學 財務金融系(商管群),66090141,*雅,正取,國立臺中科技大學,國立臺中科技大學財務金融系,原校系/本校留任,1,"國立臺中科技大學財務金融系(正取,分發)"
CAND_0393,113,nutc_fin,國立臺中科技大學,財務金融系(商管群),國立臺中科技大學 財務金融系(商管群),61090796,黄*璇,正取,國立雲林科技大學,國立雲林科技大學資訊管理系,其他學校錄取,5,"國立臺中科技大學財務金融系(正取); 國立雲林科技大學資訊管理系(正取,分發); 國立虎尾科技大學財務金融系(通過); 國立勤益科技大學資訊管理系(資安人才)(通過); 國立彰化師範大學財務金融技術學系(正取)"
CAND_0394,113,nutc_fin,國立臺中科技大學,財務金融系(商管群),國立臺中科技大學 財務金融系(商管群),61090981,陳*婷,正取,國立臺中科技大學,國立臺中科技大學財務金融系,原校系/本校留任,3,"國立臺中科技大學財務金融系(正取,分發); 國立高雄科技大學行銷與流通管理系(正取); 國立高雄科技大學財務管理系(正取)"
CAND_0395,113,nutc_fin,國立臺中科技大學,財務金融系(商管群),國立臺中科技大學 財務金融系(商管群),61090082,*婷,正取,國立臺中科技大學,國立臺中科技大學財務金融系,原校系/本校留任,3,"國立臺中科技大學財務金融系(正取,分發); 國立雲林科技大學企業管理系(通過); 逢甲大學合作經濟暨社會事業經營學系(正取)"
CAND_0396,113,nutc_fin,國立臺中科技大學,財務金融系(商管群),國立臺中科技大學 財務金融系(商管群),64090144,周*如,正取,國立雲林科技大學,國立雲林科技大學企業管理系,其他學校錄取,5,"國立臺中科技大學財務金融系(正取); 國立雲林科技大學企業管理系(正取,分發); 國立高雄科技大學國際企業系(通過); 國立高雄科技大學金融系(備取); 國立高雄科技大學財務管理系(通過)"
CAND_0397,113,nutc_fin,國立臺中科技大學,財務金融系(商管群),國立臺中科技大學 財務金融系(商管群),66090078,陳*翊,正取,國立雲林科技大學,國立雲林科技大學財務金融系,其他學校錄取,5,"國立臺中科技大學財務金融系(正取); 國立雲林科技大學財務金融系(正取,分發); 國立高雄科技大學金融系(正取); 國立高雄科技大學財政稅務系(正取); 國立彰化師範大學財務金融技術學系(備取)"
CAND_0398,113,nutc_fin,國立臺中科技大學,財務金融系(商管群),國立臺中科技大學 財務金融系(商管群),67090147,林*妤,正取,國立高雄科技大學,國立高雄科技大學金融資訊系,其他學校錄取,5,"國立臺中科技大學財務金融系(正取); 國立雲林科技大學企業管理系(正取); 國立高雄科技大學金融系(正取); 國立高雄科技大學財務管理系(通過); 國立高雄科技大學金融資訊系(正取,分發)"
CAND_0399,113,nutc_fin,國立臺中科技大學,財務金融系(商管群),國立臺中科技大學 財務金融系(商管群),61090408,許*軒,正取,國立臺中科技大學,國立臺中科技大學財務金融系,原校系/本校留任,5,"國立臺中科技大學財務金融系(正取,分發); 國立雲林科技大學會計系(通過); 國立高雄科技大學金融系(正取); 國立高雄科技大學會計資訊系(通過); 國立高雄科技大學金融資訊系(通過)"
CAND_0400,113,nutc_fin,國立臺中科技大學,財務金融系(商管群),國立臺中科技大學 財務金融系(商管群),58090169,陳*女,正取,國立臺中科技大學,國立臺中科技大學財務金融系,原校系/本校留任,2,"國立臺中科技大學財務金融系(正取,分發); 國立勤益科技大學企業管理系(通過)"
CAND_0401,113,nutc_fin,國立臺中科技大學,財務金融系(商管群),國立臺中科技大學 財務金融系(商管群),57090993,陳*,正取,國立高雄科技大學,國立高雄科技大學金融系,其他學校錄取,2,"國立臺中科技大學財務金融系(正取); 國立高雄科技大學金融系(備取,分發)"
CAND_0402,113,nutc_fin,國立臺中科技大學,財務金融系(商管群),國立臺中科技大學 財務金融系(商管群),57090394,黄*晴,正取,國立臺中科技大學,國立臺中科技大學財務金融系,原校系/本校留任,1,"國立臺中科技大學財務金融系(正取,分發)"
CAND_0403,113,nutc_fin,國立臺中科技大學,財務金融系(商管群),國立臺中科技大學 財務金融系(商管群),58090105,連*淳,正取,國立臺北商業大學,國立臺北商業大學財政稅務系(臺北校區),其他學校錄取,3,"國立臺中科技大學財務金融系(正取); 國立臺北商業大學財政稅務系(臺北校區)(備取,分發); 國立臺北商業大學企業管理系(臺北校區)(正取)"
CAND_0404,113,nutc_fin,國立臺中科技大學,財務金融系(商管群),國立臺中科技大學 財務金融系(商管群),64090072,李*紋,正取,國立彰化師範大學,國立彰化師範大學財務金融技術學系,其他學校錄取,4,"國立臺中科技大學財務金融系(正取); 國立高雄科技大學財務管理系(正取); 國立高雄科技大學金融資訊系(正取); 國立彰化師範大學財務金融技術學系(備取,分發)"
CAND_0405,113,nutc_fin,國立臺中科技大學,財務金融系(商管群),國立臺中科技大學 財務金融系(商管群),61090591,黄*晴,正取,國立臺中科技大學,國立臺中科技大學財務金融系,原校系/本校留任,2,"國立臺中科技大學財務金融系(正取,分發); 國立虎尾科技大學財務金融系(通過)"
CAND_0406,113,nutc_fin,國立臺中科技大學,財務金融系(商管群),國立臺中科技大學 財務金融系(商管群),52090921,陳*,正取,國立臺中科技大學,國立臺中科技大學財務金融系,原校系/本校留任,3,"國立臺中科技大學財務金融系(正取,分發); 國立高雄科技大學金融系(正取); 國立虎尾科技大學財務金融系(正取)"
CAND_0407,113,nutc_fin,國立臺中科技大學,財務金融系(商管群),國立臺中科技大學 財務金融系(商管群),56090332,周*妤,正取,國立臺中科技大學,國立臺中科技大學財務金融系,原校系/本校留任,1,"國立臺中科技大學財務金融系(正取,分發)"
CAND_0408,113,nutc_fin,國立臺中科技大學,財務金融系(商管群),國立臺中科技大學 財務金融系(商管群),64090020,李*哈,正取,國立臺中科技大學,國立臺中科技大學財務金融系,原校系/本校留任,3,"國立臺中科技大學財務金融系(正取,分發); 國立高雄科技大學會計資訊系(通過); 國立高雄科技大學金融資訊系(通過)"
CAND_0409,113,nutc_fin,國立臺中科技大學,財務金融系(商管群),國立臺中科技大學 財務金融系(商管群),61091175,林*,正取,國立臺中科技大學,國立臺中科技大學財務金融系,原校系/本校留任,3,"國立臺中科技大學財務金融系(正取,分發); 國立高雄科技大學金融系(備取); 國立高雄科技大學會計資訊系(正取)"
CAND_0410,113,nutc_fin,國立臺中科技大學,財務金融系(商管群),國立臺中科技大學 財務金融系(商管群),61091485,姚*諾,正取,國立臺中科技大學,國立臺中科技大學財務金融系,原校系/本校留任,2,"國立臺中科技大學財務金融系(正取,分發); 國立臺北護理健康大學資訊管理系(正取)"
CAND_0411,113,nutc_fin,國立臺中科技大學,財務金融系(商管群),國立臺中科技大學 財務金融系(商管群),58090049,黄*珈,正取,國立雲林科技大學,國立雲林科技大學工業工程與管理系,其他學校錄取,3,"國立臺中科技大學財務金融系(正取); 國立雲林科技大學工業工程與管理系(備取,分發); 國立高雄科技大學財務管理系(正取)"
CAND_0412,113,nutc_fin,國立臺中科技大學,財務金融系(商管群),國立臺中科技大學 財務金融系(商管群),61091009,黄*華,正取,國立臺中科技大學,國立臺中科技大學財務金融系,原校系/本校留任,1,"國立臺中科技大學財務金融系(正取,分發)"
CAND_0413,113,nutc_fin,國立臺中科技大學,財務金融系(商管群),國立臺中科技大學 財務金融系(商管群),68090261,蘇*,正取,國立臺中科技大學,國立臺中科技大學財務金融系,原校系/本校留任,2,"國立臺中科技大學財務金融系(正取,分發); 國立高雄科技大學金融資訊系(通過)"
CAND_0414,113,nutc_fin,國立臺中科技大學,財務金融系(商管群),國立臺中科技大學 財務金融系(商管群),57090111,張*柔,正取,—,—,未分發或放棄,2,國立臺中科技大學財務金融系(正取); 國立高雄科技大學財務管理系(正取)
CAND_0415,113,nutc_fin,國立臺中科技大學,財務金融系(商管群),國立臺中科技大學 財務金融系(商管群),64090031,徐*瑜,正取,國立高雄科技大學,國立高雄科技大學金融系,其他學校錄取,4,"國立臺中科技大學財務金融系(正取); 國立雲林科技大學資訊管理系(通過); 國立高雄科技大學金融系(正取,分發); 國立高雄科技大學財政稅務系(通過)"
CAND_0416,113,nutc_fin,國立臺中科技大學,財務金融系(商管群),國立臺中科技大學 財務金融系(商管群),61091461,謝*叡,正取,國立臺中科技大學,國立臺中科技大學財務金融系,原校系/本校留任,1,"國立臺中科技大學財務金融系(正取,分發)"
CAND_0417,113,nutc_fin,國立臺中科技大學,財務金融系(商管群),國立臺中科技大學 財務金融系(商管群),64090068,*絜,正取,國立臺中科技大學,國立臺中科技大學財務金融系,原校系/本校留任,2,"國立臺中科技大學財務金融系(正取,分發); 國立高雄科技大學資訊管理系(正取)"
CAND_0418,113,nutc_fin,國立臺中科技大學,財務金融系(商管群),國立臺中科技大學 財務金融系(商管群),64090272,葉*,正取,國立彰化師範大學,國立彰化師範大學財務金融技術學系,其他學校錄取,4,"國立臺中科技大學財務金融系(正取); 國立雲林科技大學企業管理系(通過); 國立高雄科技大學財務管理系(正取); 國立彰化師範大學財務金融技術學系(正取,分發)"
CAND_0419,113,nutc_fin,國立臺中科技大學,財務金融系(商管群),國立臺中科技大學 財務金融系(商管群),67090222,張*,正取,國立雲林科技大學,國立雲林科技大學企業管理系,其他學校錄取,5,"國立臺中科技大學財務金融系(正取); 國立雲林科技大學企業管理系(正取,分發); 國立高雄科技大學企業管理系(正取); 國立高雄科技大學金融系(正取); 國立高雄科技大學財務管理系(正取)"
CAND_0420,113,nutc_fin,國立臺中科技大學,財務金融系(商管群),國立臺中科技大學 財務金融系(商管群),57090312,范*伸,正取,國立臺中科技大學,國立臺中科技大學財務金融系,原校系/本校留任,1,"國立臺中科技大學財務金融系(正取,分發)"
CAND_0421,113,nutc_fin,國立臺中科技大學,財務金融系(商管群),國立臺中科技大學 財務金融系(商管群),54090385,李*,正取,國立臺中科技大學,國立臺中科技大學財務金融系,原校系/本校留任,1,"國立臺中科技大學財務金融系(正取,分發)"
CAND_0422,113,nutc_fin,國立臺中科技大學,財務金融系(商管群),國立臺中科技大學 財務金融系(商管群),64090535,葵*臻,正取,國立高雄科技大學,國立高雄科技大學航運管理系,其他學校錄取,3,"國立臺中科技大學財務金融系(正取); 國立雲林科技大學工業工程與管理系(備取); 國立高雄科技大學航運管理系(正取,分發)"
CAND_0423,113,nutc_fin,國立臺中科技大學,財務金融系(商管群),國立臺中科技大學 財務金融系(商管群),70090033,吳*蓉,正取,國立臺中科技大學,國立臺中科技大學財務金融系,原校系/本校留任,1,"國立臺中科技大學財務金融系(正取,分發)"
CAND_0424,113,nutc_fin,國立臺中科技大學,財務金融系(商管群),國立臺中科技大學 財務金融系(商管群),61091195,張*芬,正取,國立臺中科技大學,國立臺中科技大學財務金融系,原校系/本校留任,1,"國立臺中科技大學財務金融系(正取,分發)"
CAND_0425,113,nutc_fin,國立臺中科技大學,財務金融系(商管群),國立臺中科技大學 財務金融系(商管群),65090003,*之,正取,國立臺中科技大學,國立臺中科技大學財務金融系,原校系/本校留任,2,"國立臺中科技大學財務金融系(正取,分發); 國立雲林科技大學會計系(備取)"
CAND_0426,113,nutc_fin,國立臺中科技大學,財務金融系(商管群),國立臺中科技大學 財務金融系(商管群),55090375,*家,正取,國立臺中科技大學,國立臺中科技大學財務金融系,原校系/本校留任,2,"國立臺中科技大學財務金融系(正取,分發); 國立高雄科技大學行銷與流通管理系(通過)"
CAND_0427,113,nutc_fin,國立臺中科技大學,財務金融系(商管群),國立臺中科技大學 財務金融系(商管群),70090621,葵*欣,正取,國立臺中科技大學,國立臺中科技大學財務金融系,原校系/本校留任,1,"國立臺中科技大學財務金融系(正取,分發)"
CAND_0428,113,nutc_fin,國立臺中科技大學,財務金融系(商管群),國立臺中科技大學 財務金融系(商管群),60090057,蘇*瑄,正取,—,—,未分發或放棄,2,國立臺中科技大學財務金融系(正取); 國立雲林科技大學會計系(備取)
CAND_0429,113,nutc_fin,國立臺中科技大學,財務金融系(商管群),國立臺中科技大學 財務金融系(商管群),58090288,林*珊,正取,國立臺中科技大學,國立臺中科技大學財務金融系,原校系/本校留任,1,"國立臺中科技大學財務金融系(正取,分發)"
CAND_0430,113,nutc_fin,國立臺中科技大學,財務金融系(商管群),國立臺中科技大學 財務金融系(商管群),67090032,汪*,正取,國立臺中科技大學,國立臺中科技大學財務金融系,原校系/本校留任,3,"國立臺中科技大學財務金融系(正取,分發); 國立高雄科技大學資訊管理系(正取); 國立高雄科技大學財務管理系(通過)"
CAND_0431,113,nutc_fin,國立臺中科技大學,財務金融系(商管群),國立臺中科技大學 財務金融系(商管群),56090182,康*毓,正取,國立臺中科技大學,國立臺中科技大學財務金融系,原校系/本校留任,1,"國立臺中科技大學財務金融系(正取,分發)"
CAND_0432,113,nutc_fin,國立臺中科技大學,財務金融系(商管群),國立臺中科技大學 財務金融系(商管群),64090388,鄭*祐,正取,國立臺中科技大學,國立臺中科技大學財務金融系,原校系/本校留任,4,"國立臺中科技大學財務金融系(正取,分發); 國立雲林科技大學會計系(備取); 國立高雄科技大學金融資訊系(通過); 國立臺北商業大學財政稅務系(臺北校區)(備取)"
CAND_0433,113,nutc_fin,國立臺中科技大學,財務金融系(商管群),國立臺中科技大學 財務金融系(商管群),58090157,范*,正取,國立臺中科技大學,國立臺中科技大學財務金融系,原校系/本校留任,2,"國立臺中科技大學財務金融系(正取,分發); 國立高雄科技大學財政稅務系(通過)"
CAND_0434,113,nutc_fin,國立臺中科技大學,財務金融系(商管群),國立臺中科技大學 財務金融系(商管群),54090105,*瑄,正取,國立臺北商業大學,國立臺北商業大學企業管理系(臺北校區),其他學校錄取,3,"國立臺中科技大學財務金融系(正取); 國立雲林科技大學企業管理系(正取); 國立臺北商業大學企業管理系(臺北校區)(正取,分發)"
CAND_0435,113,nutc_fin,國立臺中科技大學,財務金融系(商管群),國立臺中科技大學 財務金融系(商管群),64090303,黄*,正取,國立臺中科技大學,國立臺中科技大學財務金融系,原校系/本校留任,2,"國立臺中科技大學財務金融系(正取,分發); 國立高雄科技大學財務管理系(通過)"
CAND_0436,113,nutc_fin,國立臺中科技大學,財務金融系(商管群),國立臺中科技大學 財務金融系(商管群),73090186,吳*,正取,中原大學,中原大學會計學系,其他學校錄取,3,"國立臺中科技大學財務金融系(正取); 中原大學會計學系(備取,分發); 中原大學資訊管理學系(備取)"
CAND_0437,113,nutc_fin,國立臺中科技大學,財務金融系(商管群),國立臺中科技大學 財務金融系(商管群),64090584,温*璘,正取,國立臺中科技大學,國立臺中科技大學財務金融系,原校系/本校留任,2,"國立臺中科技大學財務金融系(正取,分發); 國立勤益科技大學企業管理系(通過)"
CAND_0438,113,nutc_fin,國立臺中科技大學,財務金融系(商管群),國立臺中科技大學 財務金融系(商管群),52090321,高*,正取,國立臺北商業大學,國立臺北商業大學商業設計管理系(桃園校區),其他學校錄取,4,"國立臺中科技大學財務金融系(正取); 國立高雄科技大學金融系(備取); 國立臺北護理健康大學資訊管理系(通過); 國立臺北商業大學商業設計管理系(桃園校區)(備取,分發)"
CAND_0439,113,nutc_fin,國立臺中科技大學,財務金融系(商管群),國立臺中科技大學 財務金融系(商管群),71090017,葵*玲,正取,國立高雄科技大學,國立高雄科技大學金融資訊系,其他學校錄取,2,"國立臺中科技大學財務金融系(正取); 國立高雄科技大學金融資訊系(正取,分發)"
CAND_0440,113,nutc_fin,國立臺中科技大學,財務金融系(商管群),國立臺中科技大學 財務金融系(商管群),67090094,周*駿,正取,—,—,未分發或放棄,2,國立臺中科技大學財務金融系(正取); 國立雲林科技大學財務金融系(備取)
CAND_0441,113,nutc_fin,國立臺中科技大學,財務金融系(商管群),國立臺中科技大學 財務金融系(商管群),61091267,黄*淇,正取,國立雲林科技大學,國立雲林科技大學工業工程與管理系,其他學校錄取,4,"國立臺中科技大學財務金融系(正取); 國立雲林科技大學工業工程與管理系(正取,分發); 國立高雄科技大學資訊管理系(通過); 國立高雄科技大學金融資訊系(通過)"
CAND_0442,113,nutc_fin,國立臺中科技大學,財務金融系(商管群),國立臺中科技大學 財務金融系(商管群),66090334,林*儀,正取,國立臺中科技大學,國立臺中科技大學財務金融系,原校系/本校留任,3,"國立臺中科技大學財務金融系(正取,分發); 國立高雄科技大學金融系(正取); 國立高雄科技大學財政稅務系(通過)"
CAND_0443,113,nutc_fin,國立臺中科技大學,財務金融系(商管群),國立臺中科技大學 財務金融系(商管群),57090160,彭*廷,正取,—,—,未分發或放棄,2,國立臺中科技大學財務金融系(正取); 中原大學會計學系(通過)
CAND_0444,113,nutc_fin,國立臺中科技大學,財務金融系(商管群),國立臺中科技大學 財務金融系(商管群),65090170,黄*綺,正取,國立臺中科技大學,國立臺中科技大學財務金融系,原校系/本校留任,2,"國立臺中科技大學財務金融系(正取,分發); 國立高雄科技大學金融資訊系(通過)"
CAND_0445,113,nutc_fin,國立臺中科技大學,財務金融系(商管群),國立臺中科技大學 財務金融系(商管群),61091327,*盲,正取,國立臺中科技大學,國立臺中科技大學財務金融系,原校系/本校留任,3,"國立臺中科技大學財務金融系(正取,分發); 國立勤益科技大學企業管理系(通過); 亞洲大學經營管理學系(備取)"
CAND_0446,113,nutc_fin,國立臺中科技大學,財務金融系(商管群),國立臺中科技大學 財務金融系(商管群),61091213,鄭*軒,正取,國立臺中科技大學,國立臺中科技大學財務金融系,原校系/本校留任,2,"國立臺中科技大學財務金融系(正取,分發); 國立高雄科技大學運籌管理系(通過)"
CAND_0447,113,nutc_fin,國立臺中科技大學,財務金融系(商管群),國立臺中科技大學 財務金融系(商管群),65090117,*如,正取,國立雲林科技大學,國立雲林科技大學財務金融系,其他學校錄取,4,"國立臺中科技大學財務金融系(正取); 國立雲林科技大學財務金融系(正取,分發); 國立高雄科技大學金融系(正取); 國立高雄科技大學金融資訊系(通過)"
CAND_0448,113,nutc_fin,國立臺中科技大學,財務金融系(商管群),國立臺中科技大學 財務金融系(商管群),65090448,林*宇,正取,國立雲林科技大學,國立雲林科技大學財務金融系,其他學校錄取,2,"國立臺中科技大學財務金融系(正取); 國立雲林科技大學財務金融系(正取,分發)"
CAND_0449,113,nutc_fin,國立臺中科技大學,財務金融系(商管群),國立臺中科技大學 財務金融系(商管群),78090020,陳*女,正取,國立臺北商業大學,國立臺北商業大學會計資訊系(臺北校區),其他學校錄取,4,"國立臺中科技大學財務金融系(正取); 國立高雄科技大學財政稅務系(通過); 國立臺北商業大學會計資訊系(臺北校區)(正取,分發); 國立臺北商業大學財務金融系(臺北校區)(正取)"
CAND_0450,113,nutc_fin,國立臺中科技大學,財務金融系(商管群),國立臺中科技大學 財務金融系(商管群),77090010,陳*君,正取,國立臺中科技大學,國立臺中科技大學財務金融系,原校系/本校留任,6,"國立臺中科技大學財務金融系(正取,分發); 國立雲林科技大學財務金融系(通過); 國立臺北商業大學財務金融系(臺北校區)(正取); 國立臺北商業大學財政稅務系(臺北校區)(備取); 國立臺北商業大學企業管理系(臺北校區)(備取); 國立金門大學企業管理學系(備取)"
CAND_0451,113,nutc_fin,國立臺中科技大學,財務金融系(商管群),國立臺中科技大學 財務金融系(商管群),67090227,吳*綾,正取,國立雲林科技大學,國立雲林科技大學工業工程與管理系,其他學校錄取,4,"國立臺中科技大學財務金融系(正取); 國立雲林科技大學工業工程與管理系(正取,分發); 國立高雄科技大學金融系(正取); 國立屏東大學財務金融學系(正取)"
CAND_0452,113,nutc_fin,國立臺中科技大學,財務金融系(商管群),國立臺中科技大學 財務金融系(商管群),61090665,葵*鴻,備取,國立高雄科技大學,國立高雄科技大學行銷與流通管理系,其他學校錄取,2,"國立臺中科技大學財務金融系(備取); 國立高雄科技大學行銷與流通管理系(備取,分發)"
CAND_0453,113,nutc_fin,國立臺中科技大學,財務金融系(商管群),國立臺中科技大學 財務金融系(商管群),57091033,葵*,備取,逢甲大學,逢甲大學財稅學系,其他學校錄取,2,"國立臺中科技大學財務金融系(備取); 逢甲大學財稅學系(備取,分發)"
CAND_0454,113,nutc_fin,國立臺中科技大學,財務金融系(商管群),國立臺中科技大學 財務金融系(商管群),52090894,陳*佑,備取,國立高雄科技大學,國立高雄科技大學資訊管理系,其他學校錄取,5,"國立臺中科技大學財務金融系(備取); 國立雲林科技大學工業工程與管理系(通過); 國立高雄科技大學資訊管理系(備取,分發); 國立高雄科技大學智慧商務系(備取); 國立虎尾科技大學資訊管理系(通過)"
CAND_0455,113,nutc_fin,國立臺中科技大學,財務金融系(商管群),國立臺中科技大學 財務金融系(商管群),61090579,楊*雅,備取,國立高雄科技大學,國立高雄科技大學財務管理系,其他學校錄取,4,"國立臺中科技大學財務金融系(備取); 國立雲林科技大學企業管理系(通過); 國立高雄科技大學財務管理系(正取,分發); 國立臺北商業大學企業管理系(臺北校區)(通過)"
CAND_0456,113,nutc_fin,國立臺中科技大學,財務金融系(商管群),國立臺中科技大學 財務金融系(商管群),61090440,陳*綸,備取,國立高雄科技大學,國立高雄科技大學金融資訊系,其他學校錄取,3,"國立臺中科技大學財務金融系(備取); 國立高雄科技大學會計資訊系(通過); 國立高雄科技大學金融資訊系(備取,分發)"
CAND_0457,113,nutc_fin,國立臺中科技大學,財務金融系(商管群),國立臺中科技大學 財務金融系(商管群),61090080,徐*筑,備取,國立臺中科技大學,國立臺中科技大學財務金融系,原校系/本校留任,2,"國立臺中科技大學財務金融系(備取,分發); 國立勤益科技大學企業管理系(通過)"
CAND_0458,113,nutc_fin,國立臺中科技大學,財務金融系(商管群),國立臺中科技大學 財務金融系(商管群),70090410,朱*恩,備取,國立臺中科技大學,國立臺中科技大學財務金融系,原校系/本校留任,2,"國立臺中科技大學財務金融系(備取,分發); 國立高雄科技大學航運管理系(通過)"
CAND_0459,113,nutc_fin,國立臺中科技大學,財務金融系(商管群),國立臺中科技大學 財務金融系(商管群),61091711,高*騏,備取,國立臺中科技大學,國立臺中科技大學財務金融系,原校系/本校留任,2,"國立臺中科技大學財務金融系(備取,分發); 國立屏東大學財務金融學系(正取)"
CAND_0460,113,nutc_fin,國立臺中科技大學,財務金融系(商管群),國立臺中科技大學 財務金融系(商管群),71090334,張*,備取,國立臺中科技大學,國立臺中科技大學財務金融系,原校系/本校留任,1,"國立臺中科技大學財務金融系(備取,分發)"
CAND_0461,113,nutc_fin,國立臺中科技大學,財務金融系(商管群),國立臺中科技大學 財務金融系(商管群),70090269,*柔,備取,國立臺中科技大學,國立臺中科技大學財務金融系,原校系/本校留任,1,"國立臺中科技大學財務金融系(備取,分發)"
CAND_0462,113,nutc_fin,國立臺中科技大學,財務金融系(商管群),國立臺中科技大學 財務金融系(商管群),57091003,許*展,備取,國立高雄科技大學,國立高雄科技大學金融系,其他學校錄取,2,"國立臺中科技大學財務金融系(備取); 國立高雄科技大學金融系(正取,分發)"
CAND_0463,113,nutc_fin,國立臺中科技大學,財務金融系(商管群),國立臺中科技大學 財務金融系(商管群),61091519,余*賢,備取,國立臺中科技大學,國立臺中科技大學財務金融系,原校系/本校留任,2,"國立臺中科技大學財務金融系(備取,分發); 中原大學資訊管理學系(正取)"
CAND_0464,113,nutc_fin,國立臺中科技大學,財務金融系(商管群),國立臺中科技大學 財務金融系(商管群),65090060,周*禎,備取,國立臺中科技大學,國立臺中科技大學財務金融系,原校系/本校留任,4,"國立臺中科技大學財務金融系(備取,分發); 國立高雄科技大學資訊管理系(通過); 國立高雄科技大學金融資訊系(正取); 國立勤益科技大學流通管理系(通過)"
CAND_0465,113,nutc_fin,國立臺中科技大學,財務金融系(商管群),國立臺中科技大學 財務金融系(商管群),57090983,楊*翎,備取,國立臺中科技大學,國立臺中科技大學財務金融系,原校系/本校留任,1,"國立臺中科技大學財務金融系(備取,分發)"
CAND_0466,113,nutc_fin,國立臺中科技大學,財務金融系(商管群),國立臺中科技大學 財務金融系(商管群),61091397,林*,備取,國立臺中科技大學,國立臺中科技大學財務金融系,原校系/本校留任,1,"國立臺中科技大學財務金融系(備取,分發)"
CAND_0467,113,nutc_fin,國立臺中科技大學,財務金融系(商管群),國立臺中科技大學 財務金融系(商管群),61090124,蒲*廷,備取,國立臺中科技大學,國立臺中科技大學財務金融系,原校系/本校留任,1,"國立臺中科技大學財務金融系(備取,分發)"
CAND_0468,113,nutc_fin,國立臺中科技大學,財務金融系(商管群),國立臺中科技大學 財務金融系(商管群),70090378,*晨,備取,國立臺中科技大學,國立臺中科技大學財務金融系,原校系/本校留任,1,"國立臺中科技大學財務金融系(備取,分發)"
CAND_0469,113,nutc_fin,國立臺中科技大學,財務金融系(商管群),國立臺中科技大學 財務金融系(商管群),63090353,歐*瑗,備取,國立臺中科技大學,國立臺中科技大學財務金融系,原校系/本校留任,3,"國立臺中科技大學財務金融系(備取,分發); 國立高雄科技大學財務管理系(通過); 國立高雄科技大學人力資源發展系(正取)"
CAND_0470,113,nutc_fin,國立臺中科技大學,財務金融系(商管群),國立臺中科技大學 財務金融系(商管群),55090287,*綸,備取,—,—,未分發或放棄,2,國立臺中科技大學財務金融系(備取); 國立宜蘭大學應用經濟與管理學系(備取)
CAND_0471,113,nutc_fin,國立臺中科技大學,財務金融系(商管群),國立臺中科技大學 財務金融系(商管群),57090177,*翔,備取,中原大學,中原大學會計學系,其他學校錄取,3,"國立臺中科技大學財務金融系(備取); 中原大學國際經營與貿易學系(通過); 中原大學會計學系(正取,分發)"
CAND_0472,113,nutc_fin,國立臺中科技大學,財務金融系(商管群),國立臺中科技大學 財務金融系(商管群),62090066,謝*澄,備取,國立高雄科技大學,國立高雄科技大學金融資訊系,其他學校錄取,3,"國立臺中科技大學財務金融系(備取); 國立高雄科技大學資訊管理系(備取); 國立高雄科技大學金融資訊系(備取,分發)"
CAND_0473,113,nutc_fin,國立臺中科技大學,財務金融系(商管群),國立臺中科技大學 財務金融系(商管群),54090257,*豪,備取,國立臺中科技大學,國立臺中科技大學財務金融系,原校系/本校留任,1,"國立臺中科技大學財務金融系(備取,分發)"
CAND_0474,113,nutc_fin,國立臺中科技大學,財務金融系(商管群),國立臺中科技大學 財務金融系(商管群),64090380,*喻,備取,國立臺中科技大學,國立臺中科技大學財務金融系,原校系/本校留任,1,"國立臺中科技大學財務金融系(備取,分發)"
CAND_0475,113,nutc_fin,國立臺中科技大學,財務金融系(商管群),國立臺中科技大學 財務金融系(商管群),78090018,賴*女,備取,國立臺中科技大學,國立臺中科技大學財務金融系,原校系/本校留任,4,"國立臺中科技大學財務金融系(備取,分發); 國立高雄科技大學金融系(通過); 國立臺北商業大學財務金融系(臺北校區)(備取); 國立臺北商業大學企業管理系(臺北校區)(通過)"
CAND_0476,113,nutc_fin,國立臺中科技大學,財務金融系(商管群),國立臺中科技大學 財務金融系(商管群),78090001,吳*,備取,國立臺北商業大學,國立臺北商業大學企業管理系(臺北校區),其他學校錄取,5,"國立臺中科技大學財務金融系(備取); 國立高雄科技大學金融系(正取); 國立高雄科技大學財政稅務系(正取); 國立臺北商業大學財務金融系(臺北校區)(備取); 國立臺北商業大學企業管理系(臺北校區)(正取,分發)"
CAND_0477,113,nutc_fin,國立臺中科技大學,財務金融系(商管群),國立臺中科技大學 財務金融系(商管群),77090021,葵*鴻,備取,國立臺北商業大學,國立臺北商業大學財務金融系(臺北校區),其他學校錄取,6,"國立臺中科技大學財務金融系(備取); 國立臺北科技大學經營管理系(備取); 國立臺北科技大學資訊與財金管理系(通過); 國立臺北商業大學財務金融系(臺北校區)(備取,分發); 國立臺北商業大學財政稅務系(臺北校區)(備取); 國立臺北商業大學企業管理系(臺北校區)(備取)"
CAND_0478,113,nutc_fin,國立臺中科技大學,財務金融系(商管群),國立臺中科技大學 財務金融系(商管群),66090201,林*熙,備取,國立臺中科技大學,國立臺中科技大學財務金融系,原校系/本校留任,4,"國立臺中科技大學財務金融系(備取,分發); 國立高雄科技大學金融系(備取); 國立高雄科技大學財務管理系(通過); 國立高雄科技大學金融資訊系(備取)"
CAND_0479,113,nutc_fin,國立臺中科技大學,財務金融系(商管群),國立臺中科技大學 財務金融系(商管群),65090001,邱*芬,備取,國立臺中科技大學,國立臺中科技大學財務金融系,原校系/本校留任,3,"國立臺中科技大學財務金融系(備取,分發); 國立高雄科技大學會計資訊系(通過); 國立高雄科技大學金融資訊系(通過)"
CAND_0480,113,nutc_fin,國立臺中科技大學,財務金融系(商管群),國立臺中科技大學 財務金融系(商管群),64090267,張*紘,備取,國立高雄科技大學,國立高雄科技大學金融系,其他學校錄取,5,"國立臺中科技大學財務金融系(備取); 國立高雄科技大學風險管理與保險系(通過); 國立高雄科技大學金融系(備取,分發); 國立高雄科技大學航運管理系(通過); 國立虎尾科技大學財務金融系(通過)"
CAND_0481,113,nutc_fin,國立臺中科技大學,財務金融系(商管群),國立臺中科技大學 財務金融系(商管群),65090051,張*均,備取,國立高雄科技大學,國立高雄科技大學運籌管理系,其他學校錄取,4,"國立臺中科技大學財務金融系(備取); 國立雲林科技大學工業工程與管理系(備取); 國立高雄科技大學運籌管理系(正取,分發); 國立虎尾科技大學財務金融系(通過)"
CAND_0482,113,nutc_fin,國立臺中科技大學,財務金融系(商管群),國立臺中科技大學 財務金融系(商管群),57090221,潘*女,備取,中原大學,中原大學會計學系,其他學校錄取,3,"國立臺中科技大學財務金融系(備取); 國立高雄科技大學金融資訊系(通過); 中原大學會計學系(正取,分發)"
CAND_0483,113,nutc_fin,國立臺中科技大學,財務金融系(商管群),國立臺中科技大學 財務金融系(商管群),51090200,*元,備取,—,—,未分發或放棄,1,國立臺中科技大學財務金融系(通過)
CAND_0484,113,nutc_fin,國立臺中科技大學,財務金融系(商管群),國立臺中科技大學 財務金融系(商管群),51090220,游*,備取,—,—,未分發或放棄,2,國立臺中科技大學財務金融系(通過); 國立勤益科技大學資訊工程系(通過)
CAND_0485,113,nutc_fin,國立臺中科技大學,財務金融系(商管群),國立臺中科技大學 財務金融系(商管群),51090279,林*,備取,國立臺北商業大學,國立臺北商業大學財政稅務系(臺北校區),其他學校錄取,6,"國立臺中科技大學財務金融系(通過); 國立雲林科技大學財務金融系(通過); 國立雲林科技大學會計系(通過); 國立高雄科技大學會計資訊系(通過); 國立高雄科技大學金融資訊系(通過); 國立臺北商業大學財政稅務系(臺北校區)(備取,分發)"
CAND_0486,113,nutc_fin,國立臺中科技大學,財務金融系(商管群),國立臺中科技大學 財務金融系(商管群),51090291,林*承,備取,國立高雄科技大學,國立高雄科技大學金融資訊系,其他學校錄取,3,"國立臺中科技大學財務金融系(通過); 國立高雄科技大學企業管理系(通過); 國立高雄科技大學金融資訊系(備取,分發)"
CAND_0487,113,nutc_fin,國立臺中科技大學,財務金融系(商管群),國立臺中科技大學 財務金融系(商管群),52090006,董*永,備取,—,—,未分發或放棄,1,國立臺中科技大學財務金融系(通過)
CAND_0488,113,nutc_fin,國立臺中科技大學,財務金融系(商管群),國立臺中科技大學 財務金融系(商管群),52090065,陳*廷,備取,國立雲林科技大學,國立雲林科技大學工業工程與管理系,其他學校錄取,2,"國立臺中科技大學財務金融系(通過); 國立雲林科技大學工業工程與管理系(正取,分發)"
CAND_0489,113,nutc_fin,國立臺中科技大學,財務金融系(商管群),國立臺中科技大學 財務金融系(商管群),52090614,陳*珊,備取,—,—,未分發或放棄,2,國立臺中科技大學財務金融系(通過); 國立高雄科技大學財務管理系(通過)
CAND_0490,113,nutc_fin,國立臺中科技大學,財務金融系(商管群),國立臺中科技大學 財務金融系(商管群),54090249,朱*揚,備取,—,—,未分發或放棄,1,國立臺中科技大學財務金融系(通過)
CAND_0491,113,nutc_fin,國立臺中科技大學,財務金融系(商管群),國立臺中科技大學 財務金融系(商管群),55090129,*真,備取,國立高雄科技大學,國立高雄科技大學金融資訊系,其他學校錄取,4,"國立臺中科技大學財務金融系(通過); 國立高雄科技大學企業管理系(備取); 國立高雄科技大學會計資訊系(備取); 國立高雄科技大學金融資訊系(正取,分發)"
CAND_0492,113,nutc_fin,國立臺中科技大學,財務金融系(商管群),國立臺中科技大學 財務金融系(商管群),55090226,張*瑜,備取,—,—,未分發或放棄,1,國立臺中科技大學財務金融系(通過)
CAND_0493,113,nutc_fin,國立臺中科技大學,財務金融系(商管群),國立臺中科技大學 財務金融系(商管群),56090154,顏*恩,備取,—,—,未分發或放棄,2,國立臺中科技大學財務金融系(通過); 中原大學會計學系(通過)
CAND_0494,113,nutc_fin,國立臺中科技大學,財務金融系(商管群),國立臺中科技大學 財務金融系(商管群),56090158,俞*慈,備取,—,—,未分發或放棄,1,國立臺中科技大學財務金融系(通過)
CAND_0495,113,nutc_fin,國立臺中科技大學,財務金融系(商管群),國立臺中科技大學 財務金融系(商管群),56090209,*珺,備取,—,—,未分發或放棄,3,國立臺中科技大學財務金融系(通過); 國立虎尾科技大學財務金融系(備取); 朝陽科技大學財務金融系(正取)
CAND_0496,113,nutc_fin,國立臺中科技大學,財務金融系(商管群),國立臺中科技大學 財務金融系(商管群),56090364,*毅,備取,—,—,未分發或放棄,1,國立臺中科技大學財務金融系(通過)
CAND_0497,113,nutc_fin,國立臺中科技大學,財務金融系(商管群),國立臺中科技大學 財務金融系(商管群),57090370,李*永,備取,中原大學,中原大學資訊管理學系,其他學校錄取,4,"國立臺中科技大學財務金融系(通過); 國立勤益科技大學工業工程與管理系(通過); 中原大學國際經營與貿易學系(正取); 中原大學資訊管理學系(正取,分發)"
CAND_0498,113,nutc_fin,國立臺中科技大學,財務金融系(商管群),國立臺中科技大學 財務金融系(商管群),57090785,考生*,備取,國立雲林科技大學,國立雲林科技大學企業管理系,其他學校錄取,3,"國立臺中科技大學財務金融系(通過); 國立雲林科技大學企業管理系(正取,分發); 國立高雄科技大學金融系(正取)"
CAND_0499,113,nutc_fin,國立臺中科技大學,財務金融系(商管群),國立臺中科技大學 財務金融系(商管群),57090861,考生*,備取,國立雲林科技大學,國立雲林科技大學企業管理系,其他學校錄取,2,"國立臺中科技大學財務金融系(通過); 國立雲林科技大學企業管理系(備取,分發)"
CAND_0500,113,nutc_fin,國立臺中科技大學,財務金融系(商管群),國立臺中科技大學 財務金融系(商管群),57090971,黄*,備取,—,—,未分發或放棄,1,國立臺中科技大學財務金融系(通過)
CAND_0501,113,nutc_fin,國立臺中科技大學,財務金融系(商管群),國立臺中科技大學 財務金融系(商管群),57091017,張*,備取,—,—,未分發或放棄,1,國立臺中科技大學財務金融系(通過)
CAND_0502,113,nutc_fin,國立臺中科技大學,財務金融系(商管群),國立臺中科技大學 財務金融系(商管群),58090165,魏*如,備取,—,—,未分發或放棄,1,國立臺中科技大學財務金融系(通過)
CAND_0503,113,nutc_fin,國立臺中科技大學,財務金融系(商管群),國立臺中科技大學 財務金融系(商管群),58090289,*渝,備取,—,—,未分發或放棄,3,國立臺中科技大學財務金融系(通過); 國立雲林科技大學工業工程與管理系(備取); 國立高雄科技大學工業工程與管理系(通過)
CAND_0504,113,nutc_fin,國立臺中科技大學,財務金融系(商管群),國立臺中科技大學 財務金融系(商管群),59090034,林*婕,備取,國立高雄科技大學,國立高雄科技大學工業工程與管理系,其他學校錄取,5,"國立臺中科技大學財務金融系(通過); 國立高雄科技大學工業工程與管理系(備取,分發); 國立高雄科技大學資訊管理系(備取); 國立虎尾科技大學工業管理系(通過); 國立虎尾科技大學資訊管理系(通過)"
CAND_0505,113,nutc_fin,國立臺中科技大學,財務金融系(商管群),國立臺中科技大學 財務金融系(商管群),59090188,維*宇,備取,國立高雄科技大學,國立高雄科技大學金融系,其他學校錄取,4,"國立臺中科技大學財務金融系(通過); 國立高雄科技大學行銷與流通管理系(備取); 國立高雄科技大學金融系(備取,分發); 國立高雄科技大學航運管理系(正取)"
CAND_0506,113,nutc_fin,國立臺中科技大學,財務金融系(商管群),國立臺中科技大學 財務金融系(商管群),60090065,林*,備取,致理科技大學,致理科技大學企業管理系,其他學校錄取,5,"國立臺中科技大學財務金融系(通過); 國立虎尾科技大學工業管理系(通過); 朝陽科技大學企業管理系(通過); 明志科技大學經營管理系(通過); 致理科技大學企業管理系(正取,分發)"
CAND_0507,113,nutc_fin,國立臺中科技大學,財務金融系(商管群),國立臺中科技大學 財務金融系(商管群),60090125,葉*？,備取,—,—,未分發或放棄,1,國立臺中科技大學財務金融系(通過)
CAND_0508,113,nutc_fin,國立臺中科技大學,財務金融系(商管群),國立臺中科技大學 財務金融系(商管群),61090003,何*錚,備取,國立高雄科技大學,國立高雄科技大學金融資訊系,其他學校錄取,5,"國立臺中科技大學財務金融系(通過); 國立高雄科技大學會計資訊系(正取); 國立高雄科技大學金融資訊系(備取,分發); 國立虎尾科技大學企業管理系(通過); 國立虎尾科技大學財務金融系(通過)"
CAND_0509,113,nutc_fin,國立臺中科技大學,財務金融系(商管群),國立臺中科技大學 財務金融系(商管群),61090006,江*琳,備取,國立雲林科技大學,國立雲林科技大學財務金融系,其他學校錄取,4,"國立臺中科技大學財務金融系(通過); 國立雲林科技大學企業管理系(正取); 國立雲林科技大學財務金融系(正取,分發); 國立臺北科技大學經營管理系(備取)"
CAND_0510,113,nutc_fin,國立臺中科技大學,財務金融系(商管群),國立臺中科技大學 財務金融系(商管群),61090008,林*晴,備取,—,—,未分發或放棄,2,國立臺中科技大學財務金融系(通過); 國立勤益科技大學企業管理系(通過)
CAND_0511,113,nutc_fin,國立臺中科技大學,財務金融系(商管群),國立臺中科技大學 財務金融系(商管群),61090030,邱*,備取,—,—,未分發或放棄,3,國立臺中科技大學財務金融系(通過); 國立雲林科技大學會計系(備取); 國立高雄科技大學財務管理系(通過)
CAND_0512,113,nutc_fin,國立臺中科技大學,財務金融系(商管群),國立臺中科技大學 財務金融系(商管群),61090561,賴*,備取,—,—,未分發或放棄,1,國立臺中科技大學財務金融系(通過)
CAND_0513,113,nutc_fin,國立臺中科技大學,財務金融系(商管群),國立臺中科技大學 財務金融系(商管群),61090661,考生*,備取,國立雲林科技大學,國立雲林科技大學財務金融系,其他學校錄取,5,"國立臺中科技大學財務金融系(通過); 國立雲林科技大學企業管理系(通過); 國立雲林科技大學財務金融系(正取,分發); 國立高雄科技大學金融系(通過); 國立高雄科技大學財務管理系(通過)"
CAND_0514,113,nutc_fin,國立臺中科技大學,財務金融系(商管群),國立臺中科技大學 財務金融系(商管群),61090925,*閎,備取,國立虎尾科技大學,國立虎尾科技大學財務金融系,其他學校錄取,3,"國立臺中科技大學財務金融系(通過); 國立虎尾科技大學企業管理系(通過); 國立虎尾科技大學財務金融系(正取,分發)"
CAND_0515,113,nutc_fin,國立臺中科技大學,財務金融系(商管群),國立臺中科技大學 財務金融系(商管群),61091063,林*永,備取,—,—,未分發或放棄,1,國立臺中科技大學財務金融系(通過)
CAND_0516,113,nutc_fin,國立臺中科技大學,財務金融系(商管群),國立臺中科技大學 財務金融系(商管群),61091071,*慈,備取,—,—,未分發或放棄,1,國立臺中科技大學財務金融系(通過)
CAND_0517,113,nutc_fin,國立臺中科技大學,財務金融系(商管群),國立臺中科技大學 財務金融系(商管群),61091089,黄*筠,備取,—,—,未分發或放棄,1,國立臺中科技大學財務金融系(通過)
CAND_0518,113,nutc_fin,國立臺中科技大學,財務金融系(商管群),國立臺中科技大學 財務金融系(商管群),61091341,陳*瑜,備取,—,—,未分發或放棄,1,國立臺中科技大學財務金融系(通過)
CAND_0519,113,nutc_fin,國立臺中科技大學,財務金融系(商管群),國立臺中科技大學 財務金融系(商管群),61091347,許*閔,備取,—,—,未分發或放棄,4,國立臺中科技大學財務金融系(通過); 國立雲林科技大學工業工程與管理系(通過); 國立勤益科技大學工業工程與管理系(通過); 朝陽科技大學財務金融系(通過)
CAND_0520,113,nutc_fin,國立臺中科技大學,財務金融系(商管群),國立臺中科技大學 財務金融系(商管群),61091541,李*,備取,國立雲林科技大學,國立雲林科技大學資訊管理系,其他學校錄取,3,"國立臺中科技大學財務金融系(通過); 國立雲林科技大學資訊管理系(正取,分發); 國立勤益科技大學資訊管理系(通過)"
CAND_0521,113,nutc_fin,國立臺中科技大學,財務金融系(商管群),國立臺中科技大學 財務金融系(商管群),61091571,黄*威,備取,—,—,未分發或放棄,2,國立臺中科技大學財務金融系(通過); 國立雲林科技大學會計系(通過)
CAND_0522,113,nutc_fin,國立臺中科技大學,財務金融系(商管群),國立臺中科技大學 財務金融系(商管群),61091631,考生*,備取,—,—,未分發或放棄,3,國立臺中科技大學財務金融系(通過); 國立屏東科技大學企業管理系(通過); 國立高雄科技大學風險管理與保險系(通過)
CAND_0523,113,nutc_fin,國立臺中科技大學,財務金融系(商管群),國立臺中科技大學 財務金融系(商管群),61091684,李*和,備取,—,—,未分發或放棄,1,國立臺中科技大學財務金融系(通過)
CAND_0524,113,nutc_fin,國立臺中科技大學,財務金融系(商管群),國立臺中科技大學 財務金融系(商管群),61091739,游*元,備取,—,—,未分發或放棄,4,國立臺中科技大學財務金融系(通過); 國立高雄科技大學金融系(通過); 國立高雄科技大學財務管理系(通過); 國立虎尾科技大學財務金融系(通過)
CAND_0525,113,nutc_fin,國立臺中科技大學,財務金融系(商管群),國立臺中科技大學 財務金融系(商管群),61091749,李*姚,備取,國立高雄科技大學,國立高雄科技大學金融系,其他學校錄取,4,"國立臺中科技大學財務金融系(通過); 國立高雄科技大學金融系(備取,分發); 國立高雄科技大學財務管理系(正取); 國立高雄科技大學金融資訊系(通過)"
CAND_0526,113,nutc_fin,國立臺中科技大學,財務金融系(商管群),國立臺中科技大學 財務金融系(商管群),61091765,潘*宇,備取,—,—,未分發或放棄,2,國立臺中科技大學財務金融系(通過); 國立高雄科技大學財務管理系(通過)
CAND_0527,113,nutc_fin,國立臺中科技大學,財務金融系(商管群),國立臺中科技大學 財務金融系(商管群),61091793,賴*柔,備取,國立勤益科技大學,國立勤益科技大學企業管理系,其他學校錄取,3,"國立臺中科技大學財務金融系(通過); 國立勤益科技大學企業管理系(正取,分發); 朝陽科技大學企業管理系(通過)"
CAND_0528,113,nutc_fin,國立臺中科技大學,財務金融系(商管群),國立臺中科技大學 財務金融系(商管群),63090038,*慈,備取,—,—,未分發或放棄,1,國立臺中科技大學財務金融系(通過)
CAND_0529,113,nutc_fin,國立臺中科技大學,財務金融系(商管群),國立臺中科技大學 財務金融系(商管群),64090008,葉*宇,備取,國立雲林科技大學,國立雲林科技大學財務金融系,其他學校錄取,4,"國立臺中科技大學財務金融系(通過); 國立雲林科技大學財務金融系(正取,分發); 國立臺北商業大學財務金融系(臺北校區)(正取); 國立彰化師範大學財務金融技術學系(通過)"
CAND_0530,113,nutc_fin,國立臺中科技大學,財務金融系(商管群),國立臺中科技大學 財務金融系(商管群),64090040,林*瑄,備取,國立雲林科技大學,國立雲林科技大學財務金融系,其他學校錄取,4,"國立臺中科技大學財務金融系(通過); 國立雲林科技大學財務金融系(備取,分發); 國立高雄科技大學金融系(正取); 國立彰化師範大學財務金融技術學系(通過)"
CAND_0531,113,nutc_fin,國立臺中科技大學,財務金融系(商管群),國立臺中科技大學 財務金融系(商管群),64090051,黄*,備取,—,—,未分發或放棄,5,國立臺中科技大學財務金融系(通過); 國立雲林科技大學資訊管理系(通過); 國立雲林科技大學財務金融系(通過); 國立臺北商業大學財政稅務系(臺北校區)(通過); 國立彰化師範大學財務金融技術學系(通過)
CAND_0532,113,nutc_fin,國立臺中科技大學,財務金融系(商管群),國立臺中科技大學 財務金融系(商管群),64090064,張*楷,備取,國立雲林科技大學,國立雲林科技大學財務金融系,其他學校錄取,6,"國立臺中科技大學財務金融系(通過); 國立雲林科技大學工業工程與管理系(備取); 國立雲林科技大學財務金融系(備取,分發); 國立高雄科技大學金融系(正取); 國立高雄科技大學財務管理系(通過); 國立高雄科技大學財政稅務系(通過)"
CAND_0533,113,nutc_fin,國立臺中科技大學,財務金融系(商管群),國立臺中科技大學 財務金融系(商管群),64090084,黄*靖,備取,國立雲林科技大學,國立雲林科技大學會計系,其他學校錄取,5,"國立臺中科技大學財務金融系(通過); 國立雲林科技大學會計系(備取,分發); 國立高雄科技大學金融資訊系(通過); 國立臺北商業大學國際商務系(臺北校區)(通過); 逢甲大學會計學系(正取)"
CAND_0534,113,nutc_fin,國立臺中科技大學,財務金融系(商管群),國立臺中科技大學 財務金融系(商管群),64090139,鄭*婕,備取,—,—,未分發或放棄,4,國立臺中科技大學財務金融系(通過); 國立高雄科技大學財務管理系(通過); 國立高雄科技大學財政稅務系(通過); 國立虎尾科技大學財務金融系(通過)
CAND_0535,113,nutc_fin,國立臺中科技大學,財務金融系(商管群),國立臺中科技大學 財務金融系(商管群),64090171,周*迪,備取,—,—,未分發或放棄,3,國立臺中科技大學財務金融系(通過); 國立高雄科技大學會計資訊系(通過); 國立高雄科技大學金融資訊系(通過)
CAND_0536,113,nutc_fin,國立臺中科技大學,財務金融系(商管群),國立臺中科技大學 財務金融系(商管群),64090179,蘇*,備取,國立高雄科技大學,國立高雄科技大學金融資訊系,其他學校錄取,2,"國立臺中科技大學財務金融系(通過); 國立高雄科技大學金融資訊系(正取,分發)"
CAND_0537,113,nutc_fin,國立臺中科技大學,財務金融系(商管群),國立臺中科技大學 財務金融系(商管群),64090360,賴*洳,備取,國立雲林科技大學,國立雲林科技大學財務金融系,其他學校錄取,6,"國立臺中科技大學財務金融系(通過); 國立雲林科技大學財務金融系(備取,分發); 國立高雄科技大學資訊管理系(通過); 國立高雄科技大學會計資訊系(通過); 國立高雄科技大學金融資訊系(正取); 國立臺北商業大學財政稅務系(臺北校區)(備取)"
CAND_0538,113,nutc_fin,國立臺中科技大學,財務金融系(商管群),國立臺中科技大學 財務金融系(商管群),64090368,林*愷,備取,—,—,未分發或放棄,1,國立臺中科技大學財務金融系(通過)
CAND_0539,113,nutc_fin,國立臺中科技大學,財務金融系(商管群),國立臺中科技大學 財務金融系(商管群),64090447,張*恩,備取,—,—,未分發或放棄,3,國立臺中科技大學財務金融系(通過); 國立雲林科技大學資訊管理系(通過); 國立高雄科技大學金融系(通過)
CAND_0540,113,nutc_fin,國立臺中科技大學,財務金融系(商管群),國立臺中科技大學 財務金融系(商管群),64090454,楊*,備取,國立雲林科技大學,國立雲林科技大學財務金融系,其他學校錄取,4,"國立臺中科技大學財務金融系(通過); 國立雲林科技大學財務金融系(備取,分發); 國立雲林科技大學會計系(正取); 國立高雄科技大學財務管理系(正取)"
CAND_0541,113,nutc_fin,國立臺中科技大學,財務金融系(商管群),國立臺中科技大學 財務金融系(商管群),64090576,郭*綺,備取,—,—,未分發或放棄,1,國立臺中科技大學財務金融系(通過)
CAND_0542,113,nutc_fin,國立臺中科技大學,財務金融系(商管群),國立臺中科技大學 財務金融系(商管群),64090611,粘*騰,備取,—,—,未分發或放棄,5,國立臺中科技大學財務金融系(通過); 國立高雄科技大學國際企業系(通過); 國立高雄科技大學金融系(通過); 國立高雄科技大學財務管理系(通過); 國立勤益科技大學企業管理系(通過)
CAND_0543,113,nutc_fin,國立臺中科技大學,財務金融系(商管群),國立臺中科技大學 財務金融系(商管群),65090022,*甯,備取,—,—,未分發或放棄,1,國立臺中科技大學財務金融系(通過)
CAND_0544,113,nutc_fin,國立臺中科技大學,財務金融系(商管群),國立臺中科技大學 財務金融系(商管群),65090033,李*翎,備取,國立高雄科技大學,國立高雄科技大學資訊管理系,其他學校錄取,3,"國立臺中科技大學財務金融系(通過); 國立高雄科技大學資訊管理系(備取,分發); 國立虎尾科技大學資訊管理系(正取)"
CAND_0545,113,nutc_fin,國立臺中科技大學,財務金融系(商管群),國立臺中科技大學 財務金融系(商管群),65090086,盧*日,備取,—,—,未分發或放棄,3,國立臺中科技大學財務金融系(通過); 國立高雄科技大學金融系(通過); 國立高雄科技大學財政稅務系(通過)
CAND_0546,113,nutc_fin,國立臺中科技大學,財務金融系(商管群),國立臺中科技大學 財務金融系(商管群),66090183,陳*佑,備取,—,—,未分發或放棄,3,國立臺中科技大學財務金融系(通過); 國立屏東科技大學企業管理系(通過); 國立高雄科技大學行銷與流通管理系(通過)
CAND_0547,113,nutc_fin,國立臺中科技大學,財務金融系(商管群),國立臺中科技大學 財務金融系(商管群),67090049,林*哈,備取,國立高雄科技大學,國立高雄科技大學資訊管理系,其他學校錄取,3,"國立臺中科技大學財務金融系(通過); 國立高雄科技大學資訊管理系(正取,分發); 國立高雄科技大學智慧商務系(正取)"
CAND_0548,113,nutc_fin,國立臺中科技大學,財務金融系(商管群),國立臺中科技大學 財務金融系(商管群),67090142,黄*𤋺,備取,—,—,未分發或放棄,2,國立臺中科技大學財務金融系(通過); 國立高雄科技大學財政稅務系(通過)
CAND_0549,113,nutc_fin,國立臺中科技大學,財務金融系(商管群),國立臺中科技大學 財務金融系(商管群),67090143,黄*儀,備取,國立彰化師範大學,國立彰化師範大學財務金融技術學系,其他學校錄取,2,"國立臺中科技大學財務金融系(通過); 國立彰化師範大學財務金融技術學系(正取,分發)"
CAND_0550,113,nutc_fin,國立臺中科技大學,財務金融系(商管群),國立臺中科技大學 財務金融系(商管群),67090150,蘇*岑,備取,國立雲林科技大學,國立雲林科技大學財務金融系,其他學校錄取,6,"國立臺中科技大學財務金融系(通過); 國立雲林科技大學財務金融系(正取,分發); 國立雲林科技大學會計系(正取); 國立高雄科技大學金融系(正取); 國立高雄科技大學財務管理系(通過); 國立高雄科技大學財政稅務系(通過)"
CAND_0551,113,nutc_fin,國立臺中科技大學,財務金融系(商管群),國立臺中科技大學 財務金融系(商管群),67090198,朱*瑄,備取,國立雲林科技大學,國立雲林科技大學企業管理系,其他學校錄取,5,"國立臺中科技大學財務金融系(通過); 國立雲林科技大學企業管理系(正取,分發); 國立高雄科技大學金融系(通過); 國立高雄科技大學財務管理系(通過); 國立高雄科技大學財政稅務系(通過)"
CAND_0552,113,nutc_fin,國立臺中科技大學,財務金融系(商管群),國立臺中科技大學 財務金融系(商管群),67090210,陳*慈,備取,國立雲林科技大學,國立雲林科技大學財務金融系,其他學校錄取,6,"國立臺中科技大學財務金融系(通過); 國立雲林科技大學企業管理系(通過); 國立雲林科技大學財務金融系(正取,分發); 國立高雄科技大學金融系(通過); 國立高雄科技大學財務管理系(通過); 國立虎尾科技大學財務金融系(通過)"
CAND_0553,113,nutc_fin,國立臺中科技大學,財務金融系(商管群),國立臺中科技大學 財務金融系(商管群),67090246,張*恩,備取,—,—,未分發或放棄,3,國立臺中科技大學財務金融系(通過); 國立高雄科技大學企業管理系(通過); 國立高雄科技大學金融資訊系(通過)
CAND_0554,113,nutc_fin,國立臺中科技大學,財務金融系(商管群),國立臺中科技大學 財務金融系(商管群),67090287,*瑄,備取,—,—,未分發或放棄,2,國立臺中科技大學財務金融系(通過); 國立雲林科技大學財務金融系(通過)
CAND_0555,113,nutc_fin,國立臺中科技大學,財務金融系(商管群),國立臺中科技大學 財務金融系(商管群),67090335,吳*真,備取,國立雲林科技大學,國立雲林科技大學會計系,其他學校錄取,5,"國立臺中科技大學財務金融系(通過); 國立雲林科技大學會計系(正取,分發); 國立高雄科技大學金融系(正取); 國立高雄科技大學會計資訊系(通過); 國立高雄科技大學金融資訊系(通過)"
CAND_0556,113,nutc_fin,國立臺中科技大學,財務金融系(商管群),國立臺中科技大學 財務金融系(商管群),68090298,林*彤,備取,—,—,未分發或放棄,3,國立臺中科技大學財務金融系(通過); 國立高雄科技大學資訊管理系(通過); 國立臺北商業大學企業管理系(臺北校區)(備取)
CAND_0557,113,nutc_fin,國立臺中科技大學,財務金融系(商管群),國立臺中科技大學 財務金融系(商管群),68090490,柯*,備取,—,—,未分發或放棄,3,國立臺中科技大學財務金融系(通過); 國立高雄科技大學資訊管理系(通過); 國立高雄科技大學智慧商務系(通過)
CAND_0558,113,nutc_fin,國立臺中科技大學,財務金融系(商管群),國立臺中科技大學 財務金融系(商管群),69090130,吳*丞,備取,國立高雄科技大學,國立高雄科技大學財政稅務系,其他學校錄取,3,"國立臺中科技大學財務金融系(通過); 國立高雄科技大學企業管理系(正取); 國立高雄科技大學財政稅務系(備取,分發)"
CAND_0559,113,nutc_fin,國立臺中科技大學,財務金融系(商管群),國立臺中科技大學 財務金融系(商管群),70090178,謝*,備取,國立臺北商業大學,國立臺北商業大學企業管理系(臺北校區),其他學校錄取,2,"國立臺中科技大學財務金融系(通過); 國立臺北商業大學企業管理系(臺北校區)(備取,分發)"
CAND_0560,113,nutc_fin,國立臺中科技大學,財務金融系(商管群),國立臺中科技大學 財務金融系(商管群),70090361,葵*愷,備取,國立高雄科技大學,國立高雄科技大學財務管理系,其他學校錄取,4,"國立臺中科技大學財務金融系(通過); 國立高雄科技大學運籌管理系(通過); 國立高雄科技大學金融系(備取); 國立高雄科技大學財務管理系(備取,分發)"
CAND_0561,113,nutc_fin,國立臺中科技大學,財務金融系(商管群),國立臺中科技大學 財務金融系(商管群),70090470,陳*妤,備取,—,—,未分發或放棄,2,國立臺中科技大學財務金融系(通過); 國立彰化師範大學財務金融技術學系(正取)
CAND_0562,113,nutc_fin,國立臺中科技大學,財務金融系(商管群),國立臺中科技大學 財務金融系(商管群),70090749,潘*鷹,備取,—,—,未分發或放棄,5,國立臺中科技大學財務金融系(通過); 國立高雄科技大學企業管理系(通過); 國立高雄科技大學財務管理系(通過); 國立勤益科技大學企業管理系(通過); 文藻外語大學翻譯系(通過)
CAND_0563,113,nutc_fin,國立臺中科技大學,財務金融系(商管群),國立臺中科技大學 財務金融系(商管群),70090770,考生*,備取,—,—,未分發或放棄,2,國立臺中科技大學財務金融系(通過); 國立高雄科技大學財務管理系(通過)
CAND_0564,113,nutc_fin,國立臺中科技大學,財務金融系(商管群),國立臺中科技大學 財務金融系(商管群),70090794,維*晉,備取,—,—,未分發或放棄,1,國立臺中科技大學財務金融系(通過)
CAND_0565,113,nutc_fin,國立臺中科技大學,財務金融系(商管群),國立臺中科技大學 財務金融系(商管群),70090802,陸*陽,備取,—,—,未分發或放棄,2,國立臺中科技大學財務金融系(通過); 國立高雄科技大學風險管理與保險系(通過)
CAND_0566,113,nutc_fin,國立臺中科技大學,財務金融系(商管群),國立臺中科技大學 財務金融系(商管群),70090814,顏*,備取,—,—,未分發或放棄,1,國立臺中科技大學財務金融系(通過)
CAND_0567,113,nutc_fin,國立臺中科技大學,財務金融系(商管群),國立臺中科技大學 財務金融系(商管群),70090937,賴*瑄,備取,國立高雄科技大學,國立高雄科技大學財務管理系,其他學校錄取,6,"國立臺中科技大學財務金融系(通過); 國立雲林科技大學財務金融系(通過); 國立高雄科技大學金融系(正取); 國立高雄科技大學財務管理系(正取,分發); 國立高雄科技大學金融資訊系(通過); 國立屏東大學財務金融學系(通過)"
CAND_0568,113,nutc_fin,國立臺中科技大學,財務金融系(商管群),國立臺中科技大學 財務金融系(商管群),70091010,考生*,備取,國立高雄科技大學,國立高雄科技大學工業工程與管理系,其他學校錄取,5,"國立臺中科技大學財務金融系(通過); 國立雲林科技大學工業工程與管理系(通過); 國立高雄科技大學工業工程與管理系(備取,分發); 國立高雄科技大學資訊管理系(正取); 國立臺北商業大學數位多媒體設計系(桃園校區)(通過)"
CAND_0569,113,nutc_fin,國立臺中科技大學,財務金融系(商管群),國立臺中科技大學 財務金融系(商管群),70091029,吳*柔,備取,國立高雄科技大學,國立高雄科技大學金融資訊系,其他學校錄取,4,"國立臺中科技大學財務金融系(通過); 國立高雄科技大學會計資訊系(正取); 國立高雄科技大學金融資訊系(正取,分發); 國立屏東大學會計學系(正取)"
CAND_0570,113,nutc_fin,國立臺中科技大學,財務金融系(商管群),國立臺中科技大學 財務金融系(商管群),70091058,朱*秀,備取,—,—,未分發或放棄,2,國立臺中科技大學財務金融系(通過); 國立臺北商業大學數位多媒體設計系(桃園校區)(正取)
CAND_0571,113,nutc_fin,國立臺中科技大學,財務金融系(商管群),國立臺中科技大學 財務金融系(商管群),70091085,郭*瑄,備取,國立高雄科技大學,國立高雄科技大學會計資訊系,其他學校錄取,3,"國立臺中科技大學財務金融系(通過); 國立高雄科技大學會計資訊系(正取,分發); 國立屏東大學財務金融學系(通過)"
CAND_0572,113,nutc_fin,國立臺中科技大學,財務金融系(商管群),國立臺中科技大學 財務金融系(商管群),71090278,黄*霆,備取,—,—,未分發或放棄,1,國立臺中科技大學財務金融系(通過)
CAND_0573,113,nutc_fin,國立臺中科技大學,財務金融系(商管群),國立臺中科技大學 財務金融系(商管群),73090133,高*,備取,—,—,未分發或放棄,3,國立臺中科技大學財務金融系(通過); 明志科技大學經營管理系(通過); 致理科技大學行銷與流通管理系(通過)
CAND_0574,113,nutc_fin,國立臺中科技大學,財務金融系(商管群),國立臺中科技大學 財務金融系(商管群),77090017,許*岑,備取,國立臺北商業大學,國立臺北商業大學會計資訊系(臺北校區),其他學校錄取,5,"國立臺中科技大學財務金融系(通過); 國立勤益科技大學企業管理系(正取); 國立臺北商業大學會計資訊系(臺北校區)(備取,分發); 國立臺北商業大學財務金融系(臺北校區)(備取); 國立臺北商業大學企業管理系(臺北校區)(備取)"
CAND_0575,113,nutc_fin,國立臺中科技大學,財務金融系(商管群),國立臺中科技大學 財務金融系(商管群),78090002,張*住,備取,—,—,未分發或放棄,2,國立臺中科技大學財務金融系(通過); 國立雲林科技大學財務金融系(通過)
CAND_0576,115,yuntech_fin,國立雲林科技大學,財務金融系(商管群),國立雲林科技大學 財務金融系(商管群),64090464,A*臻,正取,國立臺灣科技大學,國立臺灣科技大學企業管理系,其他學校錄取,4,"國立雲林科技大學財務金融系(正取); 國立臺灣科技大學企業管理系(正取,分發); 國立雲林科技大學會計系(正取); 國立臺北科技大學資訊與財金管理系(正取)"
CAND_0577,115,yuntech_fin,國立雲林科技大學,財務金融系(商管群),國立雲林科技大學 財務金融系(商管群),64090494,董*V,正取,國立臺灣科技大學,國立臺灣科技大學企業管理系,其他學校錄取,4,"國立雲林科技大學財務金融系(正取); 國立臺灣科技大學企業管理系(正取,分發); 國立雲林科技大學工業工程與管理系(通過); 國立臺北科技大學工業工程與管理系(正取)"
CAND_0578,115,yuntech_fin,國立雲林科技大學,財務金融系(商管群),國立雲林科技大學 財務金融系(商管群),65090368,江*彤,正取,國立雲林科技大學,國立雲林科技大學財務金融系,原校系/本校留任,2,"國立雲林科技大學財務金融系(正取,分發); 國立雲林科技大學企業管理系(通過)"
CAND_0579,115,yuntech_fin,國立雲林科技大學,財務金融系(商管群),國立雲林科技大學 財務金融系(商管群),61091100,陳*暟,正取,國立雲林科技大學,國立雲林科技大學財務金融系,原校系/本校留任,3,"國立雲林科技大學財務金融系(正取,分發); 國立臺北商業大學財務金融系(臺北校區)(備取); 國立彰化師範大學財務金融技術學系(備取)"
CAND_0580,115,yuntech_fin,國立雲林科技大學,財務金融系(商管群),國立雲林科技大學 財務金融系(商管群),61090705,*綾,正取,國立雲林科技大學,國立雲林科技大學財務金融系,原校系/本校留任,6,"國立雲林科技大學財務金融系(正取,分發); 國立雲林科技大學會計系(正取); 國立臺北科技大學工業工程與管理系(通過); 國立臺北商業大學會計資訊系(臺北校區)(通過); 國立臺北商業大學財務金融系(臺北校區)(通過); 國立彰化師範大學財務金融技術學系(通過)"
CAND_0581,115,yuntech_fin,國立雲林科技大學,財務金融系(商管群),國立雲林科技大學 財務金融系(商管群),67090120,賴*妤,正取,國立雲林科技大學,國立雲林科技大學財務金融系,原校系/本校留任,5,"國立雲林科技大學財務金融系(正取,分發); 國立臺灣科技大學企業管理系(通過); 國立臺北科技大學經營管理系(備取); 國立高雄科技大學金融系(正取); 國立臺北商業大學財政稅務系(臺北校區)(正取)"
CAND_0582,115,yuntech_fin,國立雲林科技大學,財務金融系(商管群),國立雲林科技大學 財務金融系(商管群),64090509,陳*婷,正取,國立彰化師範大學,國立彰化師範大學財務金融技術學系,其他學校錄取,4,"國立雲林科技大學財務金融系(正取); 國立雲林科技大學會計系(正取); 國立臺中科技大學財務金融系(通過); 國立彰化師範大學財務金融技術學系(正取,分發)"
CAND_0583,115,yuntech_fin,國立雲林科技大學,財務金融系(商管群),國立雲林科技大學 財務金融系(商管群),61091205,*均,正取,國立中正大學,國立中正大學經濟學系,其他學校錄取,5,"國立雲林科技大學財務金融系(正取); 國立臺灣科技大學企業管理系(通過); 國立臺北科技大學工業工程與管理系(正取); 國立臺北科技大學資訊與財金管理系(備取); 國立中正大學經濟學系(備取,分發)"
CAND_0584,115,yuntech_fin,國立雲林科技大學,財務金融系(商管群),國立雲林科技大學 財務金融系(商管群),65090058,袁*琳,正取,國立雲林科技大學,國立雲林科技大學財務金融系,原校系/本校留任,3,"國立雲林科技大學財務金融系(正取,分發); 國立雲林科技大學工業工程與管理系(通過); 國立臺北商業大學財政稅務系(臺北校區)(通過)"
CAND_0585,115,yuntech_fin,國立雲林科技大學,財務金融系(商管群),國立雲林科技大學 財務金融系(商管群),61091066,張*彤,正取,國立臺北科技大學,國立臺北科技大學工業工程與管理系,其他學校錄取,4,"國立雲林科技大學財務金融系(正取); 國立雲林科技大學資訊管理系(正取); 國立臺北科技大學工業工程與管理系(正取,分發); 國立高雄科技大學資訊管理系(通過)"
CAND_0586,115,yuntech_fin,國立雲林科技大學,財務金融系(商管群),國立雲林科技大學 財務金融系(商管群),64090514,*菁,正取,國立雲林科技大學,國立雲林科技大學財務金融系,原校系/本校留任,4,"國立雲林科技大學財務金融系(正取,分發); 國立雲林科技大學企業管理系(通過); 國立臺北商業大學國際商務系(臺北校區)(通過); 國立臺北商業大學資訊管理系(臺北校區)(通過)"
CAND_0587,115,yuntech_fin,國立雲林科技大學,財務金融系(商管群),國立雲林科技大學 財務金融系(商管群),61090066,吳*,正取,國立臺北科技大學,國立臺北科技大學資訊與財金管理系,其他學校錄取,6,"國立雲林科技大學財務金融系(正取); 國立雲林科技大學會計系(正取); 國立臺北科技大學經營管理系(通過); 國立臺北科技大學資訊與財金管理系(備取,分發); 國立高雄科技大學金融系(正取); 國立臺北商業大學財政稅務系(臺北校區)(正取)"
CAND_0588,115,yuntech_fin,國立雲林科技大學,財務金融系(商管群),國立雲林科技大學 財務金融系(商管群),61090477,*彤,正取,國立雲林科技大學,國立雲林科技大學財務金融系,原校系/本校留任,3,"國立雲林科技大學財務金融系(正取,分發); 國立雲林科技大學資訊管理系(通過); 國立臺北科技大學工業工程與管理系(備取)"
CAND_0589,115,yuntech_fin,國立雲林科技大學,財務金融系(商管群),國立雲林科技大學 財務金融系(商管群),67090250,黄*,正取,國立雲林科技大學,國立雲林科技大學財務金融系,原校系/本校留任,3,"國立雲林科技大學財務金融系(正取,分發); 國立雲林科技大學會計系(正取); 國立高雄科技大學金融系(正取)"
CAND_0590,115,yuntech_fin,國立雲林科技大學,財務金融系(商管群),國立雲林科技大學 財務金融系(商管群),58090141,考生*,正取,國立雲林科技大學,國立雲林科技大學工業工程與管理系,原校系/本校留任,4,"國立雲林科技大學財務金融系(正取); 國立臺灣科技大學企業管理系(通過); 國立雲林科技大學工業工程與管理系(正取,分發); 國立臺北科技大學工業工程與管理系(備取)"
CAND_0591,115,yuntech_fin,國立雲林科技大學,財務金融系(商管群),國立雲林科技大學 財務金融系(商管群),61090452,*茹,正取,國立雲林科技大學,國立雲林科技大學財務金融系,原校系/本校留任,4,"國立雲林科技大學財務金融系(正取,分發); 國立雲林科技大學會計系(正取); 國立臺北科技大學資訊與財金管理系(備取); 國立臺中科技大學應用統計系(通過)"
CAND_0592,115,yuntech_fin,國立雲林科技大學,財務金融系(商管群),國立雲林科技大學 財務金融系(商管群),61090289,宋*瑄,正取,國立雲林科技大學,國立雲林科技大學財務金融系,原校系/本校留任,6,"國立雲林科技大學財務金融系(正取,分發); 國立雲林科技大學會計系(正取); 國立臺北科技大學資訊與財金管理系(備取); 國立臺北商業大學會計資訊系(臺北校區)(備取); 國立臺北商業大學財務金融系(臺北校區)(備取); 國立臺北商業大學財政稅務系(臺北校區)(正取)"
CAND_0593,115,yuntech_fin,國立雲林科技大學,財務金融系(商管群),國立雲林科技大學 財務金融系(商管群),68090363,李*,正取,國立雲林科技大學,國立雲林科技大學會計系,原校系/本校留任,5,"國立雲林科技大學財務金融系(正取); 國立雲林科技大學會計系(正取,分發); 國立臺北商業大學會計資訊系(臺北校區)(通過); 國立臺北商業大學財政稅務系(臺北校區)(通過); 國立彰化師範大學財務金融技術學系(正取)"
CAND_0594,115,yuntech_fin,國立雲林科技大學,財務金融系(商管群),國立雲林科技大學 財務金融系(商管群),59090202,*妤,正取,國立臺北科技大學,國立臺北科技大學經營管理系,其他學校錄取,4,"國立雲林科技大學財務金融系(正取); 國立雲林科技大學資訊管理系(通過); 國立臺北科技大學經營管理系(備取,分發); 國立臺北商業大學財政稅務系(臺北校區)(通過)"
CAND_0595,115,yuntech_fin,國立雲林科技大學,財務金融系(商管群),國立雲林科技大學 財務金融系(商管群),70090832,考生*,正取,國立雲林科技大學,國立雲林科技大學財務金融系,原校系/本校留任,4,"國立雲林科技大學財務金融系(正取,分發); 國立臺灣科技大學企業管理系(通過); 國立高雄科技大學金融系(正取); 國立臺北商業大學財政稅務系(臺北校區)(備取)"
CAND_0596,115,yuntech_fin,國立雲林科技大學,財務金融系(商管群),國立雲林科技大學 財務金融系(商管群),57090849,林*程,正取,國立雲林科技大學,國立雲林科技大學財務金融系,原校系/本校留任,2,"國立雲林科技大學財務金融系(正取,分發); 國立雲林科技大學企業管理系(備取)"
CAND_0597,115,yuntech_fin,國立雲林科技大學,財務金融系(商管群),國立雲林科技大學 財務金融系(商管群),55090155,考生*,正取,國立雲林科技大學,國立雲林科技大學財務金融系,原校系/本校留任,2,"國立雲林科技大學財務金融系(正取,分發); 國立臺北商業大學企業管理系(臺北校區)(通過)"
CAND_0598,115,yuntech_fin,國立雲林科技大學,財務金融系(商管群),國立雲林科技大學 財務金融系(商管群),59090109,林*,正取,國立雲林科技大學,國立雲林科技大學財務金融系,原校系/本校留任,3,"國立雲林科技大學財務金融系(正取,分發); 國立臺北科技大學工業工程與管理系(備取); 國立臺北商業大學企業管理系(臺北校區)(正取)"
CAND_0599,115,yuntech_fin,國立雲林科技大學,財務金融系(商管群),國立雲林科技大學 財務金融系(商管群),65090102,袁*棋,正取,國立雲林科技大學,國立雲林科技大學財務金融系,原校系/本校留任,5,"國立雲林科技大學財務金融系(正取,分發); 國立雲林科技大學資訊管理系(通過); 國立高雄科技大學財務管理系(正取); 國立虎尾科技大學財務金融系(通過); 國立臺中科技大學財務金融系(通過)"
CAND_0600,115,yuntech_fin,國立雲林科技大學,財務金融系(商管群),國立雲林科技大學 財務金融系(商管群),65090090,*婷,正取,國立雲林科技大學,國立雲林科技大學財務金融系,原校系/本校留任,2,"國立雲林科技大學財務金融系(正取,分發); 國立高雄科技大學金融系(正取)"
CAND_0601,115,yuntech_fin,國立雲林科技大學,財務金融系(商管群),國立雲林科技大學 財務金融系(商管群),61090573,*婷,正取,國立雲林科技大學,國立雲林科技大學財務金融系,原校系/本校留任,1,"國立雲林科技大學財務金融系(正取,分發)"
CAND_0602,115,yuntech_fin,國立雲林科技大學,財務金融系(商管群),國立雲林科技大學 財務金融系(商管群),58090041,陳*,正取,國立雲林科技大學,國立雲林科技大學財務金融系,原校系/本校留任,2,"國立雲林科技大學財務金融系(正取,分發); 國立臺北科技大學工業工程與管理系(備取)"
CAND_0603,115,yuntech_fin,國立雲林科技大學,財務金融系(商管群),國立雲林科技大學 財務金融系(商管群),65090364,楊*,正取,國立雲林科技大學,國立雲林科技大學財務金融系,原校系/本校留任,5,"國立雲林科技大學財務金融系(正取,分發); 國立雲林科技大學工業工程與管理系(通過); 國立高雄科技大學金融系(正取); 國立高雄科技大學財務管理系(備取); 國立臺中科技大學財務金融系(通過)"
CAND_0604,115,yuntech_fin,國立雲林科技大學,財務金融系(商管群),國立雲林科技大學 財務金融系(商管群),57090819,黄*玹,正取,國立臺北科技大學,國立臺北科技大學工業工程與管理系,其他學校錄取,5,"國立雲林科技大學財務金融系(正取); 國立臺北科技大學工業工程與管理系(備取,分發); 國立高雄科技大學資訊管理系(通過); 中原大學資訊管理學系(正取); 逢甲大學工業工程與系統管理學系(通過)"
CAND_0605,115,yuntech_fin,國立雲林科技大學,財務金融系(商管群),國立雲林科技大學 財務金融系(商管群),59090210,徐*媗,正取,國立雲林科技大學,國立雲林科技大學財務金融系,原校系/本校留任,3,"國立雲林科技大學財務金融系(正取,分發); 國立臺中科技大學財務金融系(通過); 國立彰化師範大學財務金融技術學系(通過)"
CAND_0606,115,yuntech_fin,國立雲林科技大學,財務金融系(商管群),國立雲林科技大學 財務金融系(商管群),70090765,楊*軒,正取,國立雲林科技大學,國立雲林科技大學財務金融系,原校系/本校留任,2,"國立雲林科技大學財務金融系(正取,分發); 國立雲林科技大學會計系(通過)"
CAND_0607,115,yuntech_fin,國立雲林科技大學,財務金融系(商管群),國立雲林科技大學 財務金融系(商管群),57090327,陳*永,正取,國立高雄科技大學,國立高雄科技大學金融系,其他學校錄取,6,"國立雲林科技大學財務金融系(正取); 國立高雄科技大學金融系(正取,分發); 國立高雄科技大學財務管理系(通過); 國立高雄科技大學財政稅務系(通過); 國立臺中科技大學財務金融系(正取); 逢甲大學財稅學系(通過)"
CAND_0608,115,yuntech_fin,國立雲林科技大學,財務金融系(商管群),國立雲林科技大學 財務金融系(商管群),76090047,李*蓉,正取,國立臺北科技大學,國立臺北科技大學工業工程與管理系,其他學校錄取,6,"國立雲林科技大學財務金融系(正取); 國立臺北科技大學工業工程與管理系(正取,分發); 國立臺中科技大學財務金融系(通過); 國立臺北商業大學會計資訊系(臺北校區)(備取); 國立臺北商業大學財務金融系(臺北校區)(備取); 國立臺北商業大學財政稅務系(臺北校區)(備取)"
CAND_0609,115,yuntech_fin,國立雲林科技大學,財務金融系(商管群),國立雲林科技大學 財務金融系(商管群),61091406,*婷,正取,國立高雄科技大學,國立高雄科技大學財務管理系,其他學校錄取,4,"國立雲林科技大學財務金融系(正取); 國立臺灣科技大學資訊管理系(正取); 國立雲林科技大學會計系(正取); 國立高雄科技大學財務管理系(正取,分發)"
CAND_0610,115,yuntech_fin,國立雲林科技大學,財務金融系(商管群),國立雲林科技大學 財務金融系(商管群),61090381,余*頡,備取,國立雲林科技大學,國立雲林科技大學財務金融系,原校系/本校留任,2,"國立雲林科技大學財務金融系(備取,分發); 國立雲林科技大學資訊管理系(備取)"
CAND_0611,115,yuntech_fin,國立雲林科技大學,財務金融系(商管群),國立雲林科技大學 財務金融系(商管群),61090925,*軒,備取,國立雲林科技大學,國立雲林科技大學財務金融系,原校系/本校留任,2,"國立雲林科技大學財務金融系(備取,分發); 國立高雄科技大學財務管理系(正取)"
CAND_0612,115,yuntech_fin,國立雲林科技大學,財務金融系(商管群),國立雲林科技大學 財務金融系(商管群),53090016,梁*彤,備取,國立雲林科技大學,國立雲林科技大學財務金融系,原校系/本校留任,2,"國立雲林科技大學財務金融系(備取,分發); 國立高雄科技大學金融系(正取)"
CAND_0613,115,yuntech_fin,國立雲林科技大學,財務金融系(商管群),國立雲林科技大學 財務金融系(商管群),61090561,楊*璇,備取,國立雲林科技大學,國立雲林科技大學財務金融系,原校系/本校留任,1,"國立雲林科技大學財務金融系(備取,分發)"
CAND_0614,115,yuntech_fin,國立雲林科技大學,財務金融系(商管群),國立雲林科技大學 財務金融系(商管群),61530027,張*婕,備取,國立雲林科技大學,國立雲林科技大學財務金融系,原校系/本校留任,4,"國立雲林科技大學財務金融系(備取,分發); 國立雲林科技大學企業管理系(正取); 國立高雄科技大學資訊管理系(通過); 國立高雄科技大學財務管理系(備取)"
CAND_0615,115,yuntech_fin,國立雲林科技大學,財務金融系(商管群),國立雲林科技大學 財務金融系(商管群),61090485,張*,備取,國立雲林科技大學,國立雲林科技大學財務金融系,原校系/本校留任,2,"國立雲林科技大學財務金融系(備取,分發); 國立雲林科技大學會計系(通過)"
CAND_0616,115,yuntech_fin,國立雲林科技大學,財務金融系(商管群),國立雲林科技大學 財務金融系(商管群),61090121,*臻,備取,國立雲林科技大學,國立雲林科技大學財務金融系,原校系/本校留任,4,"國立雲林科技大學財務金融系(備取,分發); 國立高雄科技大學風險管理與保險系(正取); 國立高雄科技大學財務管理系(正取); 國立臺中科技大學會計資訊系(通過)"
CAND_0617,115,yuntech_fin,國立雲林科技大學,財務金融系(商管群),國立雲林科技大學 財務金融系(商管群),68090090,康*倩,備取,國立雲林科技大學,國立雲林科技大學財務金融系,原校系/本校留任,3,"國立雲林科技大學財務金融系(備取,分發); 國立雲林科技大學會計系(備取); 國立臺中科技大學財務金融系(正取)"
CAND_0618,115,yuntech_fin,國立雲林科技大學,財務金融系(商管群),國立雲林科技大學 財務金融系(商管群),64090347,張*,備取,國立雲林科技大學,國立雲林科技大學財務金融系,原校系/本校留任,1,"國立雲林科技大學財務金融系(備取,分發)"
CAND_0619,115,yuntech_fin,國立雲林科技大學,財務金融系(商管群),國立雲林科技大學 財務金融系(商管群),57090002,*恩,備取,國立雲林科技大學,國立雲林科技大學財務金融系,原校系/本校留任,1,"國立雲林科技大學財務金融系(備取,分發)"
CAND_0620,115,yuntech_fin,國立雲林科技大學,財務金融系(商管群),國立雲林科技大學 財務金融系(商管群),58090301,邱*,備取,國立雲林科技大學,國立雲林科技大學會計系,原校系/本校留任,6,"國立雲林科技大學財務金融系(備取); 國立雲林科技大學會計系(備取,分發); 國立高雄科技大學企業管理系(正取); 國立高雄科技大學財務管理系(備取); 國立高雄科技大學金融資訊系(正取); 國立臺北商業大學企業管理系(臺北校區)(正取)"
CAND_0621,115,yuntech_fin,國立雲林科技大學,財務金融系(商管群),國立雲林科技大學 財務金融系(商管群),61090377,魏*𡤃,備取,國立臺中科技大學,國立臺中科技大學財務金融系,其他學校錄取,6,"國立雲林科技大學財務金融系(備取); 國立雲林科技大學會計系(通過); 國立高雄科技大學會計資訊系(通過); 國立高雄科技大學金融資訊系(正取); 國立虎尾科技大學財務金融系(通過); 國立臺中科技大學財務金融系(正取,分發)"
CAND_0622,115,yuntech_fin,國立雲林科技大學,財務金融系(商管群),國立雲林科技大學 財務金融系(商管群),61090733,李*恩,備取,國立彰化師範大學,國立彰化師範大學財務金融技術學系,其他學校錄取,5,"國立雲林科技大學財務金融系(備取); 國立臺中科技大學財務金融系(正取); 國立彰化師範大學財務金融技術學系(備取,分發); 逢甲大學經濟學系(通過); 逢甲大學財務金融學系(備取)"
CAND_0623,115,yuntech_fin,國立雲林科技大學,財務金融系(商管群),國立雲林科技大學 財務金融系(商管群),58090325,邱*,備取,—,—,未分發或放棄,2,國立雲林科技大學財務金融系(備取); 國立臺北商業大學企業管理系(臺北校區)(通過)
CAND_0624,115,yuntech_fin,國立雲林科技大學,財務金融系(商管群),國立雲林科技大學 財務金融系(商管群),58090520,徐*軒,備取,國立臺北商業大學,國立臺北商業大學企業管理系(臺北校區),其他學校錄取,3,"國立雲林科技大學財務金融系(備取); 國立雲林科技大學企業管理系(正取); 國立臺北商業大學企業管理系(臺北校區)(備取,分發)"
CAND_0625,115,yuntech_fin,國立雲林科技大學,財務金融系(商管群),國立雲林科技大學 財務金融系(商管群),61090214,林*,備取,國立臺中科技大學,國立臺中科技大學財務金融系,其他學校錄取,2,"國立雲林科技大學財務金融系(備取); 國立臺中科技大學財務金融系(正取,分發)"
CAND_0626,115,yuntech_fin,國立雲林科技大學,財務金融系(商管群),國立雲林科技大學 財務金融系(商管群),68090645,陳*木,備取,國立臺中科技大學,國立臺中科技大學資訊管理系,其他學校錄取,5,"國立雲林科技大學財務金融系(備取); 國立高雄科技大學財務管理系(通過); 國立高雄科技大學智慧商務系(通過); 國立虎尾科技大學資訊管理系(通過); 國立臺中科技大學資訊管理系(正取,分發)"
CAND_0627,115,yuntech_fin,國立雲林科技大學,財務金融系(商管群),國立雲林科技大學 財務金融系(商管群),52090086,李*妤,備取,國立臺北商業大學,國立臺北商業大學企業管理系(臺北校區),其他學校錄取,3,"國立雲林科技大學財務金融系(備取); 國立雲林科技大學會計系(備取); 國立臺北商業大學企業管理系(臺北校區)(備取,分發)"
CAND_0628,115,yuntech_fin,國立雲林科技大學,財務金融系(商管群),國立雲林科技大學 財務金融系(商管群),52090362,*永,備取,國立高雄科技大學,國立高雄科技大學會計資訊系,其他學校錄取,4,"國立雲林科技大學財務金融系(備取); 國立高雄科技大學會計資訊系(正取,分發); 國立臺中科技大學會計資訊系(備取); 銘傳大學會計學系(台北校區)(備取)"
CAND_0629,115,yuntech_fin,國立雲林科技大學,財務金融系(商管群),國立雲林科技大學 財務金融系(商管群),61091440,張*愷,備取,—,—,未分發或放棄,3,國立雲林科技大學財務金融系(備取); 國立高雄科技大學財務管理系(通過); 國立臺中科技大學財務金融系(通過)
CAND_0630,115,yuntech_fin,國立雲林科技大學,財務金融系(商管群),國立雲林科技大學 財務金融系(商管群),54090063,林*鴻,備取,國立臺中科技大學,國立臺中科技大學財務金融系,其他學校錄取,2,"國立雲林科技大學財務金融系(備取); 國立臺中科技大學財務金融系(備取,分發)"
CAND_0631,115,yuntech_fin,國立雲林科技大學,財務金融系(商管群),國立雲林科技大學 財務金融系(商管群),59090196,*寶,備取,國立高雄科技大學,國立高雄科技大學會計資訊系,其他學校錄取,3,"國立雲林科技大學財務金融系(備取); 國立雲林科技大學會計系(備取); 國立高雄科技大學會計資訊系(正取,分發)"
CAND_0632,115,yuntech_fin,國立雲林科技大學,財務金融系(商管群),國立雲林科技大學 財務金融系(商管群),76090041,陳*汝,備取,國立雲林科技大學,國立雲林科技大學財務金融系,原校系/本校留任,5,"國立雲林科技大學財務金融系(備取,分發); 國立高雄科技大學財務管理系(通過); 國立臺中科技大學財務金融系(通過); 國立臺北商業大學財務金融系(臺北校區)(備取); 國立臺北商業大學財政稅務系(臺北校區)(備取)"
CAND_0633,115,yuntech_fin,國立雲林科技大學,財務金融系(商管群),國立雲林科技大學 財務金融系(商管群),61091438,龍*,備取,國立雲林科技大學,國立雲林科技大學財務金融系,原校系/本校留任,5,"國立雲林科技大學財務金融系(備取,分發); 國立雲林科技大學企業管理系(正取); 國立屏東科技大學財務金融國際學士學位學程(正取); 國立高雄科技大學金融系(正取); 國立臺北商業大學國際商務系(臺北校區)(備取)"
CAND_0634,115,yuntech_fin,國立雲林科技大學,財務金融系(商管群),國立雲林科技大學 財務金融系(商管群),51090006,張*瑄,備取,國立臺北科技大學,國立臺北科技大學資訊與財金管理系,其他學校錄取,4,"國立雲林科技大學財務金融系(通過); 國立臺北科技大學經營管理系(通過); 國立臺北科技大學資訊與財金管理系(正取,分發); 國立彰化師範大學財務金融技術學系(通過)"
CAND_0635,115,yuntech_fin,國立雲林科技大學,財務金融系(商管群),國立雲林科技大學 財務金融系(商管群),52090094,*岑,備取,國立臺北商業大學,國立臺北商業大學企業管理系(臺北校區),其他學校錄取,3,"國立雲林科技大學財務金融系(通過); 國立雲林科技大學企業管理系(通過); 國立臺北商業大學企業管理系(臺北校區)(備取,分發)"
CAND_0636,115,yuntech_fin,國立雲林科技大學,財務金融系(商管群),國立雲林科技大學 財務金融系(商管群),52090274,*恩,備取,—,—,未分發或放棄,3,國立雲林科技大學財務金融系(通過); 國立雲林科技大學會計系(通過); 國立彰化師範大學財務金融技術學系(備取)
CAND_0637,115,yuntech_fin,國立雲林科技大學,財務金融系(商管群),國立雲林科技大學 財務金融系(商管群),52090663,徐*,備取,國立臺中科技大學,國立臺中科技大學財務金融系,其他學校錄取,2,"國立雲林科技大學財務金融系(通過); 國立臺中科技大學財務金融系(正取,分發)"
CAND_0638,115,yuntech_fin,國立雲林科技大學,財務金融系(商管群),國立雲林科技大學 財務金融系(商管群),54090223,楊*均,備取,國立臺北商業大學,國立臺北商業大學企業管理系(臺北校區),其他學校錄取,4,"國立雲林科技大學財務金融系(通過); 國立高雄科技大學財務管理系(通過); 國立臺中科技大學財務金融系(通過); 國立臺北商業大學企業管理系(臺北校區)(正取,分發)"
CAND_0639,115,yuntech_fin,國立雲林科技大學,財務金融系(商管群),國立雲林科技大學 財務金融系(商管群),56090058,謝*,備取,—,—,未分發或放棄,3,國立雲林科技大學財務金融系(通過); 國立臺中科技大學財務金融系(通過); 國立臺北商業大學企業管理系(臺北校區)(通過)
CAND_0640,115,yuntech_fin,國立雲林科技大學,財務金融系(商管群),國立雲林科技大學 財務金融系(商管群),56090153,徐*,備取,—,—,未分發或放棄,2,國立雲林科技大學財務金融系(通過); 國立彰化師範大學財務金融技術學系(備取)
CAND_0641,115,yuntech_fin,國立雲林科技大學,財務金融系(商管群),國立雲林科技大學 財務金融系(商管群),57090082,吳*瑭,備取,—,—,未分發或放棄,4,國立雲林科技大學財務金融系(通過); 國立雲林科技大學會計系(通過); 國立臺中科技大學財務金融系(通過); 國立臺北商業大學企業管理系(臺北校區)(通過)
CAND_0642,115,yuntech_fin,國立雲林科技大學,財務金融系(商管群),國立雲林科技大學 財務金融系(商管群),57090157,黄*慈,備取,中原大學,中原大學會計學系,其他學校錄取,3,"國立雲林科技大學財務金融系(通過); 國立雲林科技大學會計系(通過); 中原大學會計學系(正取,分發)"
CAND_0643,115,yuntech_fin,國立雲林科技大學,財務金融系(商管群),國立雲林科技大學 財務金融系(商管群),57090325,*特,備取,—,—,未分發或放棄,6,國立雲林科技大學財務金融系(通過); 國立雲林科技大學工業工程與管理系(通過); 國立臺北科技大學工業工程與管理系(通過); 國立臺北科技大學資訊與財金管理系(通過); 國立臺北商業大學財務金融系(臺北校區)(通過); 國立臺北商業大學資訊管理系(臺北校區)(通過)
CAND_0644,115,yuntech_fin,國立雲林科技大學,財務金融系(商管群),國立雲林科技大學 財務金融系(商管群),57090484,許*綺,備取,—,—,未分發或放棄,2,國立雲林科技大學財務金融系(通過); 國立臺北科技大學工業工程與管理系(通過)
CAND_0645,115,yuntech_fin,國立雲林科技大學,財務金融系(商管群),國立雲林科技大學 財務金融系(商管群),57090713,管*妮,備取,—,—,未分發或放棄,6,國立雲林科技大學財務金融系(通過); 國立雲林科技大學企業管理系(通過); 國立虎尾科技大學企業管理系(通過); 國立虎尾科技大學財務金融系(通過); 國立勤益科技大學企業管理系(通過); 國立臺中科技大學財務金融系(通過)
CAND_0646,115,yuntech_fin,國立雲林科技大學,財務金融系(商管群),國立雲林科技大學 財務金融系(商管群),57090761,周*伶,備取,國立臺北科技大學,國立臺北科技大學經營管理系,其他學校錄取,4,"國立雲林科技大學財務金融系(通過); 國立臺北科技大學經營管理系(正取,分發); 國立臺北商業大學財政稅務系(臺北校區)(正取); 國立彰化師範大學財務金融技術學系(正取)"
CAND_0647,115,yuntech_fin,國立雲林科技大學,財務金融系(商管群),國立雲林科技大學 財務金融系(商管群),57090827,李*珊,備取,—,—,未分發或放棄,6,國立雲林科技大學財務金融系(通過); 國立雲林科技大學會計系(通過); 國立臺北科技大學資訊與財金管理系(通過); 國立成功大學會計學系(通過); 國立中興大學應用經濟學系(通過); 國立彰化師範大學財務金融技術學系(通過)
CAND_0648,115,yuntech_fin,國立雲林科技大學,財務金融系(商管群),國立雲林科技大學 財務金融系(商管群),57090865,*琪,備取,國立臺北科技大學,國立臺北科技大學經營管理系,其他學校錄取,5,"國立雲林科技大學財務金融系(通過); 國立雲林科技大學企業管理系(通過); 國立臺北科技大學工業工程與管理系(通過); 國立臺北科技大學經營管理系(備取,分發); 國立臺北商業大學國際商務系(臺北校區)(通過)"
CAND_0649,115,yuntech_fin,國立雲林科技大學,財務金融系(商管群),國立雲林科技大學 財務金融系(商管群),57090993,維*廷,備取,國立彰化師範大學,國立彰化師範大學財務金融技術學系,其他學校錄取,3,"國立雲林科技大學財務金融系(通過); 國立臺中科技大學財務金融系(通過); 國立彰化師範大學財務金融技術學系(備取,分發)"
CAND_0650,115,yuntech_fin,國立雲林科技大學,財務金融系(商管群),國立雲林科技大學 財務金融系(商管群),58090069,吳*澔,備取,—,—,未分發或放棄,5,國立雲林科技大學財務金融系(通過); 國立臺灣科技大學企業管理系(通過); 國立雲林科技大學工業工程與管理系(通過); 國立臺北科技大學工業工程與管理系(通過); 國立臺北科技大學經營管理系(通過)
CAND_0651,115,yuntech_fin,國立雲林科技大學,財務金融系(商管群),國立雲林科技大學 財務金融系(商管群),58090183,林*哈,備取,國立臺北商業大學,國立臺北商業大學企業管理系(臺北校區),其他學校錄取,4,"國立雲林科技大學財務金融系(通過); 國立高雄科技大學行銷與流通管理系(通過); 國立臺中科技大學流通管理系(通過); 國立臺北商業大學企業管理系(臺北校區)(正取,分發)"
CAND_0652,115,yuntech_fin,國立雲林科技大學,財務金融系(商管群),國立雲林科技大學 財務金融系(商管群),58090193,*永,備取,—,—,未分發或放棄,3,國立雲林科技大學財務金融系(通過); 國立臺中科技大學財務金融系(通過); 國立臺北商業大學企業管理系(臺北校區)(正取)
CAND_0653,115,yuntech_fin,國立雲林科技大學,財務金融系(商管群),國立雲林科技大學 財務金融系(商管群),58090528,A*如,備取,國立臺北科技大學,國立臺北科技大學資訊與財金管理系,其他學校錄取,6,"國立雲林科技大學財務金融系(通過); 國立臺灣科技大學企業管理系(通過); 國立臺北科技大學工業工程與管理系(正取); 國立臺北科技大學資訊與財金管理系(備取,分發); 國立臺北商業大學會計資訊系(臺北校區)(正取); 國立臺北商業大學財務金融系(臺北校區)(正取)"
CAND_0654,115,yuntech_fin,國立雲林科技大學,財務金融系(商管群),國立雲林科技大學 財務金融系(商管群),61090553,黄*,備取,—,—,未分發或放棄,3,國立雲林科技大學財務金融系(通過); 國立雲林科技大學資訊管理系(通過); 國立彰化師範大學財務金融技術學系(通過)
CAND_0655,115,yuntech_fin,國立雲林科技大學,財務金融系(商管群),國立雲林科技大學 財務金融系(商管群),61090581,*雅,備取,國立雲林科技大學,國立雲林科技大學工業工程與管理系,原校系/本校留任,3,"國立雲林科技大學財務金融系(通過); 國立雲林科技大學工業工程與管理系(備取,分發); 國立高雄科技大學企業管理系(通過)"
CAND_0656,115,yuntech_fin,國立雲林科技大學,財務金融系(商管群),國立雲林科技大學 財務金融系(商管群),61091223,考生*,備取,國立臺北科技大學,國立臺北科技大學資訊與財金管理系,其他學校錄取,6,"國立雲林科技大學財務金融系(通過); 國立臺灣科技大學企業管理系(備取); 國立臺北科技大學經營管理系(正取); 國立臺北科技大學資訊與財金管理系(備取,分發); 國立臺北商業大學財務金融系(臺北校區)(通過); 國立臺北商業大學國際商務系(臺北校區)(通過)"
CAND_0657,115,yuntech_fin,國立雲林科技大學,財務金融系(商管群),國立雲林科技大學 財務金融系(商管群),61091505,葵*恩,備取,—,—,未分發或放棄,2,國立雲林科技大學財務金融系(通過); 國立臺北科技大學資訊與財金管理系(備取)
CAND_0658,115,yuntech_fin,國立雲林科技大學,財務金融系(商管群),國立雲林科技大學 財務金融系(商管群),63090403,林*佐,備取,—,—,未分發或放棄,3,國立雲林科技大學財務金融系(通過); 國立雲林科技大學會計系(通過); 國立臺北商業大學企業管理系(臺北校區)(通過)
CAND_0659,115,yuntech_fin,國立雲林科技大學,財務金融系(商管群),國立雲林科技大學 財務金融系(商管群),64090209,*瞳,備取,國立彰化師範大學,國立彰化師範大學財務金融技術學系,其他學校錄取,5,"國立雲林科技大學財務金融系(通過); 國立高雄科技大學風險管理與保險系(通過); 國立高雄科技大學金融系(通過); 國立臺中科技大學財務金融系(正取); 國立彰化師範大學財務金融技術學系(正取,分發)"
CAND_0660,115,yuntech_fin,國立雲林科技大學,財務金融系(商管群),國立雲林科技大學 財務金融系(商管群),64090327,林*儀,備取,—,—,未分發或放棄,3,國立雲林科技大學財務金融系(通過); 國立臺北商業大學財務金融系(臺北校區)(通過); 國立臺北商業大學財政稅務系(臺北校區)(通過)
CAND_0661,115,yuntech_fin,國立雲林科技大學,財務金融系(商管群),國立雲林科技大學 財務金融系(商管群),64090361,蕭*芩,備取,—,—,未分發或放棄,4,國立雲林科技大學財務金融系(通過); 國立高雄科技大學金融系(通過); 國立彰化師範大學財務金融技術學系(通過); 逢甲大學財務金融學系(通過)
CAND_0662,115,yuntech_fin,國立雲林科技大學,財務金融系(商管群),國立雲林科技大學 財務金融系(商管群),64090463,潘*,備取,—,—,未分發或放棄,3,國立雲林科技大學財務金融系(通過); 國立雲林科技大學工業工程與管理系(通過); 國立臺北科技大學工業工程與管理系(備取)
CAND_0663,115,yuntech_fin,國立雲林科技大學,財務金融系(商管群),國立雲林科技大學 財務金融系(商管群),64090488,陳*,備取,—,—,未分發或放棄,2,國立雲林科技大學財務金融系(通過); 國立雲林科技大學工業工程與管理系(通過)
CAND_0664,115,yuntech_fin,國立雲林科技大學,財務金融系(商管群),國立雲林科技大學 財務金融系(商管群),64090532,盧*,備取,國立中興大學,國立中興大學企業管理學系,其他學校錄取,4,"國立雲林科技大學財務金融系(通過); 國立臺灣科技大學企業管理系(備取); 國立臺北科技大學資訊與財金管理系(通過); 國立中興大學企業管理學系(正取,分發)"
CAND_0665,115,yuntech_fin,國立雲林科技大學,財務金融系(商管群),國立雲林科技大學 財務金融系(商管群),65090111,陳*螢,備取,—,—,未分發或放棄,3,國立雲林科技大學財務金融系(通過); 國立臺灣科技大學企業管理系(通過); 國立臺北科技大學資訊與財金管理系(備取)
CAND_0666,115,yuntech_fin,國立雲林科技大學,財務金融系(商管群),國立雲林科技大學 財務金融系(商管群),67090154,*茗,備取,國立臺北商業大學,國立臺北商業大學財務金融系(臺北校區),其他學校錄取,5,"國立雲林科技大學財務金融系(通過); 國立雲林科技大學會計系(通過); 國立高雄科技大學金融系(通過); 國立臺北商業大學財務金融系(臺北校區)(正取,分發); 國立臺北商業大學財政稅務系(臺北校區)(通過)"
CAND_0667,115,yuntech_fin,國立雲林科技大學,財務金融系(商管群),國立雲林科技大學 財務金融系(商管群),67090365,許*盛,備取,—,—,未分發或放棄,3,國立雲林科技大學財務金融系(通過); 國立雲林科技大學會計系(備取); 國立高雄科技大學會計資訊系(通過)
CAND_0668,115,yuntech_fin,國立雲林科技大學,財務金融系(商管群),國立雲林科技大學 財務金融系(商管群),68090061,尤*,備取,—,—,未分發或放棄,4,國立雲林科技大學財務金融系(通過); 國立臺灣科技大學企業管理系(通過); 國立雲林科技大學工業工程與管理系(通過); 國立臺北科技大學經營管理系(通過)
CAND_0669,115,yuntech_fin,國立雲林科技大學,財務金融系(商管群),國立雲林科技大學 財務金融系(商管群),68090525,*龍,備取,國立高雄科技大學,國立高雄科技大學金融系,其他學校錄取,4,"國立雲林科技大學財務金融系(通過); 國立高雄科技大學金融系(正取,分發); 國立高雄科技大學財務管理系(通過); 國立臺北商業大學財政稅務系(臺北校區)(通過)"
CAND_0670,115,yuntech_fin,國立雲林科技大學,財務金融系(商管群),國立雲林科技大學 財務金融系(商管群),68090617,維*,備取,國立臺北商業大學,國立臺北商業大學財務金融系(臺北校區),其他學校錄取,6,"國立雲林科技大學財務金融系(通過); 國立臺灣科技大學資訊管理系(通過); 國立臺北科技大學工業工程與管理系(通過); 國立臺北科技大學資訊與財金管理系(通過); 國立臺北商業大學財務金融系(臺北校區)(正取,分發); 國立臺北商業大學資訊管理系(臺北校區)(通過)"
CAND_0671,115,yuntech_fin,國立雲林科技大學,財務金融系(商管群),國立雲林科技大學 財務金融系(商管群),68530080,梁*,備取,國立高雄科技大學,國立高雄科技大學資訊管理系,其他學校錄取,5,"國立雲林科技大學財務金融系(通過); 國立雲林科技大學資訊管理系(通過); 國立高雄科技大學資訊管理系(正取,分發); 國立高雄科技大學財務管理系(備取); 國立虎尾科技大學財務金融系(通過)"
CAND_0672,115,yuntech_fin,國立雲林科技大學,財務金融系(商管群),國立雲林科技大學 財務金融系(商管群),70090065,李*廷,備取,國立高雄科技大學,國立高雄科技大學財務管理系,其他學校錄取,3,"國立雲林科技大學財務金融系(通過); 國立高雄科技大學財務管理系(備取,分發); 國立臺中科技大學財務金融系(通過)"
CAND_0673,115,yuntech_fin,國立雲林科技大學,財務金融系(商管群),國立雲林科技大學 財務金融系(商管群),70090069,陳*蓉,備取,—,—,未分發或放棄,4,國立雲林科技大學財務金融系(通過); 國立高雄科技大學財務管理系(通過); 國立虎尾科技大學財務金融系(通過); 國立臺中科技大學財務金融系(通過)
CAND_0674,115,yuntech_fin,國立雲林科技大學,財務金融系(商管群),國立雲林科技大學 財務金融系(商管群),70090759,林*宇,備取,—,—,未分發或放棄,3,國立雲林科技大學財務金融系(通過); 國立臺中科技大學財務金融系(通過); 國立彰化師範大學財務金融技術學系(備取)
CAND_0675,115,yuntech_fin,國立雲林科技大學,財務金融系(商管群),國立雲林科技大學 財務金融系(商管群),71090325,蘇*綾,備取,國立雲林科技大學,國立雲林科技大學會計系,原校系/本校留任,4,"國立雲林科技大學財務金融系(通過); 國立雲林科技大學會計系(正取,分發); 國立高雄科技大學會計資訊系(通過); 國立臺中科技大學會計資訊系(通過)"
CAND_0676,115,yuntech_fin,國立雲林科技大學,財務金融系(商管群),國立雲林科技大學 財務金融系(商管群),75090001,鄭*,備取,國立臺灣科技大學,國立臺灣科技大學企業管理系,其他學校錄取,6,"國立雲林科技大學財務金融系(通過); 國立臺灣科技大學企業管理系(正取,分發); 國立高雄科技大學金融系(備取); 國立臺北商業大學財務金融系(臺北校區)(備取); 國立臺北商業大學財政稅務系(臺北校區)(正取); 國立屏東大學財務金融學系(正取)"
CAND_0677,115,yuntech_fin,國立雲林科技大學,財務金融系(商管群),國立雲林科技大學 財務金融系(商管群),76090058,吳*臻,備取,國立臺北商業大學,國立臺北商業大學財政稅務系(臺北校區),其他學校錄取,6,"國立雲林科技大學財務金融系(通過); 國立臺北科技大學經營管理系(通過); 國立高雄科技大學財務管理系(通過); 國立臺中科技大學財務金融系(通過); 國立臺北商業大學財務金融系(臺北校區)(備取); 國立臺北商業大學財政稅務系(臺北校區)(備取,分發)"
CAND_0678,115,yuntech_fin,國立雲林科技大學,財務金融系(商管群),國立雲林科技大學 財務金融系(商管群),76090064,李*溥,備取,—,—,未分發或放棄,4,國立雲林科技大學財務金融系(通過); 國立雲林科技大學企業管理系(備取); 國立臺北科技大學經營管理系(通過); 國立高雄科技大學航運技術系(備取)
CAND_0679,115,yuntech_fin,國立雲林科技大學,財務金融系(資電類),國立雲林科技大學 財務金融系(資電類),54040206,*菲,正取,國立雲林科技大學,國立雲林科技大學資訊管理系,原校系/本校留任,3,"國立雲林科技大學財務金融系(正取); 國立雲林科技大學資訊管理系(備取,分發); 國立高雄科技大學資訊管理系(通過)"
CAND_0680,115,yuntech_fin,國立雲林科技大學,財務金融系(資電類),國立雲林科技大學 財務金融系(資電類),52040243,簡*翔,備取,—,—,未分發或放棄,3,國立雲林科技大學財務金融系(通過); 國立雲林科技大學資訊管理系(通過); 國立臺北科技大學光電工程系(通過)
CAND_0681,115,yuntech_fin,國立雲林科技大學,財務金融系(資電類),國立雲林科技大學 財務金融系(資電類),54040113,鄧*口,備取,—,—,未分發或放棄,3,國立雲林科技大學財務金融系(通過); 國立高雄科技大學電腦與通訊工程系(通過); 國立高雄科技大學商務資訊應用系(通過)
CAND_0682,114,yuntech_fin,國立雲林科技大學,財務金融系(商管群),國立雲林科技大學 財務金融系(商管群),70091073,李*,正取,國立臺北科技大學,國立臺北科技大學資訊與財金管理系,其他學校錄取,3,"國立雲林科技大學財務金融系(正取); 國立臺北科技大學資訊與財金管理系(正取,分發); 國立臺北商業大學財務金融系(臺北校區)(正取)"
CAND_0683,114,yuntech_fin,國立雲林科技大學,財務金融系(商管群),國立雲林科技大學 財務金融系(商管群),61090965,賴*毓,正取,國立雲林科技大學,國立雲林科技大學財務金融系,原校系/本校留任,4,"國立雲林科技大學財務金融系(正取,分發); 國立臺北科技大學工業工程與管理系(通過); 國立臺北商業大學財務金融系(臺北校區)(正取); 國立彰化師範大學財務金融技術學系(正取)"
CAND_0684,114,yuntech_fin,國立雲林科技大學,財務金融系(商管群),國立雲林科技大學 財務金融系(商管群),61091673,葉*妤,正取,國立臺北科技大學,國立臺北科技大學工業工程與管理系,其他學校錄取,3,"國立雲林科技大學財務金融系(正取); 國立臺北科技大學工業工程與管理系(正取,分發); 國立臺北商業大學財政稅務系(臺北校區)(正取)"
CAND_0685,114,yuntech_fin,國立雲林科技大學,財務金融系(商管群),國立雲林科技大學 財務金融系(商管群),68090122,李*榛,正取,國立雲林科技大學,國立雲林科技大學財務金融系,原校系/本校留任,5,"國立雲林科技大學財務金融系(正取,分發); 國立雲林科技大學企業管理系(通過); 國立臺北科技大學經營管理系(通過); 國立高雄科技大學金融系(通過); 國立臺北商業大學財政稅務系(臺北校區)(正取)"
CAND_0686,114,yuntech_fin,國立雲林科技大學,財務金融系(商管群),國立雲林科技大學 財務金融系(商管群),66090322,胡*慈,正取,國立雲林科技大學,國立雲林科技大學企業管理系,原校系/本校留任,2,"國立雲林科技大學財務金融系(正取); 國立雲林科技大學企業管理系(正取,分發)"
CAND_0687,114,yuntech_fin,國立雲林科技大學,財務金融系(商管群),國立雲林科技大學 財務金融系(商管群),71090302,陳*穎,正取,國立雲林科技大學,國立雲林科技大學會計系,原校系/本校留任,5,"國立雲林科技大學財務金融系(正取); 國立雲林科技大學會計系(正取,分發); 國立高雄科技大學資訊管理系(通過); 國立高雄科技大學財務管理系(正取); 國立高雄科技大學金融資訊系(通過)"
CAND_0688,114,yuntech_fin,國立雲林科技大學,財務金融系(商管群),國立雲林科技大學 財務金融系(商管群),58090025,胡*婷,正取,國立臺灣科技大學,國立臺灣科技大學企業管理系,其他學校錄取,4,"國立雲林科技大學財務金融系(正取); 國立臺灣科技大學企業管理系(備取,分發); 國立雲林科技大學企業管理系(通過); 國立臺北商業大學財務金融系(臺北校區)(正取)"
CAND_0689,114,yuntech_fin,國立雲林科技大學,財務金融系(商管群),國立雲林科技大學 財務金融系(商管群),68090282,梁*,正取,國立雲林科技大學,國立雲林科技大學財務金融系,原校系/本校留任,5,"國立雲林科技大學財務金融系(正取,分發); 國立雲林科技大學工業工程與管理系(正取); 國立高雄科技大學財政稅務系(正取); 國立高雄科技大學航運管理系(通過); 國立臺中科技大學財務金融系(通過)"
CAND_0690,114,yuntech_fin,國立雲林科技大學,財務金融系(商管群),國立雲林科技大學 財務金融系(商管群),61091685,林*,正取,國立雲林科技大學,國立雲林科技大學財務金融系,原校系/本校留任,5,"國立雲林科技大學財務金融系(正取,分發); 國立雲林科技大學企業管理系(通過); 國立高雄科技大學財政稅務系(通過); 國立臺中科技大學財務金融系(通過); 國立臺北商業大學財務金融系(臺北校區)(備取)"
CAND_0691,114,yuntech_fin,國立雲林科技大學,財務金融系(商管群),國立雲林科技大學 財務金融系(商管群),61091581,賴*,正取,國立彰化師範大學,國立彰化師範大學財務金融技術學系,其他學校錄取,2,"國立雲林科技大學財務金融系(正取); 國立彰化師範大學財務金融技術學系(正取,分發)"
CAND_0692,114,yuntech_fin,國立雲林科技大學,財務金融系(商管群),國立雲林科技大學 財務金融系(商管群),61090535,林*樂,正取,—,—,未分發或放棄,5,國立雲林科技大學財務金融系(正取); 國立雲林科技大學會計系(通過); 國立臺北科技大學經營管理系(正取); 國立高雄科技大學金融系(通過); 國立臺北商業大學財政稅務系(臺北校區)(正取)
CAND_0693,114,yuntech_fin,國立雲林科技大學,財務金融系(商管群),國立雲林科技大學 財務金融系(商管群),63090445,翁*,正取,國立雲林科技大學,國立雲林科技大學財務金融系,原校系/本校留任,4,"國立雲林科技大學財務金融系(正取,分發); 國立雲林科技大學會計系(正取); 國立臺中科技大學財務金融系(通過); 國立臺北商業大學財務金融系(臺北校區)(通過)"
CAND_0694,114,yuntech_fin,國立雲林科技大學,財務金融系(商管群),國立雲林科技大學 財務金融系(商管群),58090278,陳*,正取,國立雲林科技大學,國立雲林科技大學財務金融系,原校系/本校留任,2,"國立雲林科技大學財務金融系(正取,分發); 國立臺北科技大學資訊與財金管理系(備取)"
CAND_0695,114,yuntech_fin,國立雲林科技大學,財務金融系(商管群),國立雲林科技大學 財務金融系(商管群),64090515,*瑜,正取,國立雲林科技大學,國立雲林科技大學財務金融系,原校系/本校留任,4,"國立雲林科技大學財務金融系(正取,分發); 國立雲林科技大學資訊管理系(通過); 國立臺北商業大學財政稅務系(臺北校區)(正取); 國立彰化師範大學財務金融技術學系(正取)"
CAND_0696,114,yuntech_fin,國立雲林科技大學,財務金融系(商管群),國立雲林科技大學 財務金融系(商管群),52090445,林*女,正取,國立雲林科技大學,國立雲林科技大學財務金融系,原校系/本校留任,1,"國立雲林科技大學財務金融系(正取,分發)"
CAND_0697,114,yuntech_fin,國立雲林科技大學,財務金融系(商管群),國立雲林科技大學 財務金融系(商管群),64090527,許*慈,正取,國立雲林科技大學,國立雲林科技大學財務金融系,原校系/本校留任,6,"國立雲林科技大學財務金融系(正取,分發); 國立雲林科技大學資訊管理系(通過); 國立高雄科技大學財務管理系(通過); 國立臺北商業大學財政稅務系(臺北校區)(備取); 國立彰化師範大學財務金融技術學系(通過); 國立臺中教育大學國際企業學系(通過)"
CAND_0698,114,yuntech_fin,國立雲林科技大學,財務金融系(商管群),國立雲林科技大學 財務金融系(商管群),67090278,張*瑜,正取,國立雲林科技大學,國立雲林科技大學會計系,原校系/本校留任,6,"國立雲林科技大學財務金融系(正取); 國立雲林科技大學會計系(正取,分發); 國立高雄科技大學財務管理系(通過); 國立高雄科技大學會計資訊系(通過); 國立臺中科技大學財務金融系(通過); 國立臺北商業大學會計資訊系(臺北校區)(正取)"
CAND_0699,114,yuntech_fin,國立雲林科技大學,財務金融系(商管群),國立雲林科技大學 財務金融系(商管群),70090485,黄*慈,正取,國立雲林科技大學,國立雲林科技大學財務金融系,原校系/本校留任,2,"國立雲林科技大學財務金融系(正取,分發); 國立雲林科技大學企業管理系(通過)"
CAND_0700,114,yuntech_fin,國立雲林科技大學,財務金融系(商管群),國立雲林科技大學 財務金融系(商管群),61091483,梁*,正取,國立雲林科技大學,國立雲林科技大學財務金融系,原校系/本校留任,6,"國立雲林科技大學財務金融系(正取,分發); 國立雲林科技大學企業管理系(正取); 國立高雄科技大學金融系(正取); 國立高雄科技大學財務管理系(備取); 國立高雄科技大學財政稅務系(正取); 國立臺北商業大學國際商務系(臺北校區)(正取)"
CAND_0701,114,yuntech_fin,國立雲林科技大學,財務金融系(商管群),國立雲林科技大學 財務金融系(商管群),64090507,林*廷,正取,國立臺北科技大學,國立臺北科技大學經營管理系,其他學校錄取,6,"國立雲林科技大學財務金融系(正取); 國立臺灣科技大學企業管理系(通過); 國立雲林科技大學資訊管理系(通過); 國立臺北科技大學工業工程與管理系(備取); 國立臺北科技大學經營管理系(備取,分發); 國立臺北商業大學財務金融系(臺北校區)(通過)"
CAND_0702,114,yuntech_fin,國立雲林科技大學,財務金融系(商管群),國立雲林科技大學 財務金融系(商管群),61090383,*璇,正取,國立雲林科技大學,國立雲林科技大學財務金融系,原校系/本校留任,4,"國立雲林科技大學財務金融系(正取,分發); 國立高雄科技大學財務管理系(正取); 國立虎尾科技大學財務金融系(正取); 國立臺中科技大學財務金融系(正取)"
CAND_0703,114,yuntech_fin,國立雲林科技大學,財務金融系(商管群),國立雲林科技大學 財務金融系(商管群),64090503,黄*晴,正取,國立高雄科技大學,國立高雄科技大學財政稅務系,其他學校錄取,4,"國立雲林科技大學財務金融系(正取); 國立高雄科技大學金融系(正取); 國立高雄科技大學財政稅務系(正取,分發); 國立臺北商業大學財政稅務系(臺北校區)(備取)"
CAND_0704,114,yuntech_fin,國立雲林科技大學,財務金融系(商管群),國立雲林科技大學 財務金融系(商管群),68090130,楊*,正取,國立雲林科技大學,國立雲林科技大學財務金融系,原校系/本校留任,6,"國立雲林科技大學財務金融系(正取,分發); 國立雲林科技大學企業管理系(正取); 國立高雄科技大學金融系(正取); 國立高雄科技大學財政稅務系(正取); 國立虎尾科技大學財務金融系(正取); 國立彰化師範大學財務金融技術學系(備取)"
CAND_0705,114,yuntech_fin,國立雲林科技大學,財務金融系(商管群),國立雲林科技大學 財務金融系(商管群),70090489,簡*,正取,國立雲林科技大學,國立雲林科技大學財務金融系,原校系/本校留任,2,"國立雲林科技大學財務金融系(正取,分發); 國立臺北商業大學企業管理系(臺北校區)(正取)"
CAND_0706,114,yuntech_fin,國立雲林科技大學,財務金融系(商管群),國立雲林科技大學 財務金融系(商管群),64090036,胡*瑄,正取,國立雲林科技大學,國立雲林科技大學財務金融系,原校系/本校留任,5,"國立雲林科技大學財務金融系(正取,分發); 國立雲林科技大學會計系(通過); 國立高雄科技大學金融系(通過); 國立臺中科技大學財務金融系(通過); 國立彰化師範大學財務金融技術學系(備取)"
CAND_0707,114,yuntech_fin,國立雲林科技大學,財務金融系(商管群),國立雲林科技大學 財務金融系(商管群),65090138,黄*尹,正取,國立雲林科技大學,國立雲林科技大學財務金融系,原校系/本校留任,4,"國立雲林科技大學財務金融系(正取,分發); 國立高雄科技大學金融系(通過); 國立高雄科技大學財務管理系(通過); 國立臺北商業大學企業管理系(臺北校區)(備取)"
CAND_0708,114,yuntech_fin,國立雲林科技大學,財務金融系(商管群),國立雲林科技大學 財務金融系(商管群),61090769,江*永,正取,國立雲林科技大學,國立雲林科技大學財務金融系,原校系/本校留任,6,"國立雲林科技大學財務金融系(正取,分發); 國立高雄科技大學行銷與流通管理系(通過); 國立高雄科技大學財務管理系(通過); 國立高雄科技大學金融資訊系(通過); 國立臺中科技大學財務金融系(通過); 國立臺北商業大學會計資訊系(臺北校區)(通過)"
CAND_0709,114,yuntech_fin,國立雲林科技大學,財務金融系(商管群),國立雲林科技大學 財務金融系(商管群),66090321,林*,正取,國立雲林科技大學,國立雲林科技大學財務金融系,原校系/本校留任,3,"國立雲林科技大學財務金融系(正取,分發); 國立虎尾科技大學資訊管理系(通過); 國立虎尾科技大學財務金融系(通過)"
CAND_0710,114,yuntech_fin,國立雲林科技大學,財務金融系(商管群),國立雲林科技大學 財務金融系(商管群),61090815,維*熒,正取,國立雲林科技大學,國立雲林科技大學會計系,原校系/本校留任,6,"國立雲林科技大學財務金融系(正取); 國立雲林科技大學會計系(正取,分發); 國立高雄科技大學會計資訊系(正取); 國立虎尾科技大學財務金融系(正取); 國立臺中科技大學財務金融系(正取); 國立臺北商業大學財政稅務系(臺北校區)(正取)"
CAND_0711,114,yuntech_fin,國立雲林科技大學,財務金融系(商管群),國立雲林科技大學 財務金融系(商管群),76090048,李*訓,正取,國立臺北商業大學,國立臺北商業大學財務金融系(臺北校區),其他學校錄取,6,"國立雲林科技大學財務金融系(正取); 國立屏東科技大學企業管理系(通過); 國立臺北科技大學資訊與財金管理系(通過); 國立高雄科技大學金融資訊系(正取); 國立臺中科技大學財務金融系(正取); 國立臺北商業大學財務金融系(臺北校區)(正取,分發)"
CAND_0712,114,yuntech_fin,國立雲林科技大學,財務金融系(商管群),國立雲林科技大學 財務金融系(商管群),77090012,*元,正取,國立臺北商業大學,國立臺北商業大學財務金融系(臺北校區),其他學校錄取,3,"國立雲林科技大學財務金融系(正取); 國立臺中科技大學財務金融系(正取); 國立臺北商業大學財務金融系(臺北校區)(正取,分發)"
CAND_0713,114,yuntech_fin,國立雲林科技大學,財務金融系(商管群),國立雲林科技大學 財務金融系(商管群),78090012,林*永,正取,國立雲林科技大學,國立雲林科技大學財務金融系,原校系/本校留任,5,"國立雲林科技大學財務金融系(正取,分發); 國立雲林科技大學企業管理系(正取); 國立臺中科技大學財務金融系(通過); 國立臺北商業大學企業管理系(臺北校區)(備取); 致理科技大學財務金融系(通過)"
CAND_0714,114,yuntech_fin,國立雲林科技大學,財務金融系(商管群),國立雲林科技大學 財務金融系(商管群),57090269,蘇*君,正取,國立雲林科技大學,國立雲林科技大學財務金融系,原校系/本校留任,5,"國立雲林科技大學財務金融系(正取,分發); 國立雲林科技大學會計系(通過); 國立高雄科技大學金融系(正取); 國立高雄科技大學智慧商務系(通過); 國立臺中科技大學會計資訊系(通過)"
CAND_0715,114,yuntech_fin,國立雲林科技大學,財務金融系(商管群),國立雲林科技大學 財務金融系(商管群),68090097,考生*,備取,國立雲林科技大學,國立雲林科技大學財務金融系,原校系/本校留任,3,"國立雲林科技大學財務金融系(備取,分發); 國立雲林科技大學會計系(備取); 國立臺北商業大學會計資訊系(臺北校區)(備取)"
CAND_0716,114,yuntech_fin,國立雲林科技大學,財務金融系(商管群),國立雲林科技大學 財務金融系(商管群),64090115,黄*,備取,國立臺中科技大學,國立臺中科技大學財務金融系,其他學校錄取,6,"國立雲林科技大學財務金融系(備取); 國立高雄科技大學資訊管理系(通過); 國立高雄科技大學運籌管理系(通過); 國立高雄科技大學財務管理系(正取); 國立臺中科技大學財務金融系(正取,分發); 國立臺北商業大學企業管理系(臺北校區)(正取)"
CAND_0717,114,yuntech_fin,國立雲林科技大學,財務金融系(商管群),國立雲林科技大學 財務金融系(商管群),59090357,*榕,備取,國立雲林科技大學,國立雲林科技大學財務金融系,原校系/本校留任,3,"國立雲林科技大學財務金融系(備取,分發); 國立雲林科技大學資訊管理系(通過); 國立臺北科技大學工業工程與管理系(通過)"
CAND_0718,114,yuntech_fin,國立雲林科技大學,財務金融系(商管群),國立雲林科技大學 財務金融系(商管群),61090665,張*宏,備取,國立雲林科技大學,國立雲林科技大學財務金融系,原校系/本校留任,6,"國立雲林科技大學財務金融系(備取,分發); 國立雲林科技大學會計系(通過); 國立高雄科技大學金融系(正取); 國立高雄科技大學財務管理系(備取); 國立高雄科技大學金融資訊系(正取); 國立虎尾科技大學財務金融系(正取)"
CAND_0719,114,yuntech_fin,國立雲林科技大學,財務金融系(商管群),國立雲林科技大學 財務金融系(商管群),61091109,*羽,備取,國立雲林科技大學,國立雲林科技大學財務金融系,原校系/本校留任,2,"國立雲林科技大學財務金融系(備取,分發); 國立雲林科技大學會計系(備取)"
CAND_0720,114,yuntech_fin,國立雲林科技大學,財務金融系(商管群),國立雲林科技大學 財務金融系(商管群),70090709,*姿,備取,—,—,未分發或放棄,3,國立雲林科技大學財務金融系(備取); 國立雲林科技大學企業管理系(正取); 國立臺北商業大學企業管理系(臺北校區)(備取)
CAND_0721,114,yuntech_fin,國立雲林科技大學,財務金融系(商管群),國立雲林科技大學 財務金融系(商管群),68530086,考生*,備取,國立雲林科技大學,國立雲林科技大學資訊管理系,原校系/本校留任,6,"國立雲林科技大學財務金融系(備取); 國立雲林科技大學資訊管理系(正取,分發); 國立高雄科技大學資訊管理系(正取); 國立高雄科技大學資訊管理系(正取); 國立高雄科技大學金融系(備取); 國立虎尾科技大學資訊管理系(正取)"
CAND_0722,114,yuntech_fin,國立雲林科技大學,財務金融系(商管群),國立雲林科技大學 財務金融系(商管群),51090048,*晨,備取,國立雲林科技大學,國立雲林科技大學財務金融系,原校系/本校留任,2,"國立雲林科技大學財務金融系(備取,分發); 國立臺北商業大學企業管理系(臺北校區)(備取)"
CAND_0723,114,yuntech_fin,國立雲林科技大學,財務金融系(商管群),國立雲林科技大學 財務金融系(商管群),61090503,徐*,備取,國立雲林科技大學,國立雲林科技大學財務金融系,原校系/本校留任,4,"國立雲林科技大學財務金融系(備取,分發); 國立高雄科技大學財務管理系(備取); 國立臺中科技大學財務金融系(正取); 國立臺北商業大學企業管理系(臺北校區)(備取)"
CAND_0724,114,yuntech_fin,國立雲林科技大學,財務金融系(商管群),國立雲林科技大學 財務金融系(商管群),53090017,林*,備取,國立雲林科技大學,國立雲林科技大學財務金融系,原校系/本校留任,4,"國立雲林科技大學財務金融系(備取,分發); 國立臺北護理健康大學資訊管理系(通過); 國立臺中科技大學財務金融系(通過); 國立臺北商業大學企業管理系(臺北校區)(備取)"
CAND_0725,114,yuntech_fin,國立雲林科技大學,財務金融系(商管群),國立雲林科技大學 財務金融系(商管群),64090187,陳*均,備取,國立雲林科技大學,國立雲林科技大學會計系,原校系/本校留任,6,"國立雲林科技大學財務金融系(備取); 國立雲林科技大學會計系(備取,分發); 國立高雄科技大學金融系(通過); 國立高雄科技大學會計資訊系(通過); 國立高雄科技大學金融資訊系(通過); 國立臺中科技大學財務金融系(通過)"
CAND_0726,114,yuntech_fin,國立雲林科技大學,財務金融系(商管群),國立雲林科技大學 財務金融系(商管群),64090043,鄭*永,備取,國立雲林科技大學,國立雲林科技大學財務金融系,原校系/本校留任,5,"國立雲林科技大學財務金融系(備取,分發); 國立高雄科技大學財務管理系(備取); 國立高雄科技大學金融資訊系(通過); 國立臺中科技大學財務金融系(通過); 國立臺北商業大學企業管理系(臺北校區)(備取)"
CAND_0727,114,yuntech_fin,國立雲林科技大學,財務金融系(商管群),國立雲林科技大學 財務金融系(商管群),61091139,吳*毅,備取,國立雲林科技大學,國立雲林科技大學財務金融系,原校系/本校留任,3,"國立雲林科技大學財務金融系(備取,分發); 國立高雄科技大學資訊管理系(備取); 國立高雄科技大學財務管理系(備取)"
CAND_0728,114,yuntech_fin,國立雲林科技大學,財務金融系(商管群),國立雲林科技大學 財務金融系(商管群),61091133,黄*,備取,國立雲林科技大學,國立雲林科技大學財務金融系,原校系/本校留任,4,"國立雲林科技大學財務金融系(備取,分發); 國立臺灣科技大學企業管理系(通過); 國立雲林科技大學工業工程與管理系(備取); 國立彰化師範大學財務金融技術學系(通過)"
CAND_0729,114,yuntech_fin,國立雲林科技大學,財務金融系(商管群),國立雲林科技大學 財務金融系(商管群),60090021,蕭*鈞,備取,—,—,未分發或放棄,2,國立雲林科技大學財務金融系(備取); 國立雲林科技大學會計系(備取)
CAND_0730,114,yuntech_fin,國立雲林科技大學,財務金融系(商管群),國立雲林科技大學 財務金融系(商管群),64090227,梁*淳,備取,國立高雄科技大學,國立高雄科技大學財務管理系,其他學校錄取,3,"國立雲林科技大學財務金融系(備取); 國立高雄科技大學財務管理系(備取,分發); 國立臺北商業大學企業管理系(臺北校區)(備取)"
CAND_0731,114,yuntech_fin,國立雲林科技大學,財務金融系(商管群),國立雲林科技大學 財務金融系(商管群),59090136,董*軒,備取,國立高雄科技大學,國立高雄科技大學資訊管理系,其他學校錄取,4,"國立雲林科技大學財務金融系(備取); 國立高雄科技大學資訊管理系(備取,分發); 國立高雄科技大學金融資訊系(通過); 國立臺中科技大學財務金融系(通過)"
CAND_0732,114,yuntech_fin,國立雲林科技大學,財務金融系(商管群),國立雲林科技大學 財務金融系(商管群),58090401,温*,備取,國立雲林科技大學,國立雲林科技大學工業工程與管理系,原校系/本校留任,2,"國立雲林科技大學財務金融系(備取); 國立雲林科技大學工業工程與管理系(正取,分發)"
CAND_0733,114,yuntech_fin,國立雲林科技大學,財務金融系(商管群),國立雲林科技大學 財務金融系(商管群),77090014,陳*妤,備取,國立臺北商業大學,國立臺北商業大學商業設計管理系(桃園校區),其他學校錄取,4,"國立雲林科技大學財務金融系(備取); 國立臺中科技大學財務金融系(備取); 國立臺北商業大學商業設計管理系(桃園校區)(正取,分發); 國立金門大學企業管理學系(通過)"
CAND_0734,114,yuntech_fin,國立雲林科技大學,財務金融系(商管群),國立雲林科技大學 財務金融系(商管群),76090030,顏*廷,備取,國立高雄科技大學,國立高雄科技大學會計資訊系,其他學校錄取,5,"國立雲林科技大學財務金融系(備取); 國立高雄科技大學會計資訊系(正取,分發); 國立高雄科技大學金融資訊系(備取); 國立臺中科技大學會計資訊系(正取); 國立臺北商業大學財務金融系(臺北校區)(備取)"
CAND_0735,114,yuntech_fin,國立雲林科技大學,財務金融系(商管群),國立雲林科技大學 財務金融系(商管群),76090021,顏*,備取,國立屏東科技大學,國立屏東科技大學休閒運動健康系,其他學校錄取,5,"國立雲林科技大學財務金融系(備取); 國立屏東科技大學休閒運動健康系(正取,分發); 國立臺北科技大學經營管理系(備取); 國立高雄科技大學財務管理系(通過); 國立勤益科技大學企業管理系(正取)"
CAND_0736,114,yuntech_fin,國立雲林科技大學,財務金融系(商管群),國立雲林科技大學 財務金融系(商管群),77090017,柯*恩,備取,國立臺中科技大學,國立臺中科技大學財務金融系,其他學校錄取,4,"國立雲林科技大學財務金融系(備取); 國立臺中科技大學財務金融系(備取,分發); 樹德科技大學金融管理系(正取); 正修科技大學金融管理系(通過)"
CAND_0737,114,yuntech_fin,國立雲林科技大學,財務金融系(商管群),國立雲林科技大學 財務金融系(商管群),78090011,葵*庭,備取,國立雲林科技大學,國立雲林科技大學企業管理系,原校系/本校留任,5,"國立雲林科技大學財務金融系(備取); 國立雲林科技大學企業管理系(備取,分發); 國立臺中科技大學財務金融系(通過); 國立臺北商業大學企業管理系(臺北校區)(備取); 國立臺灣海洋大學航運管理學系(備取)"
CAND_0738,114,yuntech_fin,國立雲林科技大學,財務金融系(商管群),國立雲林科技大學 財務金融系(商管群),76090035,陳*永,備取,國立屏東科技大學,國立屏東科技大學企業管理系,其他學校錄取,6,"國立雲林科技大學財務金融系(備取); 國立屏東科技大學資訊管理系(備取); 國立屏東科技大學企業管理系(備取,分發); 國立屏東科技大學休閒運動健康系(備取); 國立虎尾科技大學資訊管理系(備取); 國立勤益科技大學資訊管理系(備取)"
CAND_0739,114,yuntech_fin,國立雲林科技大學,財務金融系(商管群),國立雲林科技大學 財務金融系(商管群),76090001,許*有,備取,國立雲林科技大學,國立雲林科技大學財務金融系,原校系/本校留任,6,"國立雲林科技大學財務金融系(備取,分發); 國立高雄科技大學財務管理系(通過); 國立高雄科技大學金融資訊系(通過); 國立臺中科技大學財務金融系(通過); 國立臺北商業大學財務金融系(臺北校區)(備取); 國立屏東大學財務金融學系(正取)"
CAND_0740,114,yuntech_fin,國立雲林科技大學,財務金融系(商管群),國立雲林科技大學 財務金融系(商管群),51090044,陳*庭,備取,國立臺北商業大學,國立臺北商業大學企業管理系(臺北校區),其他學校錄取,5,"國立雲林科技大學財務金融系(通過); 國立高雄科技大學企業管理系(通過); 國立高雄科技大學金融系(正取); 國立臺中科技大學會計資訊系(通過); 國立臺北商業大學企業管理系(臺北校區)(備取,分發)"
CAND_0741,114,yuntech_fin,國立雲林科技大學,財務金融系(商管群),國立雲林科技大學 財務金融系(商管群),51090299,黄*,備取,國立臺灣科技大學,國立臺灣科技大學企業管理系,其他學校錄取,4,"國立雲林科技大學財務金融系(通過); 國立臺灣科技大學企業管理系(正取,分發); 國立臺北科技大學資訊與財金管理系(正取); 國立臺北商業大學企業管理系(臺北校區)(通過)"
CAND_0742,114,yuntech_fin,國立雲林科技大學,財務金融系(商管群),國立雲林科技大學 財務金融系(商管群),52090043,楊*蓉,備取,國立臺北科技大學,國立臺北科技大學經營管理系,其他學校錄取,5,"國立雲林科技大學財務金融系(通過); 國立臺灣科技大學企業管理系(通過); 國立雲林科技大學工業工程與管理系(通過); 國立臺北科技大學經營管理系(正取,分發); 國立臺北商業大學財政稅務系(臺北校區)(通過)"
CAND_0743,114,yuntech_fin,國立雲林科技大學,財務金融系(商管群),國立雲林科技大學 財務金融系(商管群),52090103,李*,備取,國立臺北科技大學,國立臺北科技大學工業工程與管理系,其他學校錄取,3,"國立雲林科技大學財務金融系(通過); 國立臺北科技大學工業工程與管理系(備取,分發); 國立臺北商業大學財政稅務系(臺北校區)(通過)"
CAND_0744,114,yuntech_fin,國立雲林科技大學,財務金融系(商管群),國立雲林科技大學 財務金融系(商管群),52090322,任*潔,備取,—,—,未分發或放棄,1,國立雲林科技大學財務金融系(通過)
CAND_0745,114,yuntech_fin,國立雲林科技大學,財務金融系(商管群),國立雲林科技大學 財務金融系(商管群),52090373,高*,備取,國立臺北商業大學,國立臺北商業大學會計資訊系(臺北校區),其他學校錄取,3,"國立雲林科技大學財務金融系(通過); 國立雲林科技大學會計系(通過); 國立臺北商業大學會計資訊系(臺北校區)(備取,分發)"
CAND_0746,114,yuntech_fin,國立雲林科技大學,財務金融系(商管群),國立雲林科技大學 財務金融系(商管群),52090417,何*穎,備取,國立臺北科技大學,國立臺北科技大學經營管理系,其他學校錄取,4,"國立雲林科技大學財務金融系(通過); 國立臺北科技大學經營管理系(備取,分發); 國立臺北商業大學國際商務系(臺北校區)(正取); 國立彰化師範大學財務金融技術學系(通過)"
CAND_0747,114,yuntech_fin,國立雲林科技大學,財務金融系(商管群),國立雲林科技大學 財務金融系(商管群),52090422,李*靚,備取,—,—,未分發或放棄,5,國立雲林科技大學財務金融系(通過); 國立臺灣科技大學企業管理系(通過); 國立臺北科技大學經營管理系(通過); 國立臺北科技大學資訊與財金管理系(通過); 國立臺北商業大學財務金融系(臺北校區)(通過)
CAND_0748,114,yuntech_fin,國立雲林科技大學,財務金融系(商管群),國立雲林科技大學 財務金融系(商管群),55090389,徐*皓,備取,—,—,未分發或放棄,1,國立雲林科技大學財務金融系(通過)
CAND_0749,114,yuntech_fin,國立雲林科技大學,財務金融系(商管群),國立雲林科技大學 財務金融系(商管群),56090236,許*璇,備取,國立臺北科技大學,國立臺北科技大學經營管理系,其他學校錄取,6,"國立雲林科技大學財務金融系(通過); 國立臺灣科技大學企業管理系(通過); 國立臺北科技大學經營管理系(正取,分發); 國立臺北科技大學資訊與財金管理系(備取); 國立臺北商業大學會計資訊系(臺北校區)(正取); 國立彰化師範大學財務金融技術學系(正取)"
CAND_0750,114,yuntech_fin,國立雲林科技大學,財務金融系(商管群),國立雲林科技大學 財務金融系(商管群),57090017,周*婷,備取,—,—,未分發或放棄,1,國立雲林科技大學財務金融系(通過)
CAND_0751,114,yuntech_fin,國立雲林科技大學,財務金融系(商管群),國立雲林科技大學 財務金融系(商管群),57090030,李*琳,備取,國立雲林科技大學,國立雲林科技大學會計系,原校系/本校留任,5,"國立雲林科技大學財務金融系(通過); 國立雲林科技大學會計系(正取,分發); 國立臺北科技大學工業工程與管理系(通過); 國立高雄科技大學財務管理系(通過); 國立臺北商業大學財政稅務系(臺北校區)(通過)"
CAND_0752,114,yuntech_fin,國立雲林科技大學,財務金融系(商管群),國立雲林科技大學 財務金融系(商管群),57090146,許*淇,備取,國立臺北商業大學,國立臺北商業大學財政稅務系(臺北校區),其他學校錄取,3,"國立雲林科技大學財務金融系(通過); 國立雲林科技大學會計系(通過); 國立臺北商業大學財政稅務系(臺北校區)(備取,分發)"
CAND_0753,114,yuntech_fin,國立雲林科技大學,財務金融系(商管群),國立雲林科技大學 財務金融系(商管群),58090245,涂*婷,備取,國立臺北商業大學,國立臺北商業大學財務金融系(臺北校區),其他學校錄取,5,"國立雲林科技大學財務金融系(通過); 國立臺灣科技大學企業管理系(備取); 國立臺北科技大學經營管理系(備取); 國立臺北商業大學財務金融系(臺北校區)(正取,分發); 國立彰化師範大學財務金融技術學系(通過)"
CAND_0754,114,yuntech_fin,國立雲林科技大學,財務金融系(商管群),國立雲林科技大學 財務金融系(商管群),58090273,*毅,備取,—,—,未分發或放棄,2,國立雲林科技大學財務金融系(通過); 國立臺北科技大學工業工程與管理系(備取)
CAND_0755,114,yuntech_fin,國立雲林科技大學,財務金融系(商管群),國立雲林科技大學 財務金融系(商管群),59090122,陳*羽,備取,國立臺北科技大學,國立臺北科技大學經營管理系,其他學校錄取,4,"國立雲林科技大學財務金融系(通過); 國立臺灣科技大學企業管理系(備取); 國立雲林科技大學資訊管理系(通過); 國立臺北科技大學經營管理系(備取,分發)"
CAND_0756,114,yuntech_fin,國立雲林科技大學,財務金融系(商管群),國立雲林科技大學 財務金融系(商管群),59090365,A*盲,備取,國立高雄科技大學,國立高雄科技大學財務管理系,其他學校錄取,5,"國立雲林科技大學財務金融系(通過); 國立雲林科技大學會計系(備取); 國立高雄科技大學金融系(通過); 國立高雄科技大學財務管理系(備取,分發); 國立臺北商業大學會計資訊系(臺北校區)(通過)"
CAND_0757,114,yuntech_fin,國立雲林科技大學,財務金融系(商管群),國立雲林科技大學 財務金融系(商管群),59090429,黄*甯,備取,國立臺北科技大學,國立臺北科技大學經營管理系,其他學校錄取,4,"國立雲林科技大學財務金融系(通過); 國立臺北科技大學工業工程與管理系(備取); 國立臺北科技大學經營管理系(正取,分發); 國立臺北商業大學資訊管理系(臺北校區)(備取)"
CAND_0758,114,yuntech_fin,國立雲林科技大學,財務金融系(商管群),國立雲林科技大學 財務金融系(商管群),61090433,陳*慈,備取,國立雲林科技大學,國立雲林科技大學會計系,原校系/本校留任,4,"國立雲林科技大學財務金融系(通過); 國立雲林科技大學會計系(正取,分發); 國立高雄科技大學會計資訊系(正取); 國立臺中科技大學會計資訊系(正取)"
CAND_0759,114,yuntech_fin,國立雲林科技大學,財務金融系(商管群),國立雲林科技大學 財務金融系(商管群),61090531,黄*晴,備取,—,—,未分發或放棄,3,國立雲林科技大學財務金融系(通過); 國立雲林科技大學會計系(通過); 國立臺北商業大學財政稅務系(臺北校區)(備取)
CAND_0760,114,yuntech_fin,國立雲林科技大學,財務金融系(商管群),國立雲林科技大學 財務金融系(商管群),61090643,陳*蓉,備取,國立臺北商業大學,國立臺北商業大學企業管理系(臺北校區),其他學校錄取,6,"國立雲林科技大學財務金融系(通過); 國立臺灣科技大學企業管理系(備取); 國立雲林科技大學企業管理系(通過); 國立高雄科技大學財務管理系(通過); 國立臺中科技大學企業管理系(通過); 國立臺北商業大學企業管理系(臺北校區)(正取,分發)"
CAND_0761,114,yuntech_fin,國立雲林科技大學,財務金融系(商管群),國立雲林科技大學 財務金融系(商管群),61090661,葵*威,備取,國立臺灣科技大學,國立臺灣科技大學企業管理系,其他學校錄取,3,"國立雲林科技大學財務金融系(通過); 國立臺灣科技大學企業管理系(正取,分發); 國立臺北商業大學財務金融系(臺北校區)(通過)"
CAND_0762,114,yuntech_fin,國立雲林科技大學,財務金融系(商管群),國立雲林科技大學 財務金融系(商管群),61091031,游*諺,備取,—,—,未分發或放棄,5,國立雲林科技大學財務金融系(通過); 國立雲林科技大學會計系(通過); 國立高雄科技大學金融系(通過); 國立虎尾科技大學財務金融系(通過); 國立臺中科技大學財務金融系(通過)
CAND_0763,114,yuntech_fin,國立雲林科技大學,財務金融系(商管群),國立雲林科技大學 財務金融系(商管群),61091033,何*住,備取,—,—,未分發或放棄,5,國立雲林科技大學財務金融系(通過); 國立雲林科技大學會計系(正取); 國立高雄科技大學會計資訊系(通過); 國立高雄科技大學財政稅務系(通過); 國立臺北商業大學財政稅務系(臺北校區)(備取)
CAND_0764,114,yuntech_fin,國立雲林科技大學,財務金融系(商管群),國立雲林科技大學 財務金融系(商管群),61091193,李*育,備取,國立臺北科技大學,國立臺北科技大學資訊與財金管理系,其他學校錄取,3,"國立雲林科技大學財務金融系(通過); 國立雲林科技大學資訊管理系(通過); 國立臺北科技大學資訊與財金管理系(正取,分發)"
CAND_0765,114,yuntech_fin,國立雲林科技大學,財務金融系(商管群),國立雲林科技大學 財務金融系(商管群),61091341,李*伶,備取,國立雲林科技大學,國立雲林科技大學資訊管理系,原校系/本校留任,4,"國立雲林科技大學財務金融系(通過); 國立雲林科技大學資訊管理系(正取,分發); 國立臺北科技大學經營管理系(備取); 國立臺北商業大學資訊管理系(臺北校區)(正取)"
CAND_0766,114,yuntech_fin,國立雲林科技大學,財務金融系(商管群),國立雲林科技大學 財務金融系(商管群),61091399,林*,備取,—,—,未分發或放棄,2,國立雲林科技大學財務金融系(通過); 國立高雄科技大學資訊管理系(通過)
CAND_0767,114,yuntech_fin,國立雲林科技大學,財務金融系(商管群),國立雲林科技大學 財務金融系(商管群),61091577,張*渝,備取,國立臺灣科技大學,國立臺灣科技大學企業管理系,其他學校錄取,4,"國立雲林科技大學財務金融系(通過); 國立臺灣科技大學企業管理系(正取,分發); 國立臺北科技大學經營管理系(通過); 國立臺北商業大學財務金融系(臺北校區)(通過)"
CAND_0768,114,yuntech_fin,國立雲林科技大學,財務金融系(商管群),國立雲林科技大學 財務金融系(商管群),61091721,*熒,備取,國立臺北商業大學,國立臺北商業大學財政稅務系(臺北校區),其他學校錄取,3,"國立雲林科技大學財務金融系(通過); 國立臺北商業大學財政稅務系(臺北校區)(正取,分發); 國立彰化師範大學財務金融技術學系(正取)"
CAND_0769,114,yuntech_fin,國立雲林科技大學,財務金融系(商管群),國立雲林科技大學 財務金融系(商管群),61091737,李*祐,備取,國立臺北科技大學,國立臺北科技大學工業工程與管理系,其他學校錄取,3,"國立雲林科技大學財務金融系(通過); 國立臺北科技大學工業工程與管理系(備取,分發); 國立臺北商業大學財政稅務系(臺北校區)(通過)"
CAND_0770,114,yuntech_fin,國立雲林科技大學,財務金融系(商管群),國立雲林科技大學 財務金融系(商管群),61530009,葵*,備取,—,—,未分發或放棄,3,國立雲林科技大學財務金融系(通過); 國立雲林科技大學會計系(通過); 國立臺北商業大學商業設計管理系(桃園校區)(通過)
CAND_0771,114,yuntech_fin,國立雲林科技大學,財務金融系(商管群),國立雲林科技大學 財務金融系(商管群),64090011,陳*璇,備取,國立臺北科技大學,國立臺北科技大學經營管理系,其他學校錄取,5,"國立雲林科技大學財務金融系(通過); 國立臺灣科技大學企業管理系(備取); 國立雲林科技大學會計系(通過); 國立臺北科技大學經營管理系(備取,分發); 國立臺北商業大學財政稅務系(臺北校區)(通過)"
CAND_0772,114,yuntech_fin,國立雲林科技大學,財務金融系(商管群),國立雲林科技大學 財務金融系(商管群),64090052,董*鳴,備取,—,—,未分發或放棄,3,國立雲林科技大學財務金融系(通過); 國立臺北科技大學經營管理系(備取); 國立臺北商業大學會計資訊系(臺北校區)(備取)
CAND_0773,114,yuntech_fin,國立雲林科技大學,財務金融系(商管群),國立雲林科技大學 財務金融系(商管群),64090064,陳*哈,備取,國立臺灣科技大學,國立臺灣科技大學企業管理系,其他學校錄取,4,"國立雲林科技大學財務金融系(通過); 國立臺灣科技大學企業管理系(正取,分發); 國立雲林科技大學資訊管理系(通過); 國立臺北科技大學工業工程與管理系(正取)"
CAND_0774,114,yuntech_fin,國立雲林科技大學,財務金融系(商管群),國立雲林科技大學 財務金融系(商管群),64090128,梁*甯,備取,—,—,未分發或放棄,3,國立雲林科技大學財務金融系(通過); 國立雲林科技大學資訊管理系(通過); 國立臺北科技大學工業工程與管理系(通過)
CAND_0775,114,yuntech_fin,國立雲林科技大學,財務金融系(商管群),國立雲林科技大學 財務金融系(商管群),64090379,李*箏,備取,國立臺北商業大學,國立臺北商業大學會計資訊系(臺北校區),其他學校錄取,6,"國立雲林科技大學財務金融系(通過); 國立雲林科技大學會計系(正取); 國立高雄科技大學金融資訊系(通過); 國立臺北商業大學會計資訊系(臺北校區)(備取,分發); 國立彰化師範大學財務金融技術學系(備取); 淡江大學會計學系(通過)"
CAND_0776,114,yuntech_fin,國立雲林科技大學,財務金融系(商管群),國立雲林科技大學 財務金融系(商管群),64090555,陳*妤,備取,—,—,未分發或放棄,4,國立雲林科技大學財務金融系(通過); 國立臺灣科技大學企業管理系(備取); 國立雲林科技大學工業工程與管理系(通過); 國立臺北科技大學經營管理系(備取)
CAND_0777,114,yuntech_fin,國立雲林科技大學,財務金融系(商管群),國立雲林科技大學 財務金融系(商管群),67090144,F*,備取,國立雲林科技大學,國立雲林科技大學會計系,原校系/本校留任,5,"國立雲林科技大學財務金融系(通過); 國立雲林科技大學會計系(備取,分發); 國立高雄科技大學財務管理系(通過); 國立高雄科技大學會計資訊系(正取); 國立臺中科技大學會計資訊系(正取)"
CAND_0778,114,yuntech_fin,國立雲林科技大學,財務金融系(商管群),國立雲林科技大學 財務金融系(商管群),67090246,維*育,備取,國立臺北商業大學,國立臺北商業大學財政稅務系(臺北校區),其他學校錄取,6,"國立雲林科技大學財務金融系(通過); 國立雲林科技大學會計系(正取); 國立高雄科技大學會計資訊系(通過); 國立高雄科技大學財政稅務系(通過); 國立臺中科技大學財政稅務系(正取); 國立臺北商業大學財政稅務系(臺北校區)(正取,分發)"
CAND_0779,114,yuntech_fin,國立雲林科技大學,財務金融系(商管群),國立雲林科技大學 財務金融系(商管群),68090077,*暐,備取,—,—,未分發或放棄,5,國立雲林科技大學財務金融系(通過); 國立臺北科技大學工業工程與管理系(通過); 國立臺北科技大學資訊與財金管理系(備取); 國立臺北商業大學財務金融系(臺北校區)(通過); 國立彰化師範大學財務金融技術學系(通過)
CAND_0780,114,yuntech_fin,國立雲林科技大學,財務金融系(商管群),國立雲林科技大學 財務金融系(商管群),68090117,邱*,備取,—,—,未分發或放棄,4,國立雲林科技大學財務金融系(通過); 國立臺北科技大學工業工程與管理系(通過); 國立臺北商業大學財務金融系(臺北校區)(通過); 國立彰化師範大學財務金融技術學系(通過)
CAND_0781,114,yuntech_fin,國立雲林科技大學,財務金融系(商管群),國立雲林科技大學 財務金融系(商管群),68090249,許*德,備取,—,—,未分發或放棄,1,國立雲林科技大學財務金融系(通過)
CAND_0782,114,yuntech_fin,國立雲林科技大學,財務金融系(商管群),國立雲林科技大學 財務金融系(商管群),68090549,黄*永,備取,—,—,未分發或放棄,1,國立雲林科技大學財務金融系(通過)
CAND_0783,114,yuntech_fin,國立雲林科技大學,財務金融系(商管群),國立雲林科技大學 財務金融系(商管群),68090694,吳*揚,備取,國立臺北科技大學,國立臺北科技大學經營管理系,其他學校錄取,4,"國立雲林科技大學財務金融系(通過); 國立雲林科技大學企業管理系(通過); 國立臺北科技大學經營管理系(正取,分發); 國立臺北商業大學財政稅務系(臺北校區)(正取)"
CAND_0784,114,yuntech_fin,國立雲林科技大學,財務金融系(商管群),國立雲林科技大學 財務金融系(商管群),70090270,鄭*駿,備取,—,—,未分發或放棄,1,國立雲林科技大學財務金融系(通過)
CAND_0785,114,yuntech_fin,國立雲林科技大學,財務金融系(商管群),國立雲林科技大學 財務金融系(商管群),70090517,李*,備取,—,—,未分發或放棄,4,國立雲林科技大學財務金融系(通過); 國立雲林科技大學資訊管理系(通過); 國立臺北科技大學資訊與財金管理系(通過); 國立中正大學經濟學系(通過)
CAND_0786,114,yuntech_fin,國立雲林科技大學,財務金融系(商管群),國立雲林科技大學 財務金融系(商管群),70090830,顏*燁,備取,—,—,未分發或放棄,4,國立雲林科技大學財務金融系(通過); 國立高雄科技大學金融系(通過); 國立高雄科技大學財務管理系(通過); 國立彰化師範大學財務金融技術學系(通過)
CAND_0787,114,yuntech_fin,國立雲林科技大學,財務金融系(商管群),國立雲林科技大學 財務金融系(商管群),70090869,盧*銓,備取,—,—,未分發或放棄,4,國立雲林科技大學財務金融系(通過); 國立雲林科技大學國際管理學士學位學程(通過); 國立臺北科技大學經營管理系(通過); 國立臺北商業大學財務金融系(臺北校區)(通過)
CAND_0788,114,yuntech_fin,國立雲林科技大學,財務金融系(商管群),國立雲林科技大學 財務金融系(商管群),76090016,蕭*女,備取,—,—,未分發或放棄,6,國立雲林科技大學財務金融系(通過); 國立雲林科技大學文化資產維護系(通過); 國立屏東科技大學企業管理系(通過); 國立屏東科技大學休閒運動健康系(通過); 國立臺中科技大學多媒體設計系(通過); 國立臺北商業大學財政稅務系(臺北校區)(通過)
CAND_0789,114,yuntech_fin,國立雲林科技大學,財務金融系(商管群),國立雲林科技大學 財務金融系(商管群),76090020,謝*佑,備取,國立臺北科技大學,國立臺北科技大學資訊與財金管理系,其他學校錄取,5,"國立雲林科技大學財務金融系(通過); 國立臺北科技大學經營管理系(備取); 國立臺北科技大學資訊與財金管理系(正取,分發); 國立澎湖科技大學行銷與物流管理系(通過); 國立臺北商業大學財政稅務系(臺北校區)(正取)"
CAND_0790,114,yuntech_fin,國立雲林科技大學,財務金融系(商管群),國立雲林科技大學 財務金融系(商管群),76090033,*俊,備取,國立勤益科技大學,國立勤益科技大學資訊管理系,其他學校錄取,6,"國立雲林科技大學財務金融系(通過); 國立屏東科技大學資訊管理系(通過); 國立高雄科技大學財務管理系(通過); 國立勤益科技大學資訊管理系(正取,分發); 國立臺中科技大學財務金融系(備取); 國立臺北商業大學資訊管理系(臺北校區)(備取)"
CAND_0791,114,yuntech_fin,國立雲林科技大學,財務金融系(商管群),國立雲林科技大學 財務金融系(商管群),77090018,黄*效,備取,南臺科技大學,南臺科技大學行銷與流通管理系,其他學校錄取,4,"國立雲林科技大學財務金融系(通過); 國立勤益科技大學企業管理系(備取); 國立臺中科技大學休閒事業經營系(備取); 南臺科技大學行銷與流通管理系(正取,分發)"
CAND_0792,114,yuntech_fin,國立雲林科技大學,財務金融系(商管群),國立雲林科技大學 財務金融系(商管群),78090017,*廷,備取,國立臺北科技大學,國立臺北科技大學工業工程與管理系,其他學校錄取,6,"國立雲林科技大學財務金融系(通過); 國立臺灣科技大學資訊管理系(通過); 國立臺北科技大學工業工程與管理系(正取,分發); 國立臺中科技大學財務金融系(正取); 國立臺北商業大學資訊管理系(臺北校區)(正取); 國立臺灣海洋大學航運管理學系(正取)"
CAND_0793,114,yuntech_fin,國立雲林科技大學,財務金融系(資電類),國立雲林科技大學 財務金融系(資電類),52040046,閔*,正取,國立高雄科技大學,國立高雄科技大學電子工程系電信與系統組(建工校區),其他學校錄取,4,"國立雲林科技大學財務金融系(正取); 國立高雄科技大學電子工程系電信與系統組(建工校區)(備取,分發); 國立高雄科技大學電腦與通訊工程系(備取); 逢甲大學資訊工程學系(備取)"
CAND_0794,114,yuntech_fin,國立雲林科技大學,財務金融系(資電類),國立雲林科技大學 財務金融系(資電類),58040124,彭*結,正取,國立雲林科技大學,國立雲林科技大學財務金融系,原校系/本校留任,5,"國立雲林科技大學財務金融系(正取,分發); 國立高雄科技大學電腦與通訊工程系(通過); 國立虎尾科技大學資訊工程系(備取); 國立勤益科技大學資訊工程系(正取); 國立臺中科技大學資訊工程系(通過)"
CAND_0795,114,yuntech_fin,國立雲林科技大學,財務金融系(資電類),國立雲林科技大學 財務金融系(資電類),52040489,林*言,備取,—,—,未分發或放棄,1,國立雲林科技大學財務金融系(通過)
CAND_0796,114,yuntech_fin,國立雲林科技大學,財務金融系(資電類),國立雲林科技大學 財務金融系(資電類),52040567,朱*宇,備取,國立臺北科技大學,國立臺北科技大學資訊與財金管理系,其他學校錄取,4,"國立雲林科技大學財務金融系(通過); 國立雲林科技大學電子工程系電子工程組(正取); 國立臺北科技大學資訊與財金管理系(正取,分發); 國立臺北護理健康大學資訊管理系(正取)"
CAND_0797,114,yuntech_fin,國立雲林科技大學,財務金融系(資電類),國立雲林科技大學 財務金融系(資電類),52040726,郭*么,備取,國立雲林科技大學,國立雲林科技大學智慧機器人學士學位學程,原校系/本校留任,5,"國立雲林科技大學財務金融系(通過); 國立雲林科技大學智慧機器人學士學位學程(正取,分發); 國立高雄科技大學半導體工程系(備取); 國立高雄科技大學智慧商務系(備取); 國立臺北商業大學數位多媒體設計系(桃園校區)(通過)"
CAND_0798,114,yuntech_fin,國立雲林科技大學,財務金融系(資電類),國立雲林科技大學 財務金融系(資電類),56040113,黄*閎,備取,國立雲林科技大學,國立雲林科技大學資訊管理系,原校系/本校留任,3,"國立雲林科技大學財務金融系(通過); 國立雲林科技大學資訊管理系(備取,分發); 國立高雄科技大學資訊管理系(通過)"
CAND_0799,114,yuntech_fin,國立雲林科技大學,財務金融系(資電類),國立雲林科技大學 財務金融系(資電類),61040161,葵*哲,備取,—,—,未分發或放棄,1,國立雲林科技大學財務金融系(通過)
CAND_0800,114,yuntech_fin,國立雲林科技大學,財務金融系(資電類),國立雲林科技大學 財務金融系(資電類),61040255,何*鴻,備取,逢甲大學,逢甲大學資訊工程學系,其他學校錄取,5,"國立雲林科技大學財務金融系(通過); 國立雲林科技大學資訊管理系(備取); 國立臺中科技大學資訊工程系(通過); 東海大學資訊工程學系(備取); 逢甲大學資訊工程學系(正取,分發)"
CAND_0801,114,yuntech_fin,國立雲林科技大學,財務金融系(資電類),國立雲林科技大學 財務金融系(資電類),64040076,*家,備取,—,—,未分發或放棄,3,國立雲林科技大學財務金融系(通過); 國立臺北科技大學資訊與財金管理系(通過); 國立臺北科技大學互動設計系媒體設計組(通過)
CAND_0802,113,yuntech_fin,國立雲林科技大學,財務金融系(商管群),國立雲林科技大學 財務金融系(商管群),69090106,吳*紘,正取,國立雲林科技大學,國立雲林科技大學財務金融系,原校系/本校留任,1,"國立雲林科技大學財務金融系(正取,分發)"
CAND_0803,113,yuntech_fin,國立雲林科技大學,財務金融系(商管群),國立雲林科技大學 財務金融系(商管群),61090937,張*晴,正取,國立臺北科技大學,國立臺北科技大學資訊與財金管理系,其他學校錄取,4,"國立雲林科技大學財務金融系(正取); 國立臺北科技大學資訊與財金管理系(正取,分發); 國立臺北商業大學國際商務系(臺北校區)(通過); 國立中正大學經濟學系(備取)"
CAND_0804,113,yuntech_fin,國立雲林科技大學,財務金融系(商管群),國立雲林科技大學 財務金融系(商管群),70090737,*均,正取,國立雲林科技大學,國立雲林科技大學財務金融系,原校系/本校留任,3,"國立雲林科技大學財務金融系(正取,分發); 國立雲林科技大學國際管理學士學位學程(通過); 國立彰化師範大學財務金融技術學系(正取)"
CAND_0805,113,yuntech_fin,國立雲林科技大學,財務金融系(商管群),國立雲林科技大學 財務金融系(商管群),61091691,黄*雅,正取,國立雲林科技大學,國立雲林科技大學財務金融系,原校系/本校留任,5,"國立雲林科技大學財務金融系(正取,分發); 國立雲林科技大學會計系(正取); 國立高雄科技大學金融系(正取); 國立臺北商業大學財務金融系(臺北校區)(正取); 國立臺北商業大學財政稅務系(臺北校區)(正取)"
CAND_0806,113,yuntech_fin,國立雲林科技大學,財務金融系(商管群),國立雲林科技大學 財務金融系(商管群),64090008,葉*宇,正取,國立雲林科技大學,國立雲林科技大學財務金融系,原校系/本校留任,4,"國立雲林科技大學財務金融系(正取,分發); 國立臺中科技大學財務金融系(通過); 國立臺北商業大學財務金融系(臺北校區)(正取); 國立彰化師範大學財務金融技術學系(通過)"
CAND_0807,113,yuntech_fin,國立雲林科技大學,財務金融系(商管群),國立雲林科技大學 財務金融系(商管群),57090253,考生*,正取,國立雲林科技大學,國立雲林科技大學財務金融系,原校系/本校留任,1,"國立雲林科技大學財務金融系(正取,分發)"
CAND_0808,113,yuntech_fin,國立雲林科技大學,財務金融系(商管群),國立雲林科技大學 財務金融系(商管群),67090150,蘇*岑,正取,國立雲林科技大學,國立雲林科技大學財務金融系,原校系/本校留任,6,"國立雲林科技大學財務金融系(正取,分發); 國立雲林科技大學會計系(正取); 國立高雄科技大學金融系(正取); 國立高雄科技大學財務管理系(通過); 國立高雄科技大學財政稅務系(通過); 國立臺中科技大學財務金融系(通過)"
CAND_0809,113,yuntech_fin,國立雲林科技大學,財務金融系(商管群),國立雲林科技大學 財務金融系(商管群),61091085,*育,正取,國立雲林科技大學,國立雲林科技大學財務金融系,原校系/本校留任,3,"國立雲林科技大學財務金融系(正取,分發); 國立雲林科技大學會計系(通過); 國立臺北商業大學會計資訊系(臺北校區)(正取)"
CAND_0810,113,yuntech_fin,國立雲林科技大學,財務金融系(商管群),國立雲林科技大學 財務金融系(商管群),64090331,黄*瑄,正取,國立臺北商業大學,國立臺北商業大學財務金融系(臺北校區),其他學校錄取,4,"國立雲林科技大學財務金融系(正取); 國立臺北商業大學財務金融系(臺北校區)(備取,分發); 國立臺北商業大學財政稅務系(臺北校區)(正取); 國立臺北商業大學國際商務系(臺北校區)(通過)"
CAND_0811,113,yuntech_fin,國立雲林科技大學,財務金融系(商管群),國立雲林科技大學 財務金融系(商管群),61091185,江*,正取,國立臺北商業大學,國立臺北商業大學會計資訊系(臺北校區),其他學校錄取,4,"國立雲林科技大學財務金融系(正取); 國立雲林科技大學會計系(正取); 國立臺北商業大學會計資訊系(臺北校區)(正取,分發); 國立臺北商業大學財政稅務系(臺北校區)(正取)"
CAND_0812,113,yuntech_fin,國立雲林科技大學,財務金融系(商管群),國立雲林科技大學 財務金融系(商管群),65090092,黄*,正取,國立雲林科技大學,國立雲林科技大學財務金融系,原校系/本校留任,2,"國立雲林科技大學財務金融系(正取,分發); 國立雲林科技大學會計系(通過)"
CAND_0813,113,yuntech_fin,國立雲林科技大學,財務金融系(商管群),國立雲林科技大學 財務金融系(商管群),61091265,陳*瑄,正取,國立臺北商業大學,國立臺北商業大學國際商務系(臺北校區),其他學校錄取,5,"國立雲林科技大學財務金融系(正取); 國立高雄科技大學國際企業系(正取); 國立臺中科技大學國際貿易與經營系(正取); 國立臺北商業大學財務金融系(臺北校區)(備取); 國立臺北商業大學國際商務系(臺北校區)(正取,分發)"
CAND_0814,113,yuntech_fin,國立雲林科技大學,財務金融系(商管群),國立雲林科技大學 財務金融系(商管群),61091613,陳*穎,正取,國立雲林科技大學,國立雲林科技大學資訊管理系,原校系/本校留任,4,"國立雲林科技大學財務金融系(正取); 國立雲林科技大學資訊管理系(正取,分發); 國立高雄科技大學資訊管理系(正取); 國立高雄科技大學資訊管理系(通過)"
CAND_0815,113,yuntech_fin,國立雲林科技大學,財務金融系(商管群),國立雲林科技大學 財務金融系(商管群),61090813,陳*均,正取,國立臺北商業大學,國立臺北商業大學企業管理系(臺北校區),其他學校錄取,4,"國立雲林科技大學財務金融系(正取); 國立雲林科技大學會計系(正取); 國立臺北商業大學會計資訊系(臺北校區)(備取); 國立臺北商業大學企業管理系(臺北校區)(正取,分發)"
CAND_0816,113,yuntech_fin,國立雲林科技大學,財務金融系(商管群),國立雲林科技大學 財務金融系(商管群),61090777,李*璇,正取,國立雲林科技大學,國立雲林科技大學財務金融系,原校系/本校留任,3,"國立雲林科技大學財務金融系(正取,分發); 國立臺灣科技大學企業管理系(通過); 國立中正大學經濟學系(備取)"
CAND_0817,113,yuntech_fin,國立雲林科技大學,財務金融系(商管群),國立雲林科技大學 財務金融系(商管群),61091781,謝*,正取,國立臺北科技大學,國立臺北科技大學工業工程與管理系,其他學校錄取,3,"國立雲林科技大學財務金融系(正取); 國立雲林科技大學企業管理系(通過); 國立臺北科技大學工業工程與管理系(正取,分發)"
CAND_0818,113,yuntech_fin,國立雲林科技大學,財務金融系(商管群),國立雲林科技大學 財務金融系(商管群),61090961,蘇*,正取,國立臺北科技大學,國立臺北科技大學經營管理系,其他學校錄取,4,"國立雲林科技大學財務金融系(正取); 國立雲林科技大學會計系(通過); 國立臺北科技大學經營管理系(備取,分發); 國立臺北商業大學財政稅務系(臺北校區)(正取)"
CAND_0819,113,yuntech_fin,國立雲林科技大學,財務金融系(商管群),國立雲林科技大學 財務金融系(商管群),52090829,*愷,正取,國立雲林科技大學,國立雲林科技大學財務金融系,原校系/本校留任,2,"國立雲林科技大學財務金融系(正取,分發); 國立臺北商業大學財政稅務系(臺北校區)(備取)"
CAND_0820,113,yuntech_fin,國立雲林科技大學,財務金融系(商管群),國立雲林科技大學 財務金融系(商管群),59090065,彭*芳,正取,國立臺北科技大學,國立臺北科技大學工業工程與管理系,其他學校錄取,3,"國立雲林科技大學財務金融系(正取); 國立雲林科技大學資訊管理系(通過); 國立臺北科技大學工業工程與管理系(正取,分發)"
CAND_0821,113,yuntech_fin,國立雲林科技大學,財務金融系(商管群),國立雲林科技大學 財務金融系(商管群),61090006,江*琳,正取,國立雲林科技大學,國立雲林科技大學財務金融系,原校系/本校留任,4,"國立雲林科技大學財務金融系(正取,分發); 國立雲林科技大學企業管理系(正取); 國立臺北科技大學經營管理系(備取); 國立臺中科技大學財務金融系(通過)"
CAND_0822,113,yuntech_fin,國立雲林科技大學,財務金融系(商管群),國立雲林科技大學 財務金融系(商管群),67090210,陳*慈,正取,國立雲林科技大學,國立雲林科技大學財務金融系,原校系/本校留任,6,"國立雲林科技大學財務金融系(正取,分發); 國立雲林科技大學企業管理系(通過); 國立高雄科技大學金融系(通過); 國立高雄科技大學財務管理系(通過); 國立虎尾科技大學財務金融系(通過); 國立臺中科技大學財務金融系(通過)"
CAND_0823,113,yuntech_fin,國立雲林科技大學,財務金融系(商管群),國立雲林科技大學 財務金融系(商管群),66090078,陳*翊,正取,國立雲林科技大學,國立雲林科技大學財務金融系,原校系/本校留任,5,"國立雲林科技大學財務金融系(正取,分發); 國立高雄科技大學金融系(正取); 國立高雄科技大學財政稅務系(正取); 國立臺中科技大學財務金融系(正取); 國立彰化師範大學財務金融技術學系(備取)"
CAND_0824,113,yuntech_fin,國立雲林科技大學,財務金融系(商管群),國立雲林科技大學 財務金融系(商管群),57090898,李*,正取,國立雲林科技大學,國立雲林科技大學會計系,原校系/本校留任,2,"國立雲林科技大學財務金融系(正取); 國立雲林科技大學會計系(正取,分發)"
CAND_0825,113,yuntech_fin,國立雲林科技大學,財務金融系(商管群),國立雲林科技大學 財務金融系(商管群),61090661,考生*,正取,國立雲林科技大學,國立雲林科技大學財務金融系,原校系/本校留任,5,"國立雲林科技大學財務金融系(正取,分發); 國立雲林科技大學企業管理系(通過); 國立高雄科技大學金融系(通過); 國立高雄科技大學財務管理系(通過); 國立臺中科技大學財務金融系(通過)"
CAND_0826,113,yuntech_fin,國立雲林科技大學,財務金融系(商管群),國立雲林科技大學 財務金融系(商管群),58090069,*筠,正取,國立臺灣科技大學,國立臺灣科技大學企業管理系,其他學校錄取,5,"國立雲林科技大學財務金融系(正取); 國立臺灣科技大學企業管理系(正取,分發); 國立臺北科技大學經營管理系(備取); 國立臺北商業大學財務金融系(臺北校區)(正取); 國立臺北商業大學財政稅務系(臺北校區)(正取)"
CAND_0827,113,yuntech_fin,國立雲林科技大學,財務金融系(商管群),國立雲林科技大學 財務金融系(商管群),67090446,考生*,正取,國立雲林科技大學,國立雲林科技大學會計系,原校系/本校留任,3,"國立雲林科技大學財務金融系(正取); 國立雲林科技大學會計系(正取,分發); 國立臺北商業大學會計資訊系(臺北校區)(正取)"
CAND_0828,113,yuntech_fin,國立雲林科技大學,財務金融系(商管群),國立雲林科技大學 財務金融系(商管群),64090279,沈*臻,正取,國立臺北商業大學,國立臺北商業大學財務金融系(臺北校區),其他學校錄取,4,"國立雲林科技大學財務金融系(正取); 國立雲林科技大學資訊管理系(通過); 國立臺北商業大學財務金融系(臺北校區)(備取,分發); 國立臺北商業大學國際商務系(臺北校區)(通過)"
CAND_0829,113,yuntech_fin,國立雲林科技大學,財務金融系(商管群),國立雲林科技大學 財務金融系(商管群),56090252,謝*,正取,國立臺北商業大學,國立臺北商業大學會計資訊系(臺北校區),其他學校錄取,4,"國立雲林科技大學財務金融系(正取); 國立雲林科技大學會計系(備取); 國立臺北商業大學會計資訊系(臺北校區)(備取,分發); 國立臺北商業大學財政稅務系(臺北校區)(備取)"
CAND_0830,113,yuntech_fin,國立雲林科技大學,財務金融系(商管群),國立雲林科技大學 財務金融系(商管群),65090117,*如,正取,國立雲林科技大學,國立雲林科技大學財務金融系,原校系/本校留任,4,"國立雲林科技大學財務金融系(正取,分發); 國立高雄科技大學金融系(正取); 國立高雄科技大學金融資訊系(通過); 國立臺中科技大學財務金融系(正取)"
CAND_0831,113,yuntech_fin,國立雲林科技大學,財務金融系(商管群),國立雲林科技大學 財務金融系(商管群),65090448,林*宇,正取,國立雲林科技大學,國立雲林科技大學財務金融系,原校系/本校留任,2,"國立雲林科技大學財務金融系(正取,分發); 國立臺中科技大學財務金融系(正取)"
CAND_0832,113,yuntech_fin,國立雲林科技大學,財務金融系(商管群),國立雲林科技大學 財務金融系(商管群),76090019,許*恩,正取,國立高雄科技大學,國立高雄科技大學金融系,其他學校錄取,4,"國立雲林科技大學財務金融系(正取); 國立高雄科技大學金融系(備取,分發); 國立高雄科技大學財務管理系(正取); 國立彰化師範大學財務金融技術學系(正取)"
CAND_0833,113,yuntech_fin,國立雲林科技大學,財務金融系(商管群),國立雲林科技大學 財務金融系(商管群),78090017,曹*瑞,正取,國立雲林科技大學,國立雲林科技大學財務金融系,原校系/本校留任,4,"國立雲林科技大學財務金融系(正取,分發); 國立高雄科技大學金融系(備取); 國立臺中科技大學流通管理系(備取); 國立臺北商業大學商業設計管理系(桃園校區)(正取)"
CAND_0834,113,yuntech_fin,國立雲林科技大學,財務金融系(商管群),國立雲林科技大學 財務金融系(商管群),77090012,林*芬,正取,國立雲林科技大學,國立雲林科技大學財務金融系,原校系/本校留任,6,"國立雲林科技大學財務金融系(正取,分發); 國立屏東科技大學休閒運動健康系(通過); 國立勤益科技大學流通管理系(通過); 國立臺中科技大學休閒事業經營系(通過); 國立金門大學企業管理學系(通過); 國立金門大學觀光管理學系(通過)"
CAND_0835,113,yuntech_fin,國立雲林科技大學,財務金融系(商管群),國立雲林科技大學 財務金融系(商管群),57090473,謝*璇,正取,國立雲林科技大學,國立雲林科技大學財務金融系,原校系/本校留任,3,"國立雲林科技大學財務金融系(正取,分發); 國立臺北商業大學財政稅務系(臺北校區)(正取); 國立彰化師範大學財務金融技術學系(備取)"
CAND_0836,113,yuntech_fin,國立雲林科技大學,財務金融系(商管群),國立雲林科技大學 財務金融系(商管群),61090801,*岑,備取,國立雲林科技大學,國立雲林科技大學財務金融系,原校系/本校留任,3,"國立雲林科技大學財務金融系(備取,分發); 國立臺北科技大學工業工程與管理系(通過); 國立臺北商業大學資訊管理系(臺北校區)(通過)"
CAND_0837,113,yuntech_fin,國立雲林科技大學,財務金融系(商管群),國立雲林科技大學 財務金融系(商管群),68090062,胡*,備取,國立雲林科技大學,國立雲林科技大學財務金融系,原校系/本校留任,3,"國立雲林科技大學財務金融系(備取,分發); 國立臺灣科技大學企業管理系(通過); 國立高雄科技大學金融系(正取)"
CAND_0838,113,yuntech_fin,國立雲林科技大學,財務金融系(商管群),國立雲林科技大學 財務金融系(商管群),61090014,黄*瑜,備取,國立臺北商業大學,國立臺北商業大學企業管理系(臺北校區),其他學校錄取,3,"國立雲林科技大學財務金融系(備取); 國立雲林科技大學企業管理系(正取); 國立臺北商業大學企業管理系(臺北校區)(正取,分發)"
CAND_0839,113,yuntech_fin,國立雲林科技大學,財務金融系(商管群),國立雲林科技大學 財務金融系(商管群),61091121,考生*,備取,國立雲林科技大學,國立雲林科技大學會計系,原校系/本校留任,2,"國立雲林科技大學財務金融系(備取); 國立雲林科技大學會計系(正取,分發)"
CAND_0840,113,yuntech_fin,國立雲林科技大學,財務金融系(商管群),國立雲林科技大學 財務金融系(商管群),64090367,林*,備取,國立臺北商業大學,國立臺北商業大學財務金融系(臺北校區),其他學校錄取,4,"國立雲林科技大學財務金融系(備取); 國立雲林科技大學會計系(備取); 國立臺北商業大學會計資訊系(臺北校區)(備取); 國立臺北商業大學財務金融系(臺北校區)(備取,分發)"
CAND_0841,113,yuntech_fin,國立雲林科技大學,財務金融系(商管群),國立雲林科技大學 財務金融系(商管群),70091142,葵*駿,備取,國立雲林科技大學,國立雲林科技大學財務金融系,原校系/本校留任,2,"國立雲林科技大學財務金融系(備取,分發); 國立彰化師範大學財務金融技術學系(備取)"
CAND_0842,113,yuntech_fin,國立雲林科技大學,財務金融系(商管群),國立雲林科技大學 財務金融系(商管群),64090554,*妤,備取,國立臺北科技大學,國立臺北科技大學工業工程與管理系,其他學校錄取,4,"國立雲林科技大學財務金融系(備取); 國立雲林科技大學資訊管理系(通過); 國立臺北科技大學工業工程與管理系(正取,分發); 國立彰化師範大學財務金融技術學系(備取)"
CAND_0843,113,yuntech_fin,國立雲林科技大學,財務金融系(商管群),國立雲林科技大學 財務金融系(商管群),61091129,考生*,備取,國立雲林科技大學,國立雲林科技大學財務金融系,原校系/本校留任,1,"國立雲林科技大學財務金融系(備取,分發)"
CAND_0844,113,yuntech_fin,國立雲林科技大學,財務金融系(商管群),國立雲林科技大學 財務金融系(商管群),61091551,黄*妤,備取,國立雲林科技大學,國立雲林科技大學國際管理學士學位學程,原校系/本校留任,5,"國立雲林科技大學財務金融系(備取); 國立雲林科技大學國際管理學士學位學程(正取,分發); 國立高雄科技大學財務管理系(正取); 國立臺中科技大學國際貿易與經營系(通過); 國立臺北商業大學國際商務系(臺北校區)(通過)"
CAND_0845,113,yuntech_fin,國立雲林科技大學,財務金融系(商管群),國立雲林科技大學 財務金融系(商管群),58090361,林*佑,備取,國立雲林科技大學,國立雲林科技大學財務金融系,原校系/本校留任,3,"國立雲林科技大學財務金融系(備取,分發); 國立臺北商業大學企業管理系(臺北校區)(備取); 國立臺北商業大學資訊管理系(臺北校區)(通過)"
CAND_0846,113,yuntech_fin,國立雲林科技大學,財務金融系(商管群),國立雲林科技大學 財務金融系(商管群),64090591,林*儷,備取,國立臺北商業大學,國立臺北商業大學財政稅務系(臺北校區),其他學校錄取,3,"國立雲林科技大學財務金融系(備取); 國立雲林科技大學會計系(正取); 國立臺北商業大學財政稅務系(臺北校區)(備取,分發)"
CAND_0847,113,yuntech_fin,國立雲林科技大學,財務金融系(商管群),國立雲林科技大學 財務金融系(商管群),64090040,林*瑄,備取,國立雲林科技大學,國立雲林科技大學財務金融系,原校系/本校留任,4,"國立雲林科技大學財務金融系(備取,分發); 國立高雄科技大學金融系(正取); 國立臺中科技大學財務金融系(通過); 國立彰化師範大學財務金融技術學系(通過)"
CAND_0848,113,yuntech_fin,國立雲林科技大學,財務金融系(商管群),國立雲林科技大學 財務金融系(商管群),61091773,*凌,備取,國立雲林科技大學,國立雲林科技大學財務金融系,原校系/本校留任,1,"國立雲林科技大學財務金融系(備取,分發)"
CAND_0849,113,yuntech_fin,國立雲林科技大學,財務金融系(商管群),國立雲林科技大學 財務金融系(商管群),68530052,車*,備取,國立雲林科技大學,國立雲林科技大學財務金融系,原校系/本校留任,3,"國立雲林科技大學財務金融系(備取,分發); 國立臺北商業大學財政稅務系(臺北校區)(備取); 國立臺北商業大學資訊管理系(臺北校區)(正取)"
CAND_0850,113,yuntech_fin,國立雲林科技大學,財務金融系(商管群),國立雲林科技大學 財務金融系(商管群),58090333,黄*,備取,國立臺北商業大學,國立臺北商業大學財政稅務系(臺北校區),其他學校錄取,3,"國立雲林科技大學財務金融系(備取); 國立臺北商業大學會計資訊系(臺北校區)(備取); 國立臺北商業大學財政稅務系(臺北校區)(備取,分發)"
CAND_0851,113,yuntech_fin,國立雲林科技大學,財務金融系(商管群),國立雲林科技大學 財務金融系(商管群),68090273,林*,備取,國立高雄科技大學,國立高雄科技大學人力資源發展系,其他學校錄取,4,"國立雲林科技大學財務金融系(備取); 國立高雄科技大學人力資源發展系(正取,分發); 國立高雄科技大學金融資訊系(通過); 國立高雄科技大學財政稅務系(通過)"
CAND_0852,113,yuntech_fin,國立雲林科技大學,財務金融系(商管群),國立雲林科技大學 財務金融系(商管群),61090795,余*秤,備取,國立雲林科技大學,國立雲林科技大學會計系,原校系/本校留任,4,"國立雲林科技大學財務金融系(備取); 國立雲林科技大學會計系(備取,分發); 國立臺北商業大學會計資訊系(臺北校區)(備取); 國立臺北商業大學財政稅務系(臺北校區)(備取)"
CAND_0853,113,yuntech_fin,國立雲林科技大學,財務金融系(商管群),國立雲林科技大學 財務金融系(商管群),64090522,陳*弘,備取,國立臺灣科技大學,國立臺灣科技大學企業管理系,其他學校錄取,3,"國立雲林科技大學財務金融系(備取); 國立臺灣科技大學企業管理系(正取,分發); 國立臺北科技大學工業工程與管理系(正取)"
CAND_0854,113,yuntech_fin,國立雲林科技大學,財務金融系(商管群),國立雲林科技大學 財務金融系(商管群),59090409,*婷,備取,國立雲林科技大學,國立雲林科技大學財務金融系,原校系/本校留任,4,"國立雲林科技大學財務金融系(備取,分發); 國立高雄科技大學金融系(正取); 國立高雄科技大學會計資訊系(正取); 國立臺中科技大學會計資訊系(正取)"
CAND_0855,113,yuntech_fin,國立雲林科技大學,財務金融系(商管群),國立雲林科技大學 財務金融系(商管群),70090769,*翔,備取,國立臺北商業大學,國立臺北商業大學財政稅務系(臺北校區),其他學校錄取,3,"國立雲林科技大學財務金融系(備取); 國立臺北商業大學財政稅務系(臺北校區)(備取,分發); 國立臺北商業大學企業管理系(臺北校區)(備取)"
CAND_0856,113,yuntech_fin,國立雲林科技大學,財務金融系(商管群),國立雲林科技大學 財務金融系(商管群),57090205,考生*,備取,國立雲林科技大學,國立雲林科技大學財務金融系,原校系/本校留任,4,"國立雲林科技大學財務金融系(備取,分發); 國立雲林科技大學工業工程與管理系(正取); 中原大學資訊管理學系(通過); 逢甲大學工業工程與系統管理學系(正取)"
CAND_0857,113,yuntech_fin,國立雲林科技大學,財務金融系(商管群),國立雲林科技大學 財務金融系(商管群),70090757,*靚,備取,國立雲林科技大學,國立雲林科技大學財務金融系,原校系/本校留任,1,"國立雲林科技大學財務金融系(備取,分發)"
CAND_0858,113,yuntech_fin,國立雲林科技大學,財務金融系(商管群),國立雲林科技大學 財務金融系(商管群),64090360,賴*洳,備取,國立雲林科技大學,國立雲林科技大學財務金融系,原校系/本校留任,6,"國立雲林科技大學財務金融系(備取,分發); 國立高雄科技大學資訊管理系(通過); 國立高雄科技大學會計資訊系(通過); 國立高雄科技大學金融資訊系(正取); 國立臺中科技大學財務金融系(通過); 國立臺北商業大學財政稅務系(臺北校區)(備取)"
CAND_0859,113,yuntech_fin,國立雲林科技大學,財務金融系(商管群),國立雲林科技大學 財務金融系(商管群),59090094,楊*如,備取,國立雲林科技大學,國立雲林科技大學工業工程與管理系,原校系/本校留任,4,"國立雲林科技大學財務金融系(備取); 國立雲林科技大學工業工程與管理系(正取,分發); 國立高雄科技大學工業工程與管理系(通過); 國立臺北商業大學財政稅務系(臺北校區)(備取)"
CAND_0860,113,yuntech_fin,國立雲林科技大學,財務金融系(商管群),國立雲林科技大學 財務金融系(商管群),64090064,張*楷,備取,國立雲林科技大學,國立雲林科技大學財務金融系,原校系/本校留任,6,"國立雲林科技大學財務金融系(備取,分發); 國立雲林科技大學工業工程與管理系(備取); 國立高雄科技大學金融系(正取); 國立高雄科技大學財務管理系(通過); 國立高雄科技大學財政稅務系(通過); 國立臺中科技大學財務金融系(通過)"
CAND_0861,113,yuntech_fin,國立雲林科技大學,財務金融系(商管群),國立雲林科技大學 財務金融系(商管群),61091053,邱*勤,備取,—,—,未分發或放棄,2,國立雲林科技大學財務金融系(備取); 國立雲林科技大學會計系(通過)
CAND_0862,113,yuntech_fin,國立雲林科技大學,財務金融系(商管群),國立雲林科技大學 財務金融系(商管群),61091699,*鈞,備取,國立臺北商業大學,國立臺北商業大學財政稅務系(臺北校區),其他學校錄取,3,"國立雲林科技大學財務金融系(備取); 國立雲林科技大學會計系(備取); 國立臺北商業大學財政稅務系(臺北校區)(備取,分發)"
CAND_0863,113,yuntech_fin,國立雲林科技大學,財務金融系(商管群),國立雲林科技大學 財務金融系(商管群),61091077,蕭*,備取,—,—,未分發或放棄,4,國立雲林科技大學財務金融系(備取); 國立雲林科技大學會計系(通過); 國立臺北商業大學國際商務系(臺北校區)(通過); 國立彰化師範大學財務金融技術學系(通過)
CAND_0864,113,yuntech_fin,國立雲林科技大學,財務金融系(商管群),國立雲林科技大學 財務金融系(商管群),67090094,周*駿,備取,—,—,未分發或放棄,2,國立雲林科技大學財務金融系(備取); 國立臺中科技大學財務金融系(正取)
CAND_0865,113,yuntech_fin,國立雲林科技大學,財務金融系(商管群),國立雲林科技大學 財務金融系(商管群),64090099,黄*豪,備取,—,—,未分發或放棄,1,國立雲林科技大學財務金融系(備取)
CAND_0866,113,yuntech_fin,國立雲林科技大學,財務金融系(商管群),國立雲林科技大學 財務金融系(商管群),61091419,葵*,備取,—,—,未分發或放棄,4,國立雲林科技大學財務金融系(備取); 國立雲林科技大學企業管理系(通過); 國立高雄科技大學金融系(通過); 國立高雄科技大學財政稅務系(通過)
CAND_0867,113,yuntech_fin,國立雲林科技大學,財務金融系(商管群),國立雲林科技大學 財務金融系(商管群),76090028,林*秀,備取,國立高雄科技大學,國立高雄科技大學金融資訊系,其他學校錄取,6,"國立雲林科技大學財務金融系(備取); 國立高雄科技大學金融系(正取); 國立高雄科技大學財務管理系(正取); 國立高雄科技大學金融資訊系(正取,分發); 國立臺中科技大學多媒體設計系(通過); 國立臺北商業大學財務金融系(臺北校區)(備取)"
CAND_0868,113,yuntech_fin,國立雲林科技大學,財務金融系(商管群),國立雲林科技大學 財務金融系(商管群),76090032,*柔,備取,國立高雄科技大學,國立高雄科技大學金融系,其他學校錄取,6,"國立雲林科技大學財務金融系(備取); 國立高雄科技大學企業管理系(正取); 國立高雄科技大學金融系(備取,分發); 國立高雄科技大學財務管理系(備取); 國立臺北商業大學財務金融系(臺北校區)(備取); 國立臺北商業大學財政稅務系(臺北校區)(備取)"
CAND_0869,113,yuntech_fin,國立雲林科技大學,財務金融系(商管群),國立雲林科技大學 財務金融系(商管群),76090015,趙*,備取,國立雲林科技大學,國立雲林科技大學財務金融系,原校系/本校留任,5,"國立雲林科技大學財務金融系(備取,分發); 國立雲林科技大學企業管理系(正取); 國立高雄科技大學財務管理系(備取); 國立高雄科技大學金融資訊系(通過); 國立臺中科技大學企業管理系(通過)"
CAND_0870,113,yuntech_fin,國立雲林科技大學,財務金融系(商管群),國立雲林科技大學 財務金融系(商管群),65090034,黄*瑄,備取,—,—,未分發或放棄,6,國立雲林科技大學財務金融系(備取); 國立雲林科技大學國際管理學士學位學程(通過); 國立臺北科技大學經營管理系(通過); 國立高雄科技大學金融系(通過); 國立高雄科技大學財務管理系(通過); 國立臺北商業大學財政稅務系(臺北校區)(通過)
CAND_0871,113,yuntech_fin,國立雲林科技大學,財務金融系(商管群),國立雲林科技大學 財務金融系(商管群),64090454,楊*,備取,國立雲林科技大學,國立雲林科技大學財務金融系,原校系/本校留任,4,"國立雲林科技大學財務金融系(備取,分發); 國立雲林科技大學會計系(正取); 國立高雄科技大學財務管理系(正取); 國立臺中科技大學財務金融系(通過)"
CAND_0872,113,yuntech_fin,國立雲林科技大學,財務金融系(商管群),國立雲林科技大學 財務金融系(商管群),68090066,陳*瑄,備取,國立雲林科技大學,國立雲林科技大學企業管理系,原校系/本校留任,4,"國立雲林科技大學財務金融系(備取); 國立雲林科技大學企業管理系(正取,分發); 國立臺北科技大學經營管理系(正取); 國立彰化師範大學財務金融技術學系(備取)"
CAND_0873,113,yuntech_fin,國立雲林科技大學,財務金融系(商管群),國立雲林科技大學 財務金融系(商管群),51090013,陳*瑀,備取,—,—,未分發或放棄,2,國立雲林科技大學財務金融系(通過); 國立彰化師範大學財務金融技術學系(通過)
CAND_0874,113,yuntech_fin,國立雲林科技大學,財務金融系(商管群),國立雲林科技大學 財務金融系(商管群),51090017,葵*叡,備取,—,—,未分發或放棄,3,國立雲林科技大學財務金融系(通過); 國立臺灣科技大學企業管理系(通過); 國立臺北商業大學企業管理系(臺北校區)(通過)
CAND_0875,113,yuntech_fin,國立雲林科技大學,財務金融系(商管群),國立雲林科技大學 財務金融系(商管群),51090279,林*,備取,國立臺北商業大學,國立臺北商業大學財政稅務系(臺北校區),其他學校錄取,6,"國立雲林科技大學財務金融系(通過); 國立雲林科技大學會計系(通過); 國立高雄科技大學會計資訊系(通過); 國立高雄科技大學金融資訊系(通過); 國立臺中科技大學財務金融系(通過); 國立臺北商業大學財政稅務系(臺北校區)(備取,分發)"
CAND_0876,113,yuntech_fin,國立雲林科技大學,財務金融系(商管群),國立雲林科技大學 財務金融系(商管群),52090437,考生*,備取,國立臺北科技大學,國立臺北科技大學工業工程與管理系,其他學校錄取,5,"國立雲林科技大學財務金融系(通過); 國立臺灣科技大學企業管理系(備取); 國立臺北科技大學工業工程與管理系(正取,分發); 國立臺北商業大學財務金融系(臺北校區)(備取); 國立臺北商業大學國際商務系(臺北校區)(正取)"
CAND_0877,113,yuntech_fin,國立雲林科技大學,財務金融系(商管群),國立雲林科技大學 財務金融系(商管群),52090518,鄭*倢,備取,國立臺北科技大學,國立臺北科技大學資訊與財金管理系,其他學校錄取,5,"國立雲林科技大學財務金融系(通過); 國立臺灣科技大學企業管理系(正取); 國立臺灣科技大學資訊管理系(正取); 國立雲林科技大學資訊管理系(通過); 國立臺北科技大學資訊與財金管理系(正取,分發)"
CAND_0878,113,yuntech_fin,國立雲林科技大學,財務金融系(商管群),國立雲林科技大學 財務金融系(商管群),52090713,何*易,備取,國立臺北商業大學,國立臺北商業大學財政稅務系(臺北校區),其他學校錄取,3,"國立雲林科技大學財務金融系(通過); 國立臺北商業大學財政稅務系(臺北校區)(備取,分發); 國立臺北商業大學企業管理系(臺北校區)(備取)"
CAND_0879,113,yuntech_fin,國立雲林科技大學,財務金融系(商管群),國立雲林科技大學 財務金融系(商管群),54090337,江*,備取,國立臺北商業大學,國立臺北商業大學資訊管理系(臺北校區),其他學校錄取,4,"國立雲林科技大學財務金融系(通過); 國立臺北商業大學財政稅務系(臺北校區)(備取); 國立臺北商業大學資訊管理系(臺北校區)(正取,分發); 國立彰化師範大學財務金融技術學系(備取)"
CAND_0880,113,yuntech_fin,國立雲林科技大學,財務金融系(商管群),國立雲林科技大學 財務金融系(商管群),58090249,游*,備取,國立臺北科技大學,國立臺北科技大學工業工程與管理系,其他學校錄取,3,"國立雲林科技大學財務金融系(通過); 國立臺灣科技大學企業管理系(通過); 國立臺北科技大學工業工程與管理系(正取,分發)"
CAND_0881,113,yuntech_fin,國立雲林科技大學,財務金融系(商管群),國立雲林科技大學 財務金融系(商管群),58090529,郭*昕,備取,國立臺北商業大學,國立臺北商業大學國際商務系(臺北校區),其他學校錄取,2,"國立雲林科技大學財務金融系(通過); 國立臺北商業大學國際商務系(臺北校區)(正取,分發)"
CAND_0882,113,yuntech_fin,國立雲林科技大學,財務金融系(商管群),國立雲林科技大學 財務金融系(商管群),59090037,黄*,備取,國立臺北科技大學,國立臺北科技大學工業工程與管理系,其他學校錄取,3,"國立雲林科技大學財務金融系(通過); 國立臺北科技大學工業工程與管理系(正取,分發); 國立臺北商業大學資訊管理系(臺北校區)(正取)"
CAND_0883,113,yuntech_fin,國立雲林科技大學,財務金融系(商管群),國立雲林科技大學 財務金融系(商管群),59090393,林*晴,備取,國立臺北科技大學,國立臺北科技大學工業工程與管理系,其他學校錄取,5,"國立雲林科技大學財務金融系(通過); 國立雲林科技大學工業工程與管理系(通過); 國立臺北科技大學工業工程與管理系(正取,分發); 國立臺北商業大學會計資訊系(臺北校區)(通過); 國立臺北商業大學國際商務系(臺北校區)(通過)"
CAND_0884,113,yuntech_fin,國立雲林科技大學,財務金融系(商管群),國立雲林科技大學 財務金融系(商管群),61090074,葵*恩,備取,國立臺北商業大學,國立臺北商業大學國際商務系(臺北校區),其他學校錄取,4,"國立雲林科技大學財務金融系(通過); 國立臺北商業大學國際商務系(臺北校區)(正取,分發); 國立臺北商業大學企業管理系(臺北校區)(正取); 國立彰化師範大學財務金融技術學系(通過)"
CAND_0885,113,yuntech_fin,國立雲林科技大學,財務金融系(商管群),國立雲林科技大學 財務金融系(商管群),61090857,紀*慈,備取,國立雲林科技大學,國立雲林科技大學會計系,原校系/本校留任,4,"國立雲林科技大學財務金融系(通過); 國立臺灣科技大學企業管理系(通過); 國立雲林科技大學會計系(正取,分發); 國立臺北商業大學會計資訊系(臺北校區)(備取)"
CAND_0886,113,yuntech_fin,國立雲林科技大學,財務金融系(商管群),國立雲林科技大學 財務金融系(商管群),61090865,*顥,備取,國立臺北商業大學,國立臺北商業大學財政稅務系(臺北校區),其他學校錄取,2,"國立雲林科技大學財務金融系(通過); 國立臺北商業大學財政稅務系(臺北校區)(備取,分發)"
CAND_0887,113,yuntech_fin,國立雲林科技大學,財務金融系(商管群),國立雲林科技大學 財務金融系(商管群),61091193,李*,備取,國立雲林科技大學,國立雲林科技大學會計系,原校系/本校留任,4,"國立雲林科技大學財務金融系(通過); 國立雲林科技大學會計系(正取,分發); 國立臺北商業大學會計資訊系(臺北校區)(備取); 國立臺北商業大學財政稅務系(臺北校區)(通過)"
CAND_0888,113,yuntech_fin,國立雲林科技大學,財務金融系(商管群),國立雲林科技大學 財務金融系(商管群),61091233,維*,備取,國立臺北商業大學,國立臺北商業大學會計資訊系(臺北校區),其他學校錄取,4,"國立雲林科技大學財務金融系(通過); 國立雲林科技大學會計系(通過); 國立臺北商業大學會計資訊系(臺北校區)(正取,分發); 國立臺北商業大學財務金融系(臺北校區)(正取)"
CAND_0889,113,yuntech_fin,國立雲林科技大學,財務金融系(商管群),國立雲林科技大學 財務金融系(商管群),61091453,潘*女,備取,國立高雄科技大學,國立高雄科技大學商務資訊應用系,其他學校錄取,4,"國立雲林科技大學財務金融系(通過); 國立高雄科技大學金融系(備取); 國立高雄科技大學商務資訊應用系(備取,分發); 國立虎尾科技大學財務金融系(通過)"
CAND_0890,113,yuntech_fin,國立雲林科技大學,財務金融系(商管群),國立雲林科技大學 財務金融系(商管群),61091629,*瑄,備取,國立成功大學,國立成功大學會計學系,其他學校錄取,6,"國立雲林科技大學財務金融系(通過); 國立臺灣科技大學企業管理系(通過); 國立雲林科技大學會計系(正取); 國立臺北商業大學會計資訊系(臺北校區)(通過); 國立臺北商業大學財政稅務系(臺北校區)(通過); 國立成功大學會計學系(正取,分發)"
CAND_0891,113,yuntech_fin,國立雲林科技大學,財務金融系(商管群),國立雲林科技大學 財務金融系(商管群),64090028,游*翎,備取,—,—,未分發或放棄,3,國立雲林科技大學財務金融系(通過); 國立高雄科技大學金融系(通過); 國立高雄科技大學金融資訊系(通過)
CAND_0892,113,yuntech_fin,國立雲林科技大學,財務金融系(商管群),國立雲林科技大學 財務金融系(商管群),64090048,謝*,備取,—,—,未分發或放棄,2,國立雲林科技大學財務金融系(通過); 國立臺北商業大學財政稅務系(臺北校區)(通過)
CAND_0893,113,yuntech_fin,國立雲林科技大學,財務金融系(商管群),國立雲林科技大學 財務金融系(商管群),64090051,黄*,備取,—,—,未分發或放棄,5,國立雲林科技大學財務金融系(通過); 國立雲林科技大學資訊管理系(通過); 國立臺中科技大學財務金融系(通過); 國立臺北商業大學財政稅務系(臺北校區)(通過); 國立彰化師範大學財務金融技術學系(通過)
CAND_0894,113,yuntech_fin,國立雲林科技大學,財務金融系(商管群),國立雲林科技大學 財務金融系(商管群),64090259,陳*葵,備取,—,—,未分發或放棄,4,國立雲林科技大學財務金融系(通過); 國立雲林科技大學會計系(通過); 國立高雄科技大學會計資訊系(通過); 國立臺北商業大學會計資訊系(臺北校區)(通過)
CAND_0895,113,yuntech_fin,國立雲林科技大學,財務金融系(商管群),國立雲林科技大學 財務金融系(商管群),64090283,蘇*芦,備取,—,—,未分發或放棄,4,國立雲林科技大學財務金融系(通過); 國立雲林科技大學資訊管理系(通過); 國立高雄科技大學金融系(通過); 國立臺北商業大學國際商務系(臺北校區)(通過)
CAND_0896,113,yuntech_fin,國立雲林科技大學,財務金融系(商管群),國立雲林科技大學 財務金融系(商管群),65090017,林*筑,備取,國立臺北商業大學,國立臺北商業大學財務金融系(臺北校區),其他學校錄取,6,"國立雲林科技大學財務金融系(通過); 國立雲林科技大學企業管理系(通過); 國立高雄科技大學風險管理與保險系(通過); 國立高雄科技大學財政稅務系(通過); 國立臺北商業大學財務金融系(臺北校區)(備取,分發); 國立臺北商業大學財政稅務系(臺北校區)(通過)"
CAND_0897,113,yuntech_fin,國立雲林科技大學,財務金融系(商管群),國立雲林科技大學 財務金融系(商管群),65090042,謝*惠,備取,—,—,未分發或放棄,2,國立雲林科技大學財務金融系(通過); 國立高雄科技大學金融系(通過)
CAND_0898,113,yuntech_fin,國立雲林科技大學,財務金融系(商管群),國立雲林科技大學 財務金融系(商管群),65090045,陳*女,備取,—,—,未分發或放棄,4,國立雲林科技大學財務金融系(通過); 國立雲林科技大學工業工程與管理系(通過); 國立高雄科技大學工業工程與管理系(通過); 國立高雄科技大學金融資訊系(通過)
CAND_0899,113,yuntech_fin,國立雲林科技大學,財務金融系(商管群),國立雲林科技大學 財務金融系(商管群),67090287,*瑄,備取,—,—,未分發或放棄,2,國立雲林科技大學財務金融系(通過); 國立臺中科技大學財務金融系(通過)
CAND_0900,113,yuntech_fin,國立雲林科技大學,財務金融系(商管群),國立雲林科技大學 財務金融系(商管群),68090125,陳*瑜,備取,國立臺北商業大學,國立臺北商業大學會計資訊系(臺北校區),其他學校錄取,5,"國立雲林科技大學財務金融系(通過); 國立雲林科技大學會計系(正取); 國立高雄科技大學會計資訊系(通過); 國立臺北商業大學會計資訊系(臺北校區)(備取,分發); 國立臺北商業大學財政稅務系(臺北校區)(通過)"
CAND_0901,113,yuntech_fin,國立雲林科技大學,財務金融系(商管群),國立雲林科技大學 財務金融系(商管群),68090309,林*,備取,國立高雄科技大學,國立高雄科技大學會計資訊系,其他學校錄取,3,"國立雲林科技大學財務金融系(通過); 國立高雄科技大學會計資訊系(正取,分發); 國立高雄科技大學金融資訊系(通過)"
CAND_0902,113,yuntech_fin,國立雲林科技大學,財務金融系(商管群),國立雲林科技大學 財務金融系(商管群),68090581,林*彤,備取,—,—,未分發或放棄,5,國立雲林科技大學財務金融系(通過); 國立臺灣科技大學資訊管理系(通過); 國立雲林科技大學資訊管理系(通過); 國立高雄科技大學財務管理系(通過); 國立臺北商業大學財務金融系(臺北校區)(通過)
CAND_0903,113,yuntech_fin,國立雲林科技大學,財務金融系(商管群),國立雲林科技大學 財務金融系(商管群),70090042,葵*羽,備取,國立雲林科技大學,國立雲林科技大學會計系,原校系/本校留任,4,"國立雲林科技大學財務金融系(通過); 國立雲林科技大學會計系(正取,分發); 國立臺北商業大學會計資訊系(臺北校區)(通過); 國立臺北商業大學財政稅務系(臺北校區)(通過)"
CAND_0904,113,yuntech_fin,國立雲林科技大學,財務金融系(商管群),國立雲林科技大學 財務金融系(商管群),70090121,林*恩,備取,—,—,未分發或放棄,2,國立雲林科技大學財務金融系(通過); 國立臺北商業大學財政稅務系(臺北校區)(通過)
CAND_0905,113,yuntech_fin,國立雲林科技大學,財務金融系(商管群),國立雲林科技大學 財務金融系(商管群),70090937,賴*瑄,備取,國立高雄科技大學,國立高雄科技大學財務管理系,其他學校錄取,6,"國立雲林科技大學財務金融系(通過); 國立高雄科技大學金融系(正取); 國立高雄科技大學財務管理系(正取,分發); 國立高雄科技大學金融資訊系(通過); 國立臺中科技大學財務金融系(通過); 國立屏東大學財務金融學系(通過)"
CAND_0906,113,yuntech_fin,國立雲林科技大學,財務金融系(商管群),國立雲林科技大學 財務金融系(商管群),74090197,張*恩,備取,致理科技大學,致理科技大學會計資訊系,其他學校錄取,5,"國立雲林科技大學財務金融系(通過); 國立臺中科技大學會計資訊系(正取); 致理科技大學會計資訊系(正取,分發); 國立屏東大學會計學系(正取); 銘傳大學會計學系(台北校區)(備取)"
CAND_0907,113,yuntech_fin,國立雲林科技大學,財務金融系(商管群),國立雲林科技大學 財務金融系(商管群),76090024,楊*珍,備取,國立澎湖科技大學,國立澎湖科技大學行銷與物流管理系,其他學校錄取,6,"國立雲林科技大學財務金融系(通過); 國立高雄科技大學企業管理系(備取); 國立高雄科技大學金融系(通過); 國立高雄科技大學財務管理系(通過); 國立澎湖科技大學行銷與物流管理系(正取,分發); 國立臺北商業大學財務金融系(臺北校區)(通過)"
CAND_0908,113,yuntech_fin,國立雲林科技大學,財務金融系(商管群),國立雲林科技大學 財務金融系(商管群),77090010,陳*君,備取,國立臺中科技大學,國立臺中科技大學財務金融系,其他學校錄取,6,"國立雲林科技大學財務金融系(通過); 國立臺中科技大學財務金融系(正取,分發); 國立臺北商業大學財務金融系(臺北校區)(正取); 國立臺北商業大學財政稅務系(臺北校區)(備取); 國立臺北商業大學企業管理系(臺北校區)(備取); 國立金門大學企業管理學系(備取)"
CAND_0909,113,yuntech_fin,國立雲林科技大學,財務金融系(商管群),國立雲林科技大學 財務金融系(商管群),78090002,張*住,備取,—,—,未分發或放棄,2,國立雲林科技大學財務金融系(通過); 國立臺中科技大學財務金融系(通過)
CAND_0910,113,yuntech_fin,國立雲林科技大學,財務金融系(資電類),國立雲林科技大學 財務金融系(資電類),52040526,李*諺,正取,國立高雄科技大學,國立高雄科技大學電子工程系電子組(建工校區),其他學校錄取,4,"國立雲林科技大學財務金融系(正取); 國立高雄科技大學電子工程系電子組(建工校區)(備取,分發); 國立高雄科技大學電子工程系資訊組(建工校區)(正取); 國立高雄科技大學資訊工程系(通過)"
CAND_0911,113,yuntech_fin,國立雲林科技大學,財務金融系(資電類),國立雲林科技大學 財務金融系(資電類),52040454,蘇*祐,正取,國立雲林科技大學,國立雲林科技大學資訊管理系,原校系/本校留任,2,"國立雲林科技大學財務金融系(正取); 國立雲林科技大學資訊管理系(備取,分發)"
CAND_0912,113,yuntech_fin,國立雲林科技大學,財務金融系(資電類),國立雲林科技大學 財務金融系(資電類),52040078,陳*,正取,國立臺北護理健康大學,國立臺北護理健康大學資訊管理系,其他學校錄取,3,"國立雲林科技大學財務金融系(正取); 國立臺北科技大學資訊與財金管理系(資安人才)(通過); 國立臺北護理健康大學資訊管理系(正取,分發)"
CAND_0913,113,yuntech_fin,國立雲林科技大學,財務金融系(資電類),國立雲林科技大學 財務金融系(資電類),61040145,黄*軒,備取,國立高雄科技大學,國立高雄科技大學資訊管理系,其他學校錄取,2,"國立雲林科技大學財務金融系(通過); 國立高雄科技大學資訊管理系(備取,分發)"
CAND_0914,113,yuntech_fin,國立雲林科技大學,財務金融系(資電類),國立雲林科技大學 財務金融系(資電類),61040417,*均,備取,—,—,未分發或放棄,3,國立雲林科技大學財務金融系(通過); 國立高雄科技大學電腦與通訊工程系(備取); 國立虎尾科技大學電子工程系(備取)
CAND_0915,113,yuntech_fin,國立雲林科技大學,財務金融系(資電類),國立雲林科技大學 財務金融系(資電類),64040100,*勛,備取,—,—,未分發或放棄,3,國立雲林科技大學財務金融系(通過); 國立雲林科技大學資訊管理系(通過); 國立虎尾科技大學資訊工程系(通過)
CAND_0916,113,yuntech_fin,國立雲林科技大學,財務金融系(資電類),國立雲林科技大學 財務金融系(資電類),66510018,*授,備取,—,—,未分發或放棄,3,國立雲林科技大學財務金融系(通過); 國立高雄科技大學資訊管理系(通過); 國立高雄科技大學智慧商務系(通過)
CAND_0917,113,yuntech_fin,國立雲林科技大學,財務金融系(資電類),國立雲林科技大學 財務金融系(資電類),67040027,*裕,備取,國立雲林科技大學,國立雲林科技大學資訊管理系,原校系/本校留任,4,"國立雲林科技大學財務金融系(通過); 國立雲林科技大學資訊管理系(備取,分發); 國立高雄科技大學電子工程系電信與系統組(建工校區)(通過); 國立高雄科技大學資訊工程系(通過)"
CAND_0918,113,yuntech_fin,國立雲林科技大學,財務金融系(資電類),國立雲林科技大學 財務金融系(資電類),70040255,*御,備取,—,—,未分發或放棄,5,國立雲林科技大學財務金融系(通過); 國立雲林科技大學智慧機器人學士學位學程(通過); 國立臺北科技大學資訊與財金管理系(資安人才)(通過); 國立臺北商業大學創意科技與產品設計系(桃園校區)(通過); 高雄醫學大學醫務管理暨醫療資訊學系(通過)
CAND_0919,115,nkust_bank,國立高雄科技大學,金融系,國立高雄科技大學 金融系,68090561,黄*緁,正取,國立高雄科技大學,國立高雄科技大學金融系,原校系/本校留任,2,"國立高雄科技大學金融系(正取,分發); 國立高雄科技大學財務管理系(正取)"
CAND_0920,115,nkust_bank,國立高雄科技大學,金融系,國立高雄科技大學 金融系,69090043,考生*,正取,國立臺北商業大學,國立臺北商業大學財務金融系(臺北校區),其他學校錄取,4,"國立高雄科技大學金融系(正取); 國立臺北商業大學會計資訊系(臺北校區)(正取); 國立臺北商業大學財務金融系(臺北校區)(正取,分發); 國立臺北商業大學財政稅務系(臺北校區)(正取)"
CAND_0921,115,nkust_bank,國立高雄科技大學,金融系,國立高雄科技大學 金融系,70090001,*毅,正取,國立高雄科技大學,國立高雄科技大學金融系,原校系/本校留任,2,"國立高雄科技大學金融系(正取,分發); 國立高雄科技大學財務管理系(正取)"
CAND_0922,115,nkust_bank,國立高雄科技大學,金融系,國立高雄科技大學 金融系,68090559,宋*甄,正取,國立高雄科技大學,國立高雄科技大學金融系,原校系/本校留任,3,"國立高雄科技大學金融系(正取,分發); 國立高雄科技大學財務管理系(正取); 國立臺北商業大學會計資訊系(臺北校區)(正取)"
CAND_0923,115,nkust_bank,國立高雄科技大學,金融系,國立高雄科技大學 金融系,70090740,黄*淇,正取,國立高雄科技大學,國立高雄科技大學會計資訊系,原校系/本校留任,4,"國立高雄科技大學金融系(正取); 國立雲林科技大學會計系(正取); 國立高雄科技大學財務管理系(通過); 國立高雄科技大學會計資訊系(正取,分發)"
CAND_0924,115,nkust_bank,國立高雄科技大學,金融系,國立高雄科技大學 金融系,67090120,賴*妤,正取,國立雲林科技大學,國立雲林科技大學財務金融系,其他學校錄取,5,"國立高雄科技大學金融系(正取); 國立臺灣科技大學企業管理系(通過); 國立雲林科技大學財務金融系(正取,分發); 國立臺北科技大學經營管理系(備取); 國立臺北商業大學財政稅務系(臺北校區)(正取)"
CAND_0925,115,nkust_bank,國立高雄科技大學,金融系,國立高雄科技大學 金融系,61090066,吳*,正取,國立臺北科技大學,國立臺北科技大學資訊與財金管理系,其他學校錄取,6,"國立高雄科技大學金融系(正取); 國立雲林科技大學財務金融系(正取); 國立雲林科技大學會計系(正取); 國立臺北科技大學經營管理系(通過); 國立臺北科技大學資訊與財金管理系(備取,分發); 國立臺北商業大學財政稅務系(臺北校區)(正取)"
CAND_0926,115,nkust_bank,國立高雄科技大學,金融系,國立高雄科技大學 金融系,68090537,葵*慈,正取,國立臺北科技大學,國立臺北科技大學經營管理系,其他學校錄取,4,"國立高雄科技大學金融系(正取); 國立臺北科技大學經營管理系(備取,分發); 國立高雄科技大學行銷與流通管理系(正取); 國立臺北商業大學國際商務系(臺北校區)(正取)"
CAND_0927,115,nkust_bank,國立高雄科技大學,金融系,國立高雄科技大學 金融系,67090250,黄*,正取,國立雲林科技大學,國立雲林科技大學財務金融系,其他學校錄取,3,"國立高雄科技大學金融系(正取); 國立雲林科技大學財務金融系(正取,分發); 國立雲林科技大學會計系(正取)"
CAND_0928,115,nkust_bank,國立高雄科技大學,金融系,國立高雄科技大學 金融系,68090430,鄭*心,正取,國立高雄科技大學,國立高雄科技大學金融系,原校系/本校留任,3,"國立高雄科技大學金融系(正取,分發); 國立雲林科技大學企業管理系(通過); 國立高雄科技大學航運管理系(通過)"
CAND_0929,115,nkust_bank,國立高雄科技大學,金融系,國立高雄科技大學 金融系,67090106,何*儀,正取,國立臺北商業大學,國立臺北商業大學財務金融系(臺北校區),其他學校錄取,4,"國立高雄科技大學金融系(正取); 國立臺灣科技大學企業管理系(備取); 國立臺北商業大學財務金融系(臺北校區)(正取,分發); 國立臺北商業大學財政稅務系(臺北校區)(正取)"
CAND_0930,115,nkust_bank,國立高雄科技大學,金融系,國立高雄科技大學 金融系,68090519,鄭*瑄,正取,國立高雄科技大學,國立高雄科技大學金融系,原校系/本校留任,2,"國立高雄科技大學金融系(正取,分發); 國立高雄科技大學會計資訊系(通過)"
CAND_0931,115,nkust_bank,國立高雄科技大學,金融系,國立高雄科技大學 金融系,57090397,陳*,正取,國立高雄科技大學,國立高雄科技大學金融系,原校系/本校留任,1,"國立高雄科技大學金融系(正取,分發)"
CAND_0932,115,nkust_bank,國立高雄科技大學,金融系,國立高雄科技大學 金融系,68090540,沈*瑱,正取,國立臺北科技大學,國立臺北科技大學工業工程與管理系,其他學校錄取,3,"國立高雄科技大學金融系(正取); 國立臺北科技大學工業工程與管理系(正取,分發); 國立高雄科技大學航運管理系(通過)"
CAND_0933,115,nkust_bank,國立高雄科技大學,金融系,國立高雄科技大學 金融系,61091438,龍*,正取,國立雲林科技大學,國立雲林科技大學財務金融系,其他學校錄取,5,"國立高雄科技大學金融系(正取); 國立雲林科技大學企業管理系(正取); 國立雲林科技大學財務金融系(備取,分發); 國立屏東科技大學財務金融國際學士學位學程(正取); 國立臺北商業大學國際商務系(臺北校區)(備取)"
CAND_0934,115,nkust_bank,國立高雄科技大學,金融系,國立高雄科技大學 金融系,68090345,陳*住,正取,國立高雄科技大學,國立高雄科技大學金融系,原校系/本校留任,2,"國立高雄科技大學金融系(正取,分發); 國立雲林科技大學國際管理學士學位學程(通過)"
CAND_0935,115,nkust_bank,國立高雄科技大學,金融系,國立高雄科技大學 金融系,65090090,*婷,正取,國立雲林科技大學,國立雲林科技大學財務金融系,其他學校錄取,2,"國立高雄科技大學金融系(正取); 國立雲林科技大學財務金融系(正取,分發)"
CAND_0936,115,nkust_bank,國立高雄科技大學,金融系,國立高雄科技大學 金融系,67090254,徐*,正取,國立雲林科技大學,國立雲林科技大學企業管理系,其他學校錄取,5,"國立高雄科技大學金融系(正取); 國立雲林科技大學企業管理系(正取,分發); 國立高雄科技大學國際企業系(通過); 國立高雄科技大學行銷與流通管理系(正取); 國立虎尾科技大學財務金融系(正取)"
CAND_0937,115,nkust_bank,國立高雄科技大學,金融系,國立高雄科技大學 金融系,53090016,梁*彤,正取,國立雲林科技大學,國立雲林科技大學財務金融系,其他學校錄取,2,"國立高雄科技大學金融系(正取); 國立雲林科技大學財務金融系(備取,分發)"
CAND_0938,115,nkust_bank,國立高雄科技大學,金融系,國立高雄科技大學 金融系,68530072,郭*,正取,國立高雄科技大學,國立高雄科技大學金融系,原校系/本校留任,2,"國立高雄科技大學金融系(正取,分發); 國立高雄科技大學金融資訊系(正取)"
CAND_0939,115,nkust_bank,國立高雄科技大學,金融系,國立高雄科技大學 金融系,57090474,管*慈,正取,國立高雄科技大學,國立高雄科技大學金融系,原校系/本校留任,3,"國立高雄科技大學金融系(正取,分發); 國立高雄科技大學財政稅務系(通過); 國立臺中科技大學財政稅務系(通過)"
CAND_0940,115,nkust_bank,國立高雄科技大學,金融系,國立高雄科技大學 金融系,68090105,蘇*永,正取,國立高雄科技大學,國立高雄科技大學金融系,原校系/本校留任,2,"國立高雄科技大學金融系(正取,分發); 國立高雄科技大學運籌管理系(通過)"
CAND_0941,115,nkust_bank,國立高雄科技大學,金融系,國立高雄科技大學 金融系,68090366,*芳,正取,國立高雄科技大學,國立高雄科技大學金融系,原校系/本校留任,6,"國立高雄科技大學金融系(正取,分發); 國立雲林科技大學企業管理系(通過); 國立高雄科技大學企業管理系(通過); 國立高雄科技大學風險管理與保險系(正取); 國立臺中科技大學財務金融系(通過); 國立臺北商業大學國際商務系(臺北校區)(通過)"
CAND_0942,115,nkust_bank,國立高雄科技大學,金融系,國立高雄科技大學 金融系,61090629,張*瑜,正取,國立高雄科技大學,國立高雄科技大學金融系,原校系/本校留任,1,"國立高雄科技大學金融系(正取,分發)"
CAND_0943,115,nkust_bank,國立高雄科技大學,金融系,國立高雄科技大學 金融系,70090894,郭*銘,正取,國立雲林科技大學,國立雲林科技大學工業工程與管理系,其他學校錄取,2,"國立高雄科技大學金融系(正取); 國立雲林科技大學工業工程與管理系(正取,分發)"
CAND_0944,115,nkust_bank,國立高雄科技大學,金融系,國立高雄科技大學 金融系,61090130,張*茗,正取,國立高雄科技大學,國立高雄科技大學國際企業系,原校系/本校留任,4,"國立高雄科技大學金融系(正取); 國立高雄科技大學國際企業系(正取,分發); 國立高雄科技大學財政稅務系(正取); 國立臺中科技大學國際貿易與經營系(正取)"
CAND_0945,115,nkust_bank,國立高雄科技大學,金融系,國立高雄科技大學 金融系,61090265,蕭*V,正取,—,—,未分發或放棄,1,國立高雄科技大學金融系(正取)
CAND_0946,115,nkust_bank,國立高雄科技大學,金融系,國立高雄科技大學 金融系,70090832,考生*,正取,國立雲林科技大學,國立雲林科技大學財務金融系,其他學校錄取,4,"國立高雄科技大學金融系(正取); 國立臺灣科技大學企業管理系(通過); 國立雲林科技大學財務金融系(正取,分發); 國立臺北商業大學財政稅務系(臺北校區)(備取)"
CAND_0947,115,nkust_bank,國立高雄科技大學,金融系,國立高雄科技大學 金融系,68090573,F*恩,正取,國立高雄科技大學,國立高雄科技大學金融系,原校系/本校留任,4,"國立高雄科技大學金融系(正取,分發); 國立高雄科技大學風險管理與保險系(正取); 國立臺中科技大學財務金融系(正取); 南臺科技大學財務金融系(正取)"
CAND_0948,115,nkust_bank,國立高雄科技大學,金融系,國立高雄科技大學 金融系,65090091,謝*庭,正取,國立高雄科技大學,國立高雄科技大學金融系,原校系/本校留任,2,"國立高雄科技大學金融系(正取,分發); 國立臺北商業大學財政稅務系(臺北校區)(備取)"
CAND_0949,115,nkust_bank,國立高雄科技大學,金融系,國立高雄科技大學 金融系,68090448,黄*妤,正取,國立高雄科技大學,國立高雄科技大學金融系,原校系/本校留任,1,"國立高雄科技大學金融系(正取,分發)"
CAND_0950,115,nkust_bank,國立高雄科技大學,金融系,國立高雄科技大學 金融系,65090078,魏*軒,正取,國立高雄科技大學,國立高雄科技大學金融系,原校系/本校留任,1,"國立高雄科技大學金融系(正取,分發)"
CAND_0951,115,nkust_bank,國立高雄科技大學,金融系,國立高雄科技大學 金融系,68090525,*龍,正取,國立高雄科技大學,國立高雄科技大學金融系,原校系/本校留任,4,"國立高雄科技大學金融系(正取,分發); 國立雲林科技大學財務金融系(通過); 國立高雄科技大學財務管理系(通過); 國立臺北商業大學財政稅務系(臺北校區)(通過)"
CAND_0952,115,nkust_bank,國立高雄科技大學,金融系,國立高雄科技大學 金融系,70090865,蘇*永,正取,國立高雄科技大學,國立高雄科技大學金融系,原校系/本校留任,3,"國立高雄科技大學金融系(正取,分發); 國立雲林科技大學企業管理系(正取); 國立高雄科技大學金融資訊系(正取)"
CAND_0953,115,nkust_bank,國立高雄科技大學,金融系,國立高雄科技大學 金融系,73530021,林*筠,正取,國立高雄科技大學,國立高雄科技大學金融系,原校系/本校留任,2,"國立高雄科技大學金融系(正取,分發); 中原大學國際經營與貿易學系(備取)"
CAND_0954,115,nkust_bank,國立高雄科技大學,金融系,國立高雄科技大學 金融系,66090122,*淳,正取,國立高雄科技大學,國立高雄科技大學金融系,原校系/本校留任,2,"國立高雄科技大學金融系(正取,分發); 國立虎尾科技大學財務金融系(正取)"
CAND_0955,115,nkust_bank,國立高雄科技大學,金融系,國立高雄科技大學 金融系,64090538,*瑾,正取,國立雲林科技大學,國立雲林科技大學應用外語系,其他學校錄取,4,"國立高雄科技大學金融系(正取); 國立雲林科技大學應用外語系(正取,分發); 國立臺中科技大學財務金融系(正取); 國立臺灣海洋大學航運管理學系(備取)"
CAND_0956,115,nkust_bank,國立高雄科技大學,金融系,國立高雄科技大學 金融系,68090531,龍*女,正取,國立臺北商業大學,國立臺北商業大學國際商務系(臺北校區),其他學校錄取,2,"國立高雄科技大學金融系(正取); 國立臺北商業大學國際商務系(臺北校區)(正取,分發)"
CAND_0957,115,nkust_bank,國立高雄科技大學,金融系,國立高雄科技大學 金融系,68090293,鄭*庭,正取,國立高雄科技大學,國立高雄科技大學金融系,原校系/本校留任,1,"國立高雄科技大學金融系(正取,分發)"
CAND_0958,115,nkust_bank,國立高雄科技大學,金融系,國立高雄科技大學 金融系,61091049,江*瑜,正取,國立高雄科技大學,國立高雄科技大學金融系,原校系/本校留任,3,"國立高雄科技大學金融系(正取,分發); 國立高雄科技大學金融資訊系(通過); 國立臺中科技大學財務金融系(通過)"
CAND_0959,115,nkust_bank,國立高雄科技大學,金融系,國立高雄科技大學 金融系,67090037,江*,正取,國立高雄科技大學,國立高雄科技大學金融系,原校系/本校留任,4,"國立高雄科技大學金融系(正取,分發); 國立高雄科技大學金融資訊系(正取); 國立虎尾科技大學財務金融系(通過); 國立臺中科技大學財務金融系(正取)"
CAND_0960,115,nkust_bank,國立高雄科技大學,金融系,國立高雄科技大學 金融系,70090627,李*昀,正取,國立高雄科技大學,國立高雄科技大學運籌管理系,原校系/本校留任,5,"國立高雄科技大學金融系(正取); 國立高雄科技大學運籌管理系(正取,分發); 國立高雄科技大學財務管理系(正取); 國立虎尾科技大學資訊管理系(通過); 國立臺中科技大學財務金融系(通過)"
CAND_0961,115,nkust_bank,國立高雄科技大學,金融系,國立高雄科技大學 金融系,65090364,楊*,正取,國立雲林科技大學,國立雲林科技大學財務金融系,其他學校錄取,5,"國立高雄科技大學金融系(正取); 國立雲林科技大學工業工程與管理系(通過); 國立雲林科技大學財務金融系(正取,分發); 國立高雄科技大學財務管理系(備取); 國立臺中科技大學財務金融系(通過)"
CAND_0962,115,nkust_bank,國立高雄科技大學,金融系,國立高雄科技大學 金融系,70090716,李*瑄,正取,國立高雄科技大學,國立高雄科技大學金融系,原校系/本校留任,3,"國立高雄科技大學金融系(正取,分發); 國立臺中科技大學財務金融系(通過); 國立屏東大學財務金融學系(通過)"
CAND_0963,115,nkust_bank,國立高雄科技大學,金融系,國立高雄科技大學 金融系,70090770,黄*柔,正取,國立高雄科技大學,國立高雄科技大學金融系,原校系/本校留任,2,"國立高雄科技大學金融系(正取,分發); 國立高雄科技大學金融資訊系(通過)"
CAND_0964,115,nkust_bank,國立高雄科技大學,金融系,國立高雄科技大學 金融系,57090327,陳*永,正取,國立高雄科技大學,國立高雄科技大學金融系,原校系/本校留任,6,"國立高雄科技大學金融系(正取,分發); 國立雲林科技大學財務金融系(正取); 國立高雄科技大學財務管理系(通過); 國立高雄科技大學財政稅務系(通過); 國立臺中科技大學財務金融系(正取); 逢甲大學財稅學系(通過)"
CAND_0965,115,nkust_bank,國立高雄科技大學,金融系,國立高雄科技大學 金融系,68090572,賴*盛,正取,國立高雄科技大學,國立高雄科技大學金融系,原校系/本校留任,3,"國立高雄科技大學金融系(正取,分發); 國立高雄科技大學資訊管理系(正取); 國立高雄科技大學財務管理系(備取)"
CAND_0966,115,nkust_bank,國立高雄科技大學,金融系,國立高雄科技大學 金融系,57090425,陳*諭,正取,國立雲林科技大學,國立雲林科技大學會計系,其他學校錄取,4,"國立高雄科技大學金融系(正取); 國立雲林科技大學會計系(備取,分發); 國立高雄科技大學金融資訊系(通過); 國立臺中科技大學財務金融系(正取)"
CAND_0967,115,nkust_bank,國立高雄科技大學,金融系,國立高雄科技大學 金融系,61090681,龔*元,備取,—,—,未分發或放棄,4,國立高雄科技大學金融系(備取); 國立臺北科技大學經營管理系(通過); 國立高雄科技大學金融資訊系(通過); 國立臺北商業大學財政稅務系(臺北校區)(備取)
CAND_0968,115,nkust_bank,國立高雄科技大學,金融系,國立高雄科技大學 金融系,57090745,陳*琳,備取,國立高雄科技大學,國立高雄科技大學金融系,原校系/本校留任,1,"國立高雄科技大學金融系(備取,分發)"
CAND_0969,115,nkust_bank,國立高雄科技大學,金融系,國立高雄科技大學 金融系,57090341,高*,備取,—,—,未分發或放棄,2,國立高雄科技大學金融系(備取); 國立高雄科技大學財政稅務系(通過)
CAND_0970,115,nkust_bank,國立高雄科技大學,金融系,國立高雄科技大學 金融系,68090029,顏*洋,備取,國立高雄科技大學,國立高雄科技大學金融系,原校系/本校留任,2,"國立高雄科技大學金融系(備取,分發); 國立高雄科技大學國際企業系(通過)"
CAND_0971,115,nkust_bank,國立高雄科技大學,金融系,國立高雄科技大學 金融系,61090393,陳*晴,備取,逢甲大學,逢甲大學財務金融學系,其他學校錄取,3,"國立高雄科技大學金融系(備取); 逢甲大學會計學系(正取); 逢甲大學財務金融學系(備取,分發)"
CAND_0972,115,nkust_bank,國立高雄科技大學,金融系,國立高雄科技大學 金融系,68090378,李*瑄,備取,國立高雄科技大學,國立高雄科技大學金融系,原校系/本校留任,2,"國立高雄科技大學金融系(備取,分發); 國立高雄科技大學財務管理系(備取)"
CAND_0973,115,nkust_bank,國立高雄科技大學,金融系,國立高雄科技大學 金融系,67090202,江*,備取,國立高雄科技大學,國立高雄科技大學金融系,原校系/本校留任,3,"國立高雄科技大學金融系(備取,分發); 國立高雄科技大學運籌管理系(通過); 國立臺中科技大學財務金融系(通過)"
CAND_0974,115,nkust_bank,國立高雄科技大學,金融系,國立高雄科技大學 金融系,64090423,謝*秝,備取,國立高雄科技大學,國立高雄科技大學金融系,原校系/本校留任,1,"國立高雄科技大學金融系(備取,分發)"
CAND_0975,115,nkust_bank,國立高雄科技大學,金融系,國立高雄科技大學 金融系,68090436,*妤,備取,國立臺中科技大學,國立臺中科技大學財政稅務系,其他學校錄取,5,"國立高雄科技大學金融系(備取); 國立高雄科技大學財政稅務系(通過); 國立高雄科技大學航運管理系(通過); 國立臺中科技大學財政稅務系(正取,分發); 國立臺北商業大學商業設計管理系(桃園校區)(通過)"
CAND_0976,115,nkust_bank,國立高雄科技大學,金融系,國立高雄科技大學 金融系,61090522,*婕,備取,國立高雄科技大學,國立高雄科技大學金融系,原校系/本校留任,3,"國立高雄科技大學金融系(備取,分發); 國立高雄科技大學金融資訊系(正取); 國立臺中科技大學財務金融系(通過)"
CAND_0977,115,nkust_bank,國立高雄科技大學,金融系,國立高雄科技大學 金融系,59090252,黄*瑄,備取,國立高雄科技大學,國立高雄科技大學金融系,原校系/本校留任,3,"國立高雄科技大學金融系(備取,分發); 國立高雄科技大學資訊管理系(通過); 國立高雄科技大學財政稅務系(正取)"
CAND_0978,115,nkust_bank,國立高雄科技大學,金融系,國立高雄科技大學 金融系,68090038,張*柔,備取,國立虎尾科技大學,國立虎尾科技大學財務金融系,其他學校錄取,5,"國立高雄科技大學金融系(備取); 國立高雄科技大學會計資訊系(備取); 國立高雄科技大學財政稅務系(正取); 國立虎尾科技大學企業管理系(正取); 國立虎尾科技大學財務金融系(正取,分發)"
CAND_0979,115,nkust_bank,國立高雄科技大學,金融系,國立高雄科技大學 金融系,68090545,*均,備取,國立高雄餐旅大學,國立高雄餐旅大學航空暨運輸服務管理系,其他學校錄取,5,"國立高雄科技大學金融系(備取); 國立高雄科技大學運籌管理系(通過); 國立高雄科技大學航運管理系(正取); 國立高雄餐旅大學航空暨運輸服務管理系(正取,分發); 國立臺中科技大學國際貿易與經營系(通過)"
CAND_0980,115,nkust_bank,國立高雄科技大學,金融系,國立高雄科技大學 金融系,62090055,賴*,備取,國立臺中科技大學,國立臺中科技大學財務金融系,其他學校錄取,3,"國立高雄科技大學金融系(備取); 國立虎尾科技大學財務金融系(通過); 國立臺中科技大學財務金融系(正取,分發)"
CAND_0981,115,nkust_bank,國立高雄科技大學,金融系,國立高雄科技大學 金融系,68530065,潘*琪,備取,國立高雄科技大學,國立高雄科技大學金融系,原校系/本校留任,3,"國立高雄科技大學金融系(備取,分發); 國立雲林科技大學工業工程與管理系(備取); 國立虎尾科技大學財務金融系(正取)"
CAND_0982,115,nkust_bank,國立高雄科技大學,金融系,國立高雄科技大學 金融系,70090828,郭*育,備取,國立高雄科技大學,國立高雄科技大學金融系,原校系/本校留任,5,"國立高雄科技大學金融系(備取,分發); 國立雲林科技大學工業工程與管理系(備取); 國立雲林科技大學國際管理學士學位學程(通過); 國立高雄科技大學資訊管理系(通過); 國立高雄科技大學金融資訊系(備取)"
CAND_0983,115,nkust_bank,國立高雄科技大學,金融系,國立高雄科技大學 金融系,68530073,陳*柔,備取,國立雲林科技大學,國立雲林科技大學資訊管理系,其他學校錄取,3,"國立高雄科技大學金融系(備取); 國立雲林科技大學資訊管理系(備取,分發); 國立高雄科技大學資訊管理系(正取)"
CAND_0984,115,nkust_bank,國立高雄科技大學,金融系,國立高雄科技大學 金融系,68090392,葵*郁,備取,國立高雄科技大學,國立高雄科技大學金融系,原校系/本校留任,3,"國立高雄科技大學金融系(備取,分發); 國立雲林科技大學企業管理系(通過); 國立臺北商業大學國際商務系(臺北校區)(備取)"
CAND_0985,115,nkust_bank,國立高雄科技大學,金融系,國立高雄科技大學 金融系,57090363,吳*么,備取,國立高雄科技大學,國立高雄科技大學金融系,原校系/本校留任,5,"國立高雄科技大學金融系(備取,分發); 國立高雄科技大學財政稅務系(正取); 國立虎尾科技大學財務金融系(通過); 國立臺中科技大學國際貿易與經營系(通過); 國立宜蘭大學應用經濟與管理學系(通過)"
CAND_0986,115,nkust_bank,國立高雄科技大學,金融系,國立高雄科技大學 金融系,64090541,李*瑄,備取,國立高雄科技大學,國立高雄科技大學金融系,原校系/本校留任,2,"國立高雄科技大學金融系(備取,分發); 國立高雄科技大學應用英語系(正取)"
CAND_0987,115,nkust_bank,國立高雄科技大學,金融系,國立高雄科技大學 金融系,65090026,湯*晴,備取,國立雲林科技大學,國立雲林科技大學會計系,其他學校錄取,3,"國立高雄科技大學金融系(備取); 國立雲林科技大學會計系(備取,分發); 國立高雄科技大學會計資訊系(正取)"
CAND_0988,115,nkust_bank,國立高雄科技大學,金融系,國立高雄科技大學 金融系,57090864,吳*縈,備取,中原大學,中原大學會計學系,其他學校錄取,3,"國立高雄科技大學金融系(備取); 國立臺北商業大學國際商務系(臺北校區)(備取); 中原大學會計學系(備取,分發)"
CAND_0989,115,nkust_bank,國立高雄科技大學,金融系,國立高雄科技大學 金融系,64090389,*致,備取,—,—,未分發或放棄,4,國立高雄科技大學金融系(備取); 國立雲林科技大學企業管理系(通過); 國立高雄科技大學金融資訊系(通過); 國立臺中科技大學財務金融系(通過)
CAND_0990,115,nkust_bank,國立高雄科技大學,金融系,國立高雄科技大學 金融系,70090639,黄*筠,備取,國立高雄科技大學,國立高雄科技大學航運管理系,原校系/本校留任,6,"國立高雄科技大學金融系(備取); 國立雲林科技大學國際管理學士學位學程(通過); 國立高雄科技大學航運管理系(正取,分發); 國立高雄科技大學航運技術系(通過); 國立臺灣海洋大學航運管理學系(備取); 國立臺灣海洋大學海洋經營管理學士學位學程(備取)"
CAND_0991,115,nkust_bank,國立高雄科技大學,金融系,國立高雄科技大學 金融系,58090293,*希,備取,國立雲林科技大學,國立雲林科技大學資訊管理系,其他學校錄取,3,"國立高雄科技大學金融系(備取); 國立雲林科技大學資訊管理系(備取,分發); 國立臺北商業大學財政稅務系(臺北校區)(備取)"
CAND_0992,115,nkust_bank,國立高雄科技大學,金融系,國立高雄科技大學 金融系,68090494,謝*妍,備取,國立高雄科技大學,國立高雄科技大學資訊管理系,原校系/本校留任,4,"國立高雄科技大學金融系(備取); 國立雲林科技大學工業工程與管理系(備取); 國立高雄科技大學資訊管理系(正取,分發); 國立臺中科技大學資訊工程系(通過)"
CAND_0993,115,nkust_bank,國立高雄科技大學,金融系,國立高雄科技大學 金融系,70090869,F*,備取,國立高雄科技大學,國立高雄科技大學金融系,原校系/本校留任,4,"國立高雄科技大學金融系(備取,分發); 國立高雄科技大學金融資訊系(正取); 國立高雄科技大學財政稅務系(備取); 國立臺中科技大學財務金融系(通過)"
CAND_0994,115,nkust_bank,國立高雄科技大學,金融系,國立高雄科技大學 金融系,61091158,宋*庭,備取,國立高雄科技大學,國立高雄科技大學財政稅務系,原校系/本校留任,4,"國立高雄科技大學金融系(備取); 國立高雄科技大學財政稅務系(正取,分發); 國立虎尾科技大學企業管理系(正取); 國立虎尾科技大學財務金融系(正取)"
CAND_0995,115,nkust_bank,國立高雄科技大學,金融系,國立高雄科技大學 金融系,52090397,*綸,備取,國立高雄科技大學,國立高雄科技大學金融系,原校系/本校留任,2,"國立高雄科技大學金融系(備取,分發); 國立臺中科技大學企業管理系(通過)"
CAND_0996,115,nkust_bank,國立高雄科技大學,金融系,國立高雄科技大學 金融系,68090539,*惠,備取,國立高雄科技大學,國立高雄科技大學金融系,原校系/本校留任,3,"國立高雄科技大學金融系(備取,分發); 國立高雄科技大學行銷與流通管理系(正取); 國立臺中科技大學國際貿易與經營系(備取)"
CAND_0997,115,nkust_bank,國立高雄科技大學,金融系,國立高雄科技大學 金融系,68090592,郭*妤,備取,國立高雄科技大學,國立高雄科技大學金融系,原校系/本校留任,4,"國立高雄科技大學金融系(備取,分發); 國立雲林科技大學資訊管理系(通過); 國立高雄科技大學運籌管理系(通過); 國立屏東大學財務金融學系(通過)"
CAND_0998,115,nkust_bank,國立高雄科技大學,金融系,國立高雄科技大學 金融系,61090165,賴*,備取,國立高雄科技大學,國立高雄科技大學金融系,原校系/本校留任,3,"國立高雄科技大學金融系(備取,分發); 國立高雄科技大學運籌管理系(通過); 國立高雄科技大學財政稅務系(正取)"
CAND_0999,115,nkust_bank,國立高雄科技大學,金融系,國立高雄科技大學 金融系,57090685,考生*,備取,中原大學,中原大學國際經營與貿易學系,其他學校錄取,5,"國立高雄科技大學金融系(備取); 國立高雄科技大學國際企業系(備取); 國立臺中科技大學國際貿易與經營系(正取); 中原大學國際經營與貿易學系(正取,分發); 中原大學會計學系(備取)"
CAND_1000,115,nkust_bank,國立高雄科技大學,金融系,國立高雄科技大學 金融系,59090025,朱*德,備取,國立高雄科技大學,國立高雄科技大學金融資訊系,原校系/本校留任,2,"國立高雄科技大學金融系(備取); 國立高雄科技大學金融資訊系(備取,分發)"
CAND_1001,115,nkust_bank,國立高雄科技大學,金融系,國立高雄科技大學 金融系,58090546,考生*,備取,國立高雄科技大學,國立高雄科技大學金融系,原校系/本校留任,1,"國立高雄科技大學金融系(備取,分發)"
CAND_1002,115,nkust_bank,國立高雄科技大學,金融系,國立高雄科技大學 金融系,52090414,*釗,備取,國立高雄科技大學,國立高雄科技大學金融系,原校系/本校留任,2,"國立高雄科技大學金融系(備取,分發); 國立高雄科技大學金融資訊系(正取)"
CAND_1003,115,nkust_bank,國立高雄科技大學,金融系,國立高雄科技大學 金融系,64090391,涂*瑄,備取,國立高雄科技大學,國立高雄科技大學金融系,原校系/本校留任,2,"國立高雄科技大學金融系(備取,分發); 國立臺中科技大學會計資訊系(通過)"
CAND_1004,115,nkust_bank,國立高雄科技大學,金融系,國立高雄科技大學 金融系,70090453,連*,備取,—,—,未分發或放棄,2,國立高雄科技大學金融系(備取); 國立高雄科技大學風險管理與保險系(通過)
CAND_1005,115,nkust_bank,國立高雄科技大學,金融系,國立高雄科技大學 金融系,68530059,黄*翔,備取,國立雲林科技大學,國立雲林科技大學工業工程與管理系,其他學校錄取,2,"國立高雄科技大學金融系(備取); 國立雲林科技大學工業工程與管理系(備取,分發)"
CAND_1006,115,nkust_bank,國立高雄科技大學,金融系,國立高雄科技大學 金融系,52090466,鄭*,備取,國立臺中科技大學,國立臺中科技大學財政稅務系,其他學校錄取,4,"國立高雄科技大學金融系(備取); 國立高雄科技大學財政稅務系(備取); 國立虎尾科技大學工業管理系(通過); 國立臺中科技大學財政稅務系(備取,分發)"
CAND_1007,115,nkust_bank,國立高雄科技大學,金融系,國立高雄科技大學 金融系,68530028,葉*盷,備取,國立高雄科技大學,國立高雄科技大學人力資源發展系,原校系/本校留任,4,"國立高雄科技大學金融系(備取); 國立高雄科技大學人力資源發展系(正取,分發); 嘉南藥理大學醫務管理系(備取); 國立屏東大學財務金融學系(正取)"
CAND_1008,115,nkust_bank,國立高雄科技大學,金融系,國立高雄科技大學 金融系,61090177,張*榛,備取,—,—,未分發或放棄,2,國立高雄科技大學金融系(備取); 國立高雄科技大學行銷與流通管理系(通過)
CAND_1009,115,nkust_bank,國立高雄科技大學,金融系,國立高雄科技大學 金融系,61091145,*瑜,備取,—,—,未分發或放棄,2,國立高雄科技大學金融系(備取); 國立臺中科技大學財政稅務系(通過)
CAND_1010,115,nkust_bank,國立高雄科技大學,金融系,國立高雄科技大學 金融系,61530015,張*瑄,備取,國立高雄科技大學,國立高雄科技大學航運管理系,原校系/本校留任,3,"國立高雄科技大學金融系(備取); 國立高雄科技大學運籌管理系(通過); 國立高雄科技大學航運管理系(正取,分發)"
CAND_1011,115,nkust_bank,國立高雄科技大學,金融系,國立高雄科技大學 金融系,68090598,吳*暐,備取,國立高雄科技大學,國立高雄科技大學資訊管理系,原校系/本校留任,3,"國立高雄科技大學金融系(備取); 國立高雄科技大學資訊管理系(備取,分發); 國立高雄科技大學資訊管理系(備取)"
CAND_1012,115,nkust_bank,國立高雄科技大學,金融系,國立高雄科技大學 金融系,65090200,黄*玲,備取,—,—,未分發或放棄,4,國立高雄科技大學金融系(備取); 國立虎尾科技大學財務金融系(通過); 國立勤益科技大學企業管理系(通過); 國立臺中科技大學財政稅務系(通過)
CAND_1013,115,nkust_bank,國立高雄科技大學,金融系,國立高雄科技大學 金融系,64090453,林*,備取,中原大學,中原大學國際經營與貿易學系,其他學校錄取,4,"國立高雄科技大學金融系(備取); 國立高雄科技大學行銷與流通管理系(通過); 國立臺北商業大學商業設計管理系(桃園校區)(通過); 中原大學國際經營與貿易學系(正取,分發)"
CAND_1014,115,nkust_bank,國立高雄科技大學,金融系,國立高雄科技大學 金融系,64090577,陳*謙,備取,—,—,未分發或放棄,3,國立高雄科技大學金融系(備取); 國立高雄科技大學行銷與流通管理系(通過); 國立虎尾科技大學財務金融系(通過)
CAND_1015,115,nkust_bank,國立高雄科技大學,金融系,國立高雄科技大學 金融系,68090428,*豪,備取,國立雲林科技大學,國立雲林科技大學工業工程與管理系,其他學校錄取,2,"國立高雄科技大學金融系(備取); 國立雲林科技大學工業工程與管理系(備取,分發)"
CAND_1016,115,nkust_bank,國立高雄科技大學,金融系,國立高雄科技大學 金融系,61090110,許*,備取,—,—,未分發或放棄,3,國立高雄科技大學金融系(備取); 國立高雄科技大學航運管理系(備取); 國立虎尾科技大學財務金融系(通過)
CAND_1017,115,nkust_bank,國立高雄科技大學,金融系,國立高雄科技大學 金融系,59090098,彭*,備取,—,—,未分發或放棄,1,國立高雄科技大學金融系(備取)
CAND_1018,115,nkust_bank,國立高雄科技大學,金融系,國立高雄科技大學 金融系,68530071,陳*永,備取,國立高雄科技大學,國立高雄科技大學財政稅務系,原校系/本校留任,5,"國立高雄科技大學金融系(備取); 國立高雄科技大學財政稅務系(備取,分發); 國立高雄科技大學智慧商務系(通過); 國立虎尾科技大學企業管理系(通過); 國立虎尾科技大學財務金融系(正取)"
CAND_1019,115,nkust_bank,國立高雄科技大學,金融系,國立高雄科技大學 金融系,68090396,吳*,備取,—,—,未分發或放棄,2,國立高雄科技大學金融系(備取); 國立高雄科技大學財政稅務系(通過)
CAND_1020,115,nkust_bank,國立高雄科技大學,金融系,國立高雄科技大學 金融系,58090010,李*玹,備取,國立臺中科技大學,國立臺中科技大學資訊工程系,其他學校錄取,4,"國立高雄科技大學金融系(備取); 國立雲林科技大學工業工程與管理系(備取); 國立勤益科技大學資訊工程系(正取); 國立臺中科技大學資訊工程系(正取,分發)"
CAND_1021,115,nkust_bank,國立高雄科技大學,金融系,國立高雄科技大學 金融系,61090434,陳*,備取,國立屏東大學,國立屏東大學財務金融學系,其他學校錄取,3,"國立高雄科技大學金融系(備取); 國立虎尾科技大學財務金融系(正取); 國立屏東大學財務金融學系(正取,分發)"
CAND_1022,115,nkust_bank,國立高雄科技大學,金融系,國立高雄科技大學 金融系,57091047,維*銓,備取,國立臺中科技大學,國立臺中科技大學財政稅務系,其他學校錄取,3,"國立高雄科技大學金融系(備取); 國立高雄科技大學財政稅務系(備取); 國立臺中科技大學財政稅務系(正取,分發)"
CAND_1023,115,nkust_bank,國立高雄科技大學,金融系,國立高雄科技大學 金融系,61090050,陳*昀,備取,國立臺北商業大學,國立臺北商業大學財政稅務系(臺北校區),其他學校錄取,6,"國立高雄科技大學金融系(備取); 國立高雄科技大學財務管理系(正取); 國立高雄科技大學金融資訊系(通過); 國立勤益科技大學企業管理系(通過); 國立臺北商業大學財政稅務系(臺北校區)(正取,分發); 國立臺北商業大學企業管理系(臺北校區)(備取)"
CAND_1024,115,nkust_bank,國立高雄科技大學,金融系,國立高雄科技大學 金融系,75090001,鄭*,備取,國立臺灣科技大學,國立臺灣科技大學企業管理系,其他學校錄取,6,"國立高雄科技大學金融系(備取); 國立臺灣科技大學企業管理系(正取,分發); 國立雲林科技大學財務金融系(通過); 國立臺北商業大學財務金融系(臺北校區)(備取); 國立臺北商業大學財政稅務系(臺北校區)(正取); 國立屏東大學財務金融學系(正取)"
CAND_1025,115,nkust_bank,國立高雄科技大學,金融系,國立高雄科技大學 金融系,70090886,維*,備取,國立高雄科技大學,國立高雄科技大學財政稅務系,原校系/本校留任,6,"國立高雄科技大學金融系(備取); 國立雲林科技大學企業管理系(正取); 國立高雄科技大學運籌管理系(通過); 國立高雄科技大學財政稅務系(備取,分發); 國立勤益科技大學工業工程與管理系(通過); 國立臺中科技大學財政稅務系(正取)"
CAND_1026,115,nkust_bank,國立高雄科技大學,金融系,國立高雄科技大學 金融系,64090145,高*庭,備取,國立高雄科技大學,國立高雄科技大學金融系,原校系/本校留任,4,"國立高雄科技大學金融系(備取,分發); 國立高雄科技大學運籌管理系(通過); 國立高雄科技大學風險管理與保險系(正取); 國立臺中科技大學財政稅務系(通過)"
CAND_1027,115,nkust_bank,國立高雄科技大學,金融系,國立高雄科技大學 金融系,57090426,游*永,備取,—,—,未分發或放棄,4,國立高雄科技大學金融系(備取); 國立雲林科技大學企業管理系(通過); 國立高雄科技大學風險管理與保險系(通過); 國立高雄科技大學財政稅務系(通過)
CAND_1028,115,nkust_bank,國立高雄科技大學,金融系,國立高雄科技大學 金融系,61090494,黄*荃,備取,國立臺北商業大學,國立臺北商業大學企業管理系(臺北校區),其他學校錄取,4,"國立高雄科技大學金融系(備取); 國立雲林科技大學工業工程與管理系(備取); 國立臺北商業大學財政稅務系(臺北校區)(備取); 國立臺北商業大學企業管理系(臺北校區)(備取,分發)"
CAND_1029,115,nkust_bank,國立高雄科技大學,金融系,國立高雄科技大學 金融系,52090503,*祥,備取,—,—,未分發或放棄,4,國立高雄科技大學金融系(備取); 國立高雄科技大學企業管理系(通過); 國立高雄科技大學行銷與流通管理系(通過); 國立臺北商業大學商業設計管理系(桃園校區)(通過)
CAND_1030,115,nkust_bank,國立高雄科技大學,金融系,國立高雄科技大學 金融系,52090353,*恩,備取,—,—,未分發或放棄,3,國立高雄科技大學金融系(通過); 國立高雄科技大學智慧商務系(通過); 國立臺中科技大學財務金融系(通過)
CAND_1031,115,nkust_bank,國立高雄科技大學,金融系,國立高雄科技大學 金融系,52090510,邱*,備取,—,—,未分發或放棄,3,國立高雄科技大學金融系(通過); 國立臺北科技大學工業工程與管理系(備取); 國立高雄科技大學行銷與流通管理系(通過)
CAND_1032,115,nkust_bank,國立高雄科技大學,金融系,國立高雄科技大學 金融系,55090127,林*慈,備取,—,—,未分發或放棄,2,國立高雄科技大學金融系(通過); 國立臺中科技大學財務金融系(通過)
CAND_1033,115,nkust_bank,國立高雄科技大學,金融系,國立高雄科技大學 金融系,57090050,翁*,備取,國立臺中科技大學,國立臺中科技大學財務金融系,其他學校錄取,2,"國立高雄科技大學金融系(通過); 國立臺中科技大學財務金融系(正取,分發)"
CAND_1034,115,nkust_bank,國立高雄科技大學,金融系,國立高雄科技大學 金融系,57090269,黄*,備取,國立臺北商業大學,國立臺北商業大學財政稅務系(臺北校區),其他學校錄取,4,"國立高雄科技大學金融系(通過); 國立高雄科技大學財政稅務系(通過); 國立臺北商業大學財政稅務系(臺北校區)(備取,分發); 國立彰化師範大學財務金融技術學系(備取)"
CAND_1035,115,nkust_bank,國立高雄科技大學,金融系,國立高雄科技大學 金融系,57090466,鄭*洋,備取,—,—,未分發或放棄,2,國立高雄科技大學金融系(通過); 國立雲林科技大學工業工程與管理系(通過)
CAND_1036,115,nkust_bank,國立高雄科技大學,金融系,國立高雄科技大學 金融系,57090629,陳*,備取,逢甲大學,逢甲大學國際經營與貿易學系,其他學校錄取,4,"國立高雄科技大學金融系(通過); 中原大學國際經營與貿易學系(通過); 逢甲大學國際經營與貿易學系(正取,分發); 逢甲大學經濟學系(正取)"
CAND_1037,115,nkust_bank,國立高雄科技大學,金融系,國立高雄科技大學 金融系,57090717,陳*元,備取,—,—,未分發或放棄,3,國立高雄科技大學金融系(通過); 國立臺灣科技大學企業管理系(通過); 國立臺北商業大學會計資訊系(臺北校區)(通過)
CAND_1038,115,nkust_bank,國立高雄科技大學,金融系,國立高雄科技大學 金融系,57090735,陳*豪,備取,—,—,未分發或放棄,1,國立高雄科技大學金融系(通過)
CAND_1039,115,nkust_bank,國立高雄科技大學,金融系,國立高雄科技大學 金融系,61090010,張*翔,備取,—,—,未分發或放棄,3,國立高雄科技大學金融系(通過); 國立高雄科技大學運籌管理系(通過); 國立臺中科技大學財政稅務系(通過)
CAND_1040,115,nkust_bank,國立高雄科技大學,金融系,國立高雄科技大學 金融系,61090073,鄭*尹,備取,國立臺中科技大學,國立臺中科技大學財務金融系,其他學校錄取,2,"國立高雄科技大學金融系(通過); 國立臺中科技大學財務金融系(正取,分發)"
CAND_1041,115,nkust_bank,國立高雄科技大學,金融系,國立高雄科技大學 金融系,61090229,考生*,備取,—,—,未分發或放棄,2,國立高雄科技大學金融系(通過); 國立臺中科技大學財務金融系(通過)
CAND_1042,115,nkust_bank,國立高雄科技大學,金融系,國立高雄科技大學 金融系,61090674,吳*瑀,備取,逢甲大學,逢甲大學會計學系,其他學校錄取,4,"國立高雄科技大學金融系(通過); 國立高雄科技大學會計資訊系(正取); 國立臺中科技大學會計資訊系(通過); 逢甲大學會計學系(正取,分發)"
CAND_1043,115,nkust_bank,國立高雄科技大學,金融系,國立高雄科技大學 金融系,61091089,陳*蓉,備取,國立彰化師範大學,國立彰化師範大學財務金融技術學系,其他學校錄取,2,"國立高雄科技大學金融系(通過); 國立彰化師範大學財務金融技術學系(備取,分發)"
CAND_1044,115,nkust_bank,國立高雄科技大學,金融系,國立高雄科技大學 金融系,61091101,張*恩,備取,國立高雄科技大學,國立高雄科技大學航運管理系,原校系/本校留任,2,"國立高雄科技大學金融系(通過); 國立高雄科技大學航運管理系(正取,分發)"
CAND_1045,115,nkust_bank,國立高雄科技大學,金融系,國立高雄科技大學 金融系,61091105,林*妤,備取,—,—,未分發或放棄,4,國立高雄科技大學金融系(通過); 國立雲林科技大學工業工程與管理系(通過); 國立雲林科技大學國際管理學士學位學程(通過); 國立臺北商業大學財政稅務系(臺北校區)(通過)
CAND_1046,115,nkust_bank,國立高雄科技大學,金融系,國立高雄科技大學 金融系,61091151,吳*書,備取,—,—,未分發或放棄,2,國立高雄科技大學金融系(通過); 國立虎尾科技大學財務金融系(通過)
CAND_1047,115,nkust_bank,國立高雄科技大學,金融系,國立高雄科技大學 金融系,61091160,F*妤,備取,國立臺中科技大學,國立臺中科技大學財務金融系,其他學校錄取,2,"國立高雄科技大學金融系(通過); 國立臺中科技大學財務金融系(正取,分發)"
CAND_1048,115,nkust_bank,國立高雄科技大學,金融系,國立高雄科技大學 金融系,63090222,林*,備取,—,—,未分發或放棄,2,國立高雄科技大學金融系(通過); 國立臺中科技大學財務金融系(通過)
CAND_1049,115,nkust_bank,國立高雄科技大學,金融系,國立高雄科技大學 金融系,64090037,林*恩,備取,—,—,未分發或放棄,6,國立高雄科技大學金融系(通過); 國立雲林科技大學國際管理學士學位學程(通過); 國立高雄科技大學國際企業系(通過); 國立高雄科技大學航運管理系(通過); 國立臺中科技大學國際貿易與經營系(通過); 文藻外語大學國際企業管理系(通過)
CAND_1050,115,nkust_bank,國立高雄科技大學,金融系,國立高雄科技大學 金融系,64090044,蕭*,備取,國立臺中科技大學,國立臺中科技大學財政稅務系,其他學校錄取,3,"國立高雄科技大學金融系(通過); 國立高雄科技大學財政稅務系(通過); 國立臺中科技大學財政稅務系(正取,分發)"
CAND_1051,115,nkust_bank,國立高雄科技大學,金融系,國立高雄科技大學 金融系,64090089,徐*詒,備取,—,—,未分發或放棄,4,國立高雄科技大學金融系(通過); 國立高雄科技大學風險管理與保險系(通過); 國立臺中科技大學財務金融系(通過); 國立臺北商業大學商業設計管理系(桃園校區)(通過)
CAND_1052,115,nkust_bank,國立高雄科技大學,金融系,國立高雄科技大學 金融系,64090209,*瞳,備取,國立彰化師範大學,國立彰化師範大學財務金融技術學系,其他學校錄取,5,"國立高雄科技大學金融系(通過); 國立雲林科技大學財務金融系(通過); 國立高雄科技大學風險管理與保險系(通過); 國立臺中科技大學財務金融系(正取); 國立彰化師範大學財務金融技術學系(正取,分發)"
CAND_1053,115,nkust_bank,國立高雄科技大學,金融系,國立高雄科技大學 金融系,64090213,李*恩,備取,—,—,未分發或放棄,2,國立高雄科技大學金融系(通過); 國立臺中科技大學財務金融系(通過)
CAND_1054,115,nkust_bank,國立高雄科技大學,金融系,國立高雄科技大學 金融系,64090235,葉*真,備取,—,—,未分發或放棄,3,國立高雄科技大學金融系(通過); 國立高雄科技大學風險管理與保險系(通過); 國立臺中科技大學財務金融系(通過)
CAND_1055,115,nkust_bank,國立高雄科技大學,金融系,國立高雄科技大學 金融系,64090361,蕭*芩,備取,—,—,未分發或放棄,4,國立高雄科技大學金融系(通過); 國立雲林科技大學財務金融系(通過); 國立彰化師範大學財務金融技術學系(通過); 逢甲大學財務金融學系(通過)
CAND_1056,115,nkust_bank,國立高雄科技大學,金融系,國立高雄科技大學 金融系,64090535,周*,備取,—,—,未分發或放棄,5,國立高雄科技大學金融系(通過); 國立雲林科技大學工業工程與管理系(通過); 國立高雄科技大學工業工程與管理系(通過); 國立高雄科技大學財務管理系(通過); 國立臺北商業大學財政稅務系(臺北校區)(通過)
CAND_1057,115,nkust_bank,國立高雄科技大學,金融系,國立高雄科技大學 金融系,65090365,游*臻,備取,—,—,未分發或放棄,2,國立高雄科技大學金融系(通過); 國立高雄科技大學工業工程與管理系(通過)
CAND_1058,115,nkust_bank,國立高雄科技大學,金融系,國立高雄科技大學 金融系,67090041,李*宇,備取,—,—,未分發或放棄,4,國立高雄科技大學金融系(通過); 國立高雄科技大學財務管理系(通過); 國立高雄科技大學金融資訊系(通過); 國立虎尾科技大學財務金融系(通過)
CAND_1059,115,nkust_bank,國立高雄科技大學,金融系,國立高雄科技大學 金融系,67090144,考生*,備取,—,—,未分發或放棄,4,國立高雄科技大學金融系(通過); 國立臺灣科技大學企業管理系(通過); 國立雲林科技大學會計系(正取); 國立高雄科技大學財務管理系(通過)
CAND_1060,115,nkust_bank,國立高雄科技大學,金融系,國立高雄科技大學 金融系,67090154,*茗,備取,國立臺北商業大學,國立臺北商業大學財務金融系(臺北校區),其他學校錄取,5,"國立高雄科技大學金融系(通過); 國立雲林科技大學財務金融系(通過); 國立雲林科技大學會計系(通過); 國立臺北商業大學財務金融系(臺北校區)(正取,分發); 國立臺北商業大學財政稅務系(臺北校區)(通過)"
CAND_1061,115,nkust_bank,國立高雄科技大學,金融系,國立高雄科技大學 金融系,67090200,李*佑,備取,—,—,未分發或放棄,4,國立高雄科技大學金融系(通過); 國立高雄科技大學金融資訊系(通過); 國立虎尾科技大學財務金融系(通過); 國立臺中科技大學財務金融系(通過)
CAND_1062,115,nkust_bank,國立高雄科技大學,金融系,國立高雄科技大學 金融系,68090137,F*展,備取,—,—,未分發或放棄,1,國立高雄科技大學金融系(通過)
CAND_1063,115,nkust_bank,國立高雄科技大學,金融系,國立高雄科技大學 金融系,68090265,黄*翔,備取,—,—,未分發或放棄,2,國立高雄科技大學金融系(通過); 國立臺北商業大學財政稅務系(臺北校區)(通過)
CAND_1064,115,nkust_bank,國立高雄科技大學,金融系,國立高雄科技大學 金融系,68090390,考生*,備取,國立臺北商業大學,國立臺北商業大學國際商務系(臺北校區),其他學校錄取,6,"國立高雄科技大學金融系(通過); 國立雲林科技大學企業管理系(通過); 國立雲林科技大學會計系(通過); 國立臺北商業大學財政稅務系(臺北校區)(通過); 國立臺北商業大學國際商務系(臺北校區)(正取,分發); 國立臺北商業大學企業管理系(臺北校區)(通過)"
CAND_1065,115,nkust_bank,國立高雄科技大學,金融系,國立高雄科技大學 金融系,68090515,陳*,備取,國立高雄科技大學,國立高雄科技大學工業工程與管理系,原校系/本校留任,3,"國立高雄科技大學金融系(通過); 國立高雄科技大學工業工程與管理系(備取,分發); 國立虎尾科技大學工業管理系(通過)"
CAND_1066,115,nkust_bank,國立高雄科技大學,金融系,國立高雄科技大學 金融系,70090441,*褀,備取,—,—,未分發或放棄,1,國立高雄科技大學金融系(通過)
CAND_1067,115,nkust_bank,國立高雄科技大學,金融系,國立高雄科技大學 金融系,70090495,張*育,備取,—,—,未分發或放棄,2,國立高雄科技大學金融系(通過); 國立高雄科技大學行銷與流通管理系(通過)
CAND_1068,115,nkust_bank,國立高雄科技大學,金融系,國立高雄科技大學 金融系,70090674,陳*姍,正取,國立雲林科技大學,國立雲林科技大學企業管理系,其他學校錄取,5,"國立高雄科技大學金融系(通過); 國立雲林科技大學企業管理系(正取,分發); 國立高雄科技大學風險管理與保險系(通過); 國立高雄科技大學財務管理系(正取); 國立臺中科技大學財務金融系(通過)"
CAND_1069,115,nkust_bank,國立高雄科技大學,金融系,國立高雄科技大學 金融系,70090677,李*瑄,備取,國立雲林科技大學,國立雲林科技大學工業工程與管理系,其他學校錄取,5,"國立高雄科技大學金融系(通過); 國立雲林科技大學工業工程與管理系(正取,分發); 國立雲林科技大學企業管理系(通過); 國立高雄科技大學工業工程與管理系(通過); 國立高雄科技大學國際企業系(通過)"
CAND_1070,115,nkust_bank,國立高雄科技大學,金融系,國立高雄科技大學 金融系,70090693,方*柔,備取,—,—,未分發或放棄,3,國立高雄科技大學金融系(通過); 國立高雄科技大學運籌管理系(通過); 國立高雄科技大學財務管理系(通過)
CAND_1071,115,nkust_bank,國立高雄科技大學,金融系,國立高雄科技大學 金融系,70090809,吳*瑄,備取,—,—,未分發或放棄,1,國立高雄科技大學金融系(通過)
CAND_1072,114,nkust_bank,國立高雄科技大學,金融系,國立高雄科技大學 金融系,66090137,*綾,正取,國立高雄科技大學,國立高雄科技大學金融系,原校系/本校留任,3,"國立高雄科技大學金融系(正取,分發); 國立高雄科技大學風險管理與保險系(正取); 國立高雄科技大學金融資訊系(正取)"
CAND_1073,114,nkust_bank,國立高雄科技大學,金融系,國立高雄科技大學 金融系,70090558,許*,正取,國立高雄科技大學,國立高雄科技大學金融系,原校系/本校留任,1,"國立高雄科技大學金融系(正取,分發)"
CAND_1074,114,nkust_bank,國立高雄科技大學,金融系,國立高雄科技大學 金融系,65090097,李*甄,正取,國立高雄科技大學,國立高雄科技大學金融系,原校系/本校留任,1,"國立高雄科技大學金融系(正取,分發)"
CAND_1075,114,nkust_bank,國立高雄科技大學,金融系,國立高雄科技大學 金融系,68090130,楊*,正取,國立雲林科技大學,國立雲林科技大學財務金融系,其他學校錄取,6,"國立高雄科技大學金融系(正取); 國立雲林科技大學企業管理系(正取); 國立雲林科技大學財務金融系(正取,分發); 國立高雄科技大學財政稅務系(正取); 國立虎尾科技大學財務金融系(正取); 國立彰化師範大學財務金融技術學系(備取)"
CAND_1076,114,nkust_bank,國立高雄科技大學,金融系,國立高雄科技大學 金融系,70090782,鄒*羽,正取,國立高雄科技大學,國立高雄科技大學金融系,原校系/本校留任,1,"國立高雄科技大學金融系(正取,分發)"
CAND_1077,114,nkust_bank,國立高雄科技大學,金融系,國立高雄科技大學 金融系,64090503,黄*晴,正取,國立高雄科技大學,國立高雄科技大學財政稅務系,原校系/本校留任,4,"國立高雄科技大學金融系(正取); 國立雲林科技大學財務金融系(正取); 國立高雄科技大學財政稅務系(正取,分發); 國立臺北商業大學財政稅務系(臺北校區)(備取)"
CAND_1078,114,nkust_bank,國立高雄科技大學,金融系,國立高雄科技大學 金融系,63090385,許*榕,正取,國立雲林科技大學,國立雲林科技大學會計系,其他學校錄取,5,"國立高雄科技大學金融系(正取); 國立雲林科技大學會計系(正取,分發); 國立高雄科技大學會計資訊系(正取); 國立高雄科技大學財政稅務系(正取); 國立虎尾科技大學財務金融系(通過)"
CAND_1079,114,nkust_bank,國立高雄科技大學,金融系,國立高雄科技大學 金融系,67090194,李*,正取,國立高雄科技大學,國立高雄科技大學金融系,原校系/本校留任,4,"國立高雄科技大學金融系(正取,分發); 國立高雄科技大學資訊管理系(正取); 國立高雄科技大學財務管理系(正取); 國立臺中科技大學財務金融系(正取)"
CAND_1080,114,nkust_bank,國立高雄科技大學,金融系,國立高雄科技大學 金融系,61090613,黄*尹,正取,國立高雄科技大學,國立高雄科技大學金融系,原校系/本校留任,2,"國立高雄科技大學金融系(正取,分發); 國立高雄科技大學財務管理系(正取)"
CAND_1081,114,nkust_bank,國立高雄科技大學,金融系,國立高雄科技大學 金融系,68090224,李*屏,正取,國立高雄科技大學,國立高雄科技大學金融系,原校系/本校留任,2,"國立高雄科技大學金融系(正取,分發); 國立高雄科技大學會計資訊系(正取)"
CAND_1082,114,nkust_bank,國立高雄科技大學,金融系,國立高雄科技大學 金融系,61091757,楊*臻,正取,—,—,未分發或放棄,4,國立高雄科技大學金融系(正取); 國立雲林科技大學企業管理系(通過); 國立高雄科技大學財務管理系(正取); 國立臺北商業大學國際商務系(臺北校區)(通過)
CAND_1083,114,nkust_bank,國立高雄科技大學,金融系,國立高雄科技大學 金融系,61091287,*甄,正取,國立高雄科技大學,國立高雄科技大學金融系,原校系/本校留任,4,"國立高雄科技大學金融系(正取,分發); 國立高雄科技大學財務管理系(正取); 國立高雄科技大學財政稅務系(通過); 國立臺中科技大學財務金融系(通過)"
CAND_1084,114,nkust_bank,國立高雄科技大學,金融系,國立高雄科技大學 金融系,60090064,徐*君,正取,國立雲林科技大學,國立雲林科技大學會計系,其他學校錄取,3,"國立高雄科技大學金融系(正取); 國立雲林科技大學會計系(正取,分發); 國立臺北商業大學財政稅務系(臺北校區)(正取)"
CAND_1085,114,nkust_bank,國立高雄科技大學,金融系,國立高雄科技大學 金融系,68090362,歐*亞,正取,國立雲林科技大學,國立雲林科技大學會計系,其他學校錄取,5,"國立高雄科技大學金融系(正取); 國立雲林科技大學會計系(正取,分發); 國立高雄科技大學財政稅務系(通過); 國立臺中科技大學財務金融系(正取); 國立臺北商業大學財政稅務系(臺北校區)(備取)"
CAND_1086,114,nkust_bank,國立高雄科技大學,金融系,國立高雄科技大學 金融系,63090049,陳*偉,正取,國立高雄科技大學,國立高雄科技大學金融系,原校系/本校留任,3,"國立高雄科技大學金融系(正取,分發); 國立高雄科技大學行銷與流通管理系(通過); 國立高雄科技大學財務管理系(正取)"
CAND_1087,114,nkust_bank,國立高雄科技大學,金融系,國立高雄科技大學 金融系,68090622,考生*,正取,國立高雄科技大學,國立高雄科技大學金融系,原校系/本校留任,3,"國立高雄科技大學金融系(正取,分發); 國立高雄科技大學金融資訊系(正取); 國立虎尾科技大學財務金融系(通過)"
CAND_1088,114,nkust_bank,國立高雄科技大學,金融系,國立高雄科技大學 金融系,64090007,黄*婕,正取,國立高雄科技大學,國立高雄科技大學金融系,原校系/本校留任,2,"國立高雄科技大學金融系(正取,分發); 國立高雄科技大學會計資訊系(通過)"
CAND_1089,114,nkust_bank,國立高雄科技大學,金融系,國立高雄科技大學 金融系,61090580,陳*,正取,國立雲林科技大學,國立雲林科技大學會計系,其他學校錄取,4,"國立高雄科技大學金融系(正取); 國立雲林科技大學會計系(備取,分發); 國立高雄科技大學財政稅務系(備取); 國立臺中科技大學財務金融系(備取)"
CAND_1090,114,nkust_bank,國立高雄科技大學,金融系,國立高雄科技大學 金融系,70090462,吳*琳,正取,國立高雄科技大學,國立高雄科技大學金融系,原校系/本校留任,2,"國立高雄科技大學金融系(正取,分發); 國立高雄科技大學財務管理系(正取)"
CAND_1091,114,nkust_bank,國立高雄科技大學,金融系,國立高雄科技大學 金融系,59090038,胡*駿,正取,國立高雄科技大學,國立高雄科技大學財務管理系,原校系/本校留任,2,"國立高雄科技大學金融系(正取); 國立高雄科技大學財務管理系(正取,分發)"
CAND_1092,114,nkust_bank,國立高雄科技大學,金融系,國立高雄科技大學 金融系,68090178,史*瑄,正取,國立高雄科技大學,國立高雄科技大學金融系,原校系/本校留任,3,"國立高雄科技大學金融系(正取,分發); 國立雲林科技大學會計系(正取); 國立虎尾科技大學財務金融系(通過)"
CAND_1093,114,nkust_bank,國立高雄科技大學,金融系,國立高雄科技大學 金融系,61091483,梁*,正取,國立雲林科技大學,國立雲林科技大學財務金融系,其他學校錄取,6,"國立高雄科技大學金融系(正取); 國立雲林科技大學企業管理系(正取); 國立雲林科技大學財務金融系(正取,分發); 國立高雄科技大學財務管理系(備取); 國立高雄科技大學財政稅務系(正取); 國立臺北商業大學國際商務系(臺北校區)(正取)"
CAND_1094,114,nkust_bank,國立高雄科技大學,金融系,國立高雄科技大學 金融系,57090829,徐*鳥,正取,國立高雄科技大學,國立高雄科技大學金融系,原校系/本校留任,2,"國立高雄科技大學金融系(正取,分發); 國立屏東科技大學工業管理系(通過)"
CAND_1095,114,nkust_bank,國立高雄科技大學,金融系,國立高雄科技大學 金融系,57090865,林*宇,正取,國立臺北商業大學,國立臺北商業大學財政稅務系(臺北校區),其他學校錄取,4,"國立高雄科技大學金融系(正取); 國立雲林科技大學企業管理系(備取); 國立雲林科技大學會計系(備取); 國立臺北商業大學財政稅務系(臺北校區)(備取,分發)"
CAND_1096,114,nkust_bank,國立高雄科技大學,金融系,國立高雄科技大學 金融系,70090901,吳*瑜,正取,國立高雄科技大學,國立高雄科技大學金融資訊系,原校系/本校留任,2,"國立高雄科技大學金融系(正取); 國立高雄科技大學金融資訊系(正取,分發)"
CAND_1097,114,nkust_bank,國立高雄科技大學,金融系,國立高雄科技大學 金融系,58090021,盧*住,正取,國立雲林科技大學,國立雲林科技大學會計系,其他學校錄取,4,"國立高雄科技大學金融系(正取); 國立雲林科技大學會計系(正取,分發); 國立雲林科技大學國際管理學士學位學程(正取); 國立高雄科技大學財政稅務系(正取)"
CAND_1098,114,nkust_bank,國立高雄科技大學,金融系,國立高雄科技大學 金融系,52090666,林*,正取,中原大學,中原大學會計學系,其他學校錄取,5,"國立高雄科技大學金融系(正取); 國立雲林科技大學工業工程與管理系(正取); 國立雲林科技大學會計系(正取); 國立臺中科技大學財政稅務系(通過); 中原大學會計學系(正取,分發)"
CAND_1099,114,nkust_bank,國立高雄科技大學,金融系,國立高雄科技大學 金融系,67090200,吳*瑜,正取,國立雲林科技大學,國立雲林科技大學企業管理系,其他學校錄取,4,"國立高雄科技大學金融系(正取); 國立雲林科技大學企業管理系(正取,分發); 國立高雄科技大學財政稅務系(通過); 國立臺北商業大學國際商務系(臺北校區)(備取)"
CAND_1100,114,nkust_bank,國立高雄科技大學,金融系,國立高雄科技大學 金融系,61090753,姚*志,正取,國立宜蘭大學,國立宜蘭大學應用經濟與管理學系,其他學校錄取,2,"國立高雄科技大學金融系(正取); 國立宜蘭大學應用經濟與管理學系(備取,分發)"
CAND_1101,114,nkust_bank,國立高雄科技大學,金融系,國立高雄科技大學 金融系,57090533,林*妮,正取,國立高雄科技大學,國立高雄科技大學金融系,原校系/本校留任,2,"國立高雄科技大學金融系(正取,分發); 國立雲林科技大學工業工程與管理系(通過)"
CAND_1102,114,nkust_bank,國立高雄科技大學,金融系,國立高雄科技大學 金融系,70091058,陳*淯,正取,國立高雄科技大學,國立高雄科技大學金融系,原校系/本校留任,1,"國立高雄科技大學金融系(正取,分發)"
CAND_1103,114,nkust_bank,國立高雄科技大學,金融系,國立高雄科技大學 金融系,56090284,徐*恩,正取,國立雲林科技大學,國立雲林科技大學企業管理系,其他學校錄取,5,"國立高雄科技大學金融系(正取); 國立雲林科技大學企業管理系(備取,分發); 國立高雄科技大學會計資訊系(正取); 國立臺北商業大學企業管理系(臺北校區)(備取); 中原大學會計學系(備取)"
CAND_1104,114,nkust_bank,國立高雄科技大學,金融系,國立高雄科技大學 金融系,61090587,徐*,正取,國立高雄科技大學,國立高雄科技大學財政稅務系,原校系/本校留任,4,"國立高雄科技大學金融系(正取); 國立高雄科技大學人力資源發展系(通過); 國立高雄科技大學財政稅務系(正取,分發); 國立臺北商業大學財政稅務系(臺北校區)(備取)"
CAND_1105,114,nkust_bank,國立高雄科技大學,金融系,國立高雄科技大學 金融系,65090066,*鉲,正取,國立高雄科技大學,國立高雄科技大學金融系,原校系/本校留任,4,"國立高雄科技大學金融系(正取,分發); 國立高雄科技大學企業管理系(通過); 國立虎尾科技大學財務金融系(通過); 國立臺中科技大學財務金融系(備取)"
CAND_1106,114,nkust_bank,國立高雄科技大學,金融系,國立高雄科技大學 金融系,61091557,何*,正取,—,—,未分發或放棄,2,國立高雄科技大學金融系(正取); 國立雲林科技大學文化資產維護系(通過)
CAND_1107,114,nkust_bank,國立高雄科技大學,金融系,國立高雄科技大學 金融系,64090307,*庭,正取,國立高雄科技大學,國立高雄科技大學金融系,原校系/本校留任,1,"國立高雄科技大學金融系(正取,分發)"
CAND_1108,114,nkust_bank,國立高雄科技大學,金融系,國立高雄科技大學 金融系,70090729,張*紜,正取,國立高雄科技大學,國立高雄科技大學金融系,原校系/本校留任,5,"國立高雄科技大學金融系(正取,分發); 國立高雄科技大學行銷與流通管理系(正取); 國立高雄科技大學財政稅務系(正取); 國立臺中科技大學會計資訊系(通過); 國立屏東大學財務金融學系(通過)"
CAND_1109,114,nkust_bank,國立高雄科技大學,金融系,國立高雄科技大學 金融系,68530040,謝*聿,正取,國立高雄科技大學,國立高雄科技大學會計資訊系,原校系/本校留任,4,"國立高雄科技大學金融系(正取); 國立高雄科技大學會計資訊系(正取,分發); 國立高雄科技大學財政稅務系(正取); 國立臺中科技大學會計資訊系(通過)"
CAND_1110,114,nkust_bank,國立高雄科技大學,金融系,國立高雄科技大學 金融系,55090310,黄*凱,正取,國立臺北商業大學,國立臺北商業大學國際商務系(臺北校區),其他學校錄取,3,"國立高雄科技大學金融系(正取); 國立臺中科技大學財務金融系(通過); 國立臺北商業大學國際商務系(臺北校區)(備取,分發)"
CAND_1111,114,nkust_bank,國立高雄科技大學,金融系,國立高雄科技大學 金融系,68090386,張*諠,正取,國立高雄科技大學,國立高雄科技大學金融系,原校系/本校留任,3,"國立高雄科技大學金融系(正取,分發); 國立雲林科技大學會計系(通過); 國立高雄科技大學運籌管理系(通過)"
CAND_1112,114,nkust_bank,國立高雄科技大學,金融系,國立高雄科技大學 金融系,61091079,翁*淇,正取,國立高雄科技大學,國立高雄科技大學金融系,原校系/本校留任,2,"國立高雄科技大學金融系(正取,分發); 國立臺中科技大學國際貿易與經營系(通過)"
CAND_1113,114,nkust_bank,國立高雄科技大學,金融系,國立高雄科技大學 金融系,52090817,郭*婷,正取,國立高雄科技大學,國立高雄科技大學金融系,原校系/本校留任,2,"國立高雄科技大學金融系(正取,分發); 國立高雄科技大學會計資訊系(通過)"
CAND_1114,114,nkust_bank,國立高雄科技大學,金融系,國立高雄科技大學 金融系,61090801,黄*妤,正取,國立雲林科技大學,國立雲林科技大學企業管理系,其他學校錄取,4,"國立高雄科技大學金融系(正取); 國立雲林科技大學企業管理系(備取,分發); 國立高雄科技大學航運管理系(通過); 國立臺中科技大學財務金融系(正取)"
CAND_1115,114,nkust_bank,國立高雄科技大學,金融系,國立高雄科技大學 金融系,57090951,徐*旋,正取,中原大學,中原大學會計學系,其他學校錄取,5,"國立高雄科技大學金融系(正取); 國立臺中科技大學財務金融系(通過); 國立臺北商業大學財政稅務系(臺北校區)(備取); 中原大學國際經營與貿易學系(通過); 中原大學會計學系(正取,分發)"
CAND_1116,114,nkust_bank,國立高雄科技大學,金融系,國立高雄科技大學 金融系,61090665,張*宏,正取,國立雲林科技大學,國立雲林科技大學財務金融系,其他學校錄取,6,"國立高雄科技大學金融系(正取); 國立雲林科技大學財務金融系(備取,分發); 國立雲林科技大學會計系(通過); 國立高雄科技大學財務管理系(備取); 國立高雄科技大學金融資訊系(正取); 國立虎尾科技大學財務金融系(正取)"
CAND_1117,114,nkust_bank,國立高雄科技大學,金融系,國立高雄科技大學 金融系,68090262,楊*蓉,正取,國立高雄科技大學,國立高雄科技大學財政稅務系,原校系/本校留任,6,"國立高雄科技大學金融系(正取); 國立高雄科技大學財政稅務系(正取,分發); 國立高雄科技大學航運管理系(通過); 國立勤益科技大學企業管理系(備取); 國立臺中科技大學財政稅務系(正取); 國立屏東大學財務金融學系(正取)"
CAND_1118,114,nkust_bank,國立高雄科技大學,金融系,國立高雄科技大學 金融系,51090044,陳*庭,正取,國立臺北商業大學,國立臺北商業大學企業管理系(臺北校區),其他學校錄取,5,"國立高雄科技大學金融系(正取); 國立雲林科技大學財務金融系(通過); 國立高雄科技大學企業管理系(通過); 國立臺中科技大學會計資訊系(通過); 國立臺北商業大學企業管理系(臺北校區)(備取,分發)"
CAND_1119,114,nkust_bank,國立高雄科技大學,金融系,國立高雄科技大學 金融系,57090269,蘇*君,正取,國立雲林科技大學,國立雲林科技大學財務金融系,其他學校錄取,5,"國立高雄科技大學金融系(正取); 國立雲林科技大學財務金融系(正取,分發); 國立雲林科技大學會計系(通過); 國立高雄科技大學智慧商務系(通過); 國立臺中科技大學會計資訊系(通過)"
CAND_1120,114,nkust_bank,國立高雄科技大學,金融系,國立高雄科技大學 金融系,61090621,李*樂,正取,國立高雄科技大學,國立高雄科技大學會計資訊系,原校系/本校留任,5,"國立高雄科技大學金融系(正取); 國立雲林科技大學企業管理系(備取); 國立高雄科技大學會計資訊系(正取,分發); 國立高雄科技大學金融資訊系(正取); 國立臺中科技大學財務金融系(備取)"
CAND_1121,114,nkust_bank,國立高雄科技大學,金融系,國立高雄科技大學 金融系,68530086,考生*,備取,國立雲林科技大學,國立雲林科技大學資訊管理系,其他學校錄取,6,"國立高雄科技大學金融系(備取); 國立雲林科技大學資訊管理系(正取,分發); 國立雲林科技大學財務金融系(備取); 國立高雄科技大學資訊管理系(正取); 國立高雄科技大學資訊管理系(正取); 國立虎尾科技大學資訊管理系(正取)"
CAND_1122,114,nkust_bank,國立高雄科技大學,金融系,國立高雄科技大學 金融系,58090009,吳*哈,備取,國立高雄科技大學,國立高雄科技大學金融系,原校系/本校留任,2,"國立高雄科技大學金融系(備取,分發); 逢甲大學財稅學系(通過)"
CAND_1123,114,nkust_bank,國立高雄科技大學,金融系,國立高雄科技大學 金融系,65090025,黄*,備取,國立高雄科技大學,國立高雄科技大學金融系,原校系/本校留任,4,"國立高雄科技大學金融系(備取,分發); 國立高雄科技大學會計資訊系(正取); 國立臺中科技大學會計資訊系(備取); 逢甲大學會計學系(通過)"
CAND_1124,114,nkust_bank,國立高雄科技大學,金融系,國立高雄科技大學 金融系,09006009,*慈,備取,國立臺中科技大學,國立臺中科技大學保險金融管理系,其他學校錄取,2,"國立高雄科技大學金融系(備取); 國立臺中科技大學保險金融管理系(正取,分發)"
CAND_1125,114,nkust_bank,國立高雄科技大學,金融系,國立高雄科技大學 金融系,61090395,葵*靜,備取,國立雲林科技大學,國立雲林科技大學企業管理系,其他學校錄取,3,"國立高雄科技大學金融系(備取); 國立雲林科技大學企業管理系(備取,分發); 國立高雄科技大學財政稅務系(正取)"
CAND_1126,114,nkust_bank,國立高雄科技大學,金融系,國立高雄科技大學 金融系,57090867,高*能,備取,國立高雄科技大學,國立高雄科技大學金融系,原校系/本校留任,3,"國立高雄科技大學金融系(備取,分發); 國立高雄科技大學財政稅務系(通過); 中原大學會計學系(通過)"
CAND_1127,114,nkust_bank,國立高雄科技大學,金融系,國立高雄科技大學 金融系,70090873,陳*容,備取,國立高雄科技大學,國立高雄科技大學金融系,原校系/本校留任,2,"國立高雄科技大學金融系(備取,分發); 國立臺中科技大學財務金融系(通過)"
CAND_1128,114,nkust_bank,國立高雄科技大學,金融系,國立高雄科技大學 金融系,70090893,*源,備取,國立高雄科技大學,國立高雄科技大學金融系,原校系/本校留任,2,"國立高雄科技大學金融系(備取,分發); 國立高雄科技大學航運管理系(通過)"
CAND_1129,114,nkust_bank,國立高雄科技大學,金融系,國立高雄科技大學 金融系,52090002,*永,備取,國立臺北護理健康大學,國立臺北護理健康大學生死與健康心理諮商系,其他學校錄取,3,"國立高雄科技大學金融系(備取); 國立雲林科技大學企業管理系(通過); 國立臺北護理健康大學生死與健康心理諮商系(正取,分發)"
CAND_1130,114,nkust_bank,國立高雄科技大學,金融系,國立高雄科技大學 金融系,57090262,葉*恩,備取,國立高雄科技大學,國立高雄科技大學金融資訊系,原校系/本校留任,4,"國立高雄科技大學金融系(備取); 國立高雄科技大學會計資訊系(正取); 國立高雄科技大學金融資訊系(正取,分發); 國立臺中科技大學財務金融系(備取)"
CAND_1131,114,nkust_bank,國立高雄科技大學,金融系,國立高雄科技大學 金融系,64090419,張*,備取,國立高雄科技大學,國立高雄科技大學金融系,原校系/本校留任,3,"國立高雄科技大學金融系(備取,分發); 國立高雄科技大學財政稅務系(正取); 國立臺中科技大學財政稅務系(正取)"
CAND_1132,114,nkust_bank,國立高雄科技大學,金融系,國立高雄科技大學 金融系,57090166,魏*,備取,國立高雄科技大學,國立高雄科技大學金融系,原校系/本校留任,3,"國立高雄科技大學金融系(備取,分發); 國立高雄科技大學財政稅務系(備取); 國立臺中科技大學保險金融管理系(通過)"
CAND_1133,114,nkust_bank,國立高雄科技大學,金融系,國立高雄科技大學 金融系,70090662,郭*伶,備取,國立高雄科技大學,國立高雄科技大學金融系,原校系/本校留任,3,"國立高雄科技大學金融系(備取,分發); 國立雲林科技大學工業工程與管理系(備取); 國立高雄科技大學金融資訊系(通過)"
CAND_1134,114,nkust_bank,國立高雄科技大學,金融系,國立高雄科技大學 金融系,68090266,林*融,備取,國立高雄科技大學,國立高雄科技大學金融系,原校系/本校留任,2,"國立高雄科技大學金融系(備取,分發); 國立高雄科技大學財務管理系(備取)"
CAND_1135,114,nkust_bank,國立高雄科技大學,金融系,國立高雄科技大學 金融系,61090891,陳*彗,備取,國立臺中科技大學,國立臺中科技大學保險金融管理系,其他學校錄取,4,"國立高雄科技大學金融系(備取); 國立高雄科技大學航運管理系(正取); 國立勤益科技大學企業管理系(通過); 國立臺中科技大學保險金融管理系(正取,分發)"
CAND_1136,114,nkust_bank,國立高雄科技大學,金融系,國立高雄科技大學 金融系,68530010,郭*,備取,國立臺中科技大學,國立臺中科技大學國際貿易與經營系,其他學校錄取,6,"國立高雄科技大學金融系(備取); 國立高雄科技大學資訊管理系(備取); 國立高雄科技大學行銷與流通管理系(正取); 國立虎尾科技大學資訊管理系(通過); 國立臺中科技大學國際貿易與經營系(正取,分發); 國立屏東大學國際經營與貿易學系(正取)"
CAND_1137,114,nkust_bank,國立高雄科技大學,金融系,國立高雄科技大學 金融系,68530055,*妏,備取,國立高雄科技大學,國立高雄科技大學金融系,原校系/本校留任,4,"國立高雄科技大學金融系(備取,分發); 國立高雄科技大學財政稅務系(正取); 國立虎尾科技大學財務金融系(通過); 國立臺中科技大學財政稅務系(正取)"
CAND_1138,114,nkust_bank,國立高雄科技大學,金融系,國立高雄科技大學 金融系,68530050,江*君,備取,國立高雄科技大學,國立高雄科技大學國際企業系,原校系/本校留任,6,"國立高雄科技大學金融系(備取); 國立高雄科技大學國際企業系(正取,分發); 國立高雄科技大學航運管理系(正取); 國立虎尾科技大學資訊管理系(通過); 國立虎尾科技大學財務金融系(通過); 國立臺中科技大學國際貿易與經營系(通過)"
CAND_1139,114,nkust_bank,國立高雄科技大學,金融系,國立高雄科技大學 金融系,58090089,林*妤,備取,國立臺北商業大學,國立臺北商業大學財政稅務系(臺北校區),其他學校錄取,2,"國立高雄科技大學金融系(備取); 國立臺北商業大學財政稅務系(臺北校區)(備取,分發)"
CAND_1140,114,nkust_bank,國立高雄科技大學,金融系,國立高雄科技大學 金融系,65090087,謝*芳,備取,國立高雄科技大學,國立高雄科技大學金融系,原校系/本校留任,2,"國立高雄科技大學金融系(備取,分發); 國立高雄科技大學行銷與流通管理系(正取)"
CAND_1141,114,nkust_bank,國立高雄科技大學,金融系,國立高雄科技大學 金融系,66090189,葵*瑜,備取,國立高雄科技大學,國立高雄科技大學金融系,原校系/本校留任,3,"國立高雄科技大學金融系(備取,分發); 國立雲林科技大學會計系(備取); 國立高雄科技大學會計資訊系(正取)"
CAND_1142,114,nkust_bank,國立高雄科技大學,金融系,國立高雄科技大學 金融系,61091003,*臻,備取,國立雲林科技大學,國立雲林科技大學企業管理系,其他學校錄取,4,"國立高雄科技大學金融系(備取); 國立雲林科技大學企業管理系(備取,分發); 國立高雄科技大學金融資訊系(通過); 國立臺中科技大學財務金融系(正取)"
CAND_1143,114,nkust_bank,國立高雄科技大學,金融系,國立高雄科技大學 金融系,58090121,蘇*褀,備取,—,—,未分發或放棄,3,國立高雄科技大學金融系(備取); 國立高雄科技大學財政稅務系(正取); 國立臺中科技大學財政稅務系(通過)
CAND_1144,114,nkust_bank,國立高雄科技大學,金融系,國立高雄科技大學 金融系,61090849,*女,備取,國立雲林科技大學,國立雲林科技大學企業管理系,其他學校錄取,4,"國立高雄科技大學金融系(備取); 國立雲林科技大學企業管理系(備取,分發); 國立高雄科技大學財政稅務系(備取); 國立臺北商業大學國際商務系(臺北校區)(備取)"
CAND_1145,114,nkust_bank,國立高雄科技大學,金融系,國立高雄科技大學 金融系,64090356,温*永,備取,國立高雄科技大學,國立高雄科技大學金融系,原校系/本校留任,2,"國立高雄科技大學金融系(備取,分發); 國立高雄科技大學行銷與流通管理系(正取)"
CAND_1146,114,nkust_bank,國立高雄科技大學,金融系,國立高雄科技大學 金融系,70090857,鄭*晴,備取,國立高雄科技大學,國立高雄科技大學金融系,原校系/本校留任,3,"國立高雄科技大學金融系(備取,分發); 國立雲林科技大學文化資產維護系(正取); 國立高雄科技大學財政稅務系(正取)"
CAND_1147,114,nkust_bank,國立高雄科技大學,金融系,國立高雄科技大學 金融系,54090021,李*,備取,—,—,未分發或放棄,3,國立高雄科技大學金融系(備取); 國立高雄科技大學財務管理系(備取); 中原大學國際經營與貿易學系(通過)
CAND_1148,114,nkust_bank,國立高雄科技大學,金融系,國立高雄科技大學 金融系,65090090,游*欣,備取,國立高雄科技大學,國立高雄科技大學金融系,原校系/本校留任,4,"國立高雄科技大學金融系(備取,分發); 國立高雄科技大學行銷與流通管理系(通過); 國立虎尾科技大學財務金融系(通過); 國立臺中科技大學財務金融系(通過)"
CAND_1149,114,nkust_bank,國立高雄科技大學,金融系,國立高雄科技大學 金融系,64090292,吳*彦,備取,國立高雄科技大學,國立高雄科技大學金融系,原校系/本校留任,3,"國立高雄科技大學金融系(備取,分發); 國立雲林科技大學工業工程與管理系(通過); 國立高雄科技大學金融資訊系(通過)"
CAND_1150,114,nkust_bank,國立高雄科技大學,金融系,國立高雄科技大學 金融系,70090273,許*,備取,國立高雄科技大學,國立高雄科技大學金融系,原校系/本校留任,3,"國立高雄科技大學金融系(備取,分發); 國立高雄科技大學供應鏈管理系(通過); 國立臺中科技大學財政稅務系(通過)"
CAND_1151,114,nkust_bank,國立高雄科技大學,金融系,國立高雄科技大學 金融系,68090346,朱*誼,備取,國立高雄科技大學,國立高雄科技大學行銷與流通管理系,原校系/本校留任,6,"國立高雄科技大學金融系(備取); 國立高雄科技大學行銷與流通管理系(備取,分發); 國立高雄科技大學財政稅務系(備取); 國立虎尾科技大學工業管理系(通過); 國立臺中科技大學財政稅務系(通過); 南臺科技大學行銷與流通管理系(通過)"
CAND_1152,114,nkust_bank,國立高雄科技大學,金融系,國立高雄科技大學 金融系,70090721,林*,備取,國立高雄科技大學,國立高雄科技大學金融系,原校系/本校留任,4,"國立高雄科技大學金融系(備取,分發); 國立高雄科技大學資訊管理系(備取); 國立高雄科技大學財政稅務系(正取); 國立臺中科技大學會計資訊系(通過)"
CAND_1153,114,nkust_bank,國立高雄科技大學,金融系,國立高雄科技大學 金融系,61090260,陳*燕,備取,國立高雄科技大學,國立高雄科技大學航運管理系,原校系/本校留任,4,"國立高雄科技大學金融系(備取); 國立高雄科技大學財政稅務系(通過); 國立高雄科技大學航運管理系(正取,分發); 國立臺中科技大學財政稅務系(通過)"
CAND_1154,114,nkust_bank,國立高雄科技大學,金融系,國立高雄科技大學 金融系,70090637,陳*哲,備取,國立高雄科技大學,國立高雄科技大學金融系,原校系/本校留任,6,"國立高雄科技大學金融系(備取,分發); 國立高雄科技大學會計資訊系(通過); 國立高雄科技大學財政稅務系(正取); 國立虎尾科技大學財務金融系(通過); 國立臺中科技大學會計資訊系(通過); 國立臺北商業大學財政稅務系(臺北校區)(備取)"
CAND_1155,114,nkust_bank,國立高雄科技大學,金融系,國立高雄科技大學 金融系,58090304,林*邦,備取,國立高雄科技大學,國立高雄科技大學金融系,原校系/本校留任,3,"國立高雄科技大學金融系(備取,分發); 國立高雄科技大學資訊管理系(通過); 國立臺中科技大學財務金融系(通過)"
CAND_1156,114,nkust_bank,國立高雄科技大學,金融系,國立高雄科技大學 金融系,68090722,張*宇,備取,國立高雄科技大學,國立高雄科技大學金融系,原校系/本校留任,2,"國立高雄科技大學金融系(備取,分發); 國立高雄科技大學金融資訊系(通過)"
CAND_1157,114,nkust_bank,國立高雄科技大學,金融系,國立高雄科技大學 金融系,58090393,*穎,備取,—,—,未分發或放棄,5,國立高雄科技大學金融系(備取); 國立雲林科技大學工業工程與管理系(備取); 國立高雄科技大學金融資訊系(通過); 國立臺中科技大學財務金融系(通過); 國立臺北商業大學企業管理系(臺北校區)(備取)
CAND_1158,114,nkust_bank,國立高雄科技大學,金融系,國立高雄科技大學 金融系,61090931,蘇*淯,備取,國立高雄科技大學,國立高雄科技大學航運管理系,原校系/本校留任,4,"國立高雄科技大學金融系(備取); 國立高雄科技大學航運管理系(備取,分發); 逢甲大學國際經營與貿易學系(通過); 逢甲大學經濟學系(備取)"
CAND_1159,114,nkust_bank,國立高雄科技大學,金融系,國立高雄科技大學 金融系,58090365,*么,備取,國立雲林科技大學,國立雲林科技大學企業管理系,其他學校錄取,2,"國立高雄科技大學金融系(備取); 國立雲林科技大學企業管理系(備取,分發)"
CAND_1160,114,nkust_bank,國立高雄科技大學,金融系,國立高雄科技大學 金融系,64090191,*鈞,備取,國立高雄科技大學,國立高雄科技大學金融系,原校系/本校留任,5,"國立高雄科技大學金融系(備取,分發); 國立高雄科技大學國際企業系(通過); 國立高雄科技大學財政稅務系(通過); 國立臺中科技大學財政稅務系(通過); 逢甲大學財稅學系(通過)"
CAND_1161,114,nkust_bank,國立高雄科技大學,金融系,國立高雄科技大學 金融系,75090085,陳*新,備取,國立高雄科技大學,國立高雄科技大學金融系,原校系/本校留任,6,"國立高雄科技大學金融系(備取,分發); 國立高雄科技大學風險管理與保險系(通過); 國立高雄科技大學財務管理系(備取); 國立臺中科技大學財務金融系(通過); 國立屏東大學企業管理學系(通過); 國立屏東大學財務金融學系(通過)"
CAND_1162,114,nkust_bank,國立高雄科技大學,金融系,國立高雄科技大學 金融系,75090108,*元,備取,國立高雄科技大學,國立高雄科技大學金融系,原校系/本校留任,4,"國立高雄科技大學金融系(備取,分發); 國立屏東科技大學資訊管理系(通過); 國立勤益科技大學資訊管理系(通過); 國立臺中科技大學國際貿易與經營系(通過)"
CAND_1163,114,nkust_bank,國立高雄科技大學,金融系,國立高雄科技大學 金融系,56090252,簡*銘,備取,國立高雄科技大學,國立高雄科技大學金融系,原校系/本校留任,5,"國立高雄科技大學金融系(備取,分發); 國立雲林科技大學工業工程與管理系(備取); 國立虎尾科技大學工業管理系(通過); 國立臺中科技大學財務金融系(備取); 朝陽科技大學財務金融系(正取)"
CAND_1164,114,nkust_bank,國立高雄科技大學,金融系,國立高雄科技大學 金融系,64090459,謝*均,備取,國立雲林科技大學,國立雲林科技大學工業工程與管理系,其他學校錄取,6,"國立高雄科技大學金融系(備取); 國立雲林科技大學工業工程與管理系(備取,分發); 國立雲林科技大學企業管理系(正取); 國立高雄科技大學工業工程與管理系(正取); 國立高雄科技大學會計資訊系(通過); 中原大學會計學系(通過)"
CAND_1165,114,nkust_bank,國立高雄科技大學,金融系,國立高雄科技大學 金融系,68530003,郭*倚,備取,國立高雄科技大學,國立高雄科技大學金融系,原校系/本校留任,6,"國立高雄科技大學金融系(備取,分發); 國立高雄科技大學國際企業系(正取); 國立高雄科技大學財務管理系(備取); 國立虎尾科技大學財務金融系(通過); 國立虎尾科技大學應用外語系(通過); 國立臺中科技大學國際貿易與經營系(通過)"
CAND_1166,114,nkust_bank,國立高雄科技大學,金融系,國立高雄科技大學 金融系,68090306,邱*能,備取,國立高雄科技大學,國立高雄科技大學金融系,原校系/本校留任,2,"國立高雄科技大學金融系(備取,分發); 國立雲林科技大學工業工程與管理系(備取)"
CAND_1167,114,nkust_bank,國立高雄科技大學,金融系,國立高雄科技大學 金融系,52090570,魏*,備取,中原大學,中原大學會計學系,其他學校錄取,4,"國立高雄科技大學金融系(通過); 中原大學國際經營與貿易學系(通過); 中原大學會計學系(備取,分發); 實踐大學財務金融學系(臺北校區)(通過)"
CAND_1168,114,nkust_bank,國立高雄科技大學,金融系,國立高雄科技大學 金融系,54090081,徐*,備取,—,—,未分發或放棄,2,國立高雄科技大學金融系(通過); 國立臺中科技大學財政稅務系(通過)
CAND_1169,114,nkust_bank,國立高雄科技大學,金融系,國立高雄科技大學 金融系,55090305,李*慈,備取,—,—,未分發或放棄,4,國立高雄科技大學金融系(通過); 國立高雄科技大學財務管理系(通過); 國立高雄科技大學金融資訊系(通過); 國立臺中科技大學財政稅務系(通過)
CAND_1170,114,nkust_bank,國立高雄科技大學,金融系,國立高雄科技大學 金融系,55090373,陳*,備取,—,—,未分發或放棄,6,國立高雄科技大學金融系(通過); 國立臺灣科技大學企業管理系(通過); 國立臺北科技大學經營管理系(通過); 國立臺北科技大學資訊與財金管理系(通過); 國立高雄科技大學財務管理系(通過); 國立臺北商業大學會計資訊系(臺北校區)(通過)
CAND_1171,114,nkust_bank,國立高雄科技大學,金融系,國立高雄科技大學 金融系,56090412,黄*,備取,逢甲大學,逢甲大學經濟學系,其他學校錄取,2,"國立高雄科技大學金融系(通過); 逢甲大學經濟學系(備取,分發)"
CAND_1172,114,nkust_bank,國立高雄科技大學,金融系,國立高雄科技大學 金融系,56090440,楊*翔,備取,國立臺中科技大學,國立臺中科技大學財務金融系,其他學校錄取,2,"國立高雄科技大學金融系(通過); 國立臺中科技大學財務金融系(備取,分發)"
CAND_1173,114,nkust_bank,國立高雄科技大學,金融系,國立高雄科技大學 金融系,57090134,范*慈,備取,國立臺北商業大學,國立臺北商業大學財務金融系(臺北校區),其他學校錄取,5,"國立高雄科技大學金融系(通過); 國立臺北科技大學經營管理系(備取); 國立高雄科技大學財政稅務系(通過); 國立臺北商業大學財務金融系(臺北校區)(正取,分發); 國立彰化師範大學財務金融技術學系(備取)"
CAND_1174,114,nkust_bank,國立高雄科技大學,金融系,國立高雄科技大學 金融系,57090189,考生*,備取,國立臺北商業大學,國立臺北商業大學企業管理系(臺北校區),其他學校錄取,6,"國立高雄科技大學金融系(通過); 國立雲林科技大學工業工程與管理系(通過); 國立雲林科技大學資訊管理系(備取); 國立高雄科技大學金融資訊系(通過); 國立臺中科技大學財務金融系(正取); 國立臺北商業大學企業管理系(臺北校區)(正取,分發)"
CAND_1175,114,nkust_bank,國立高雄科技大學,金融系,國立高雄科技大學 金融系,57090442,謝*倪,備取,國立臺北商業大學,國立臺北商業大學財政稅務系(臺北校區),其他學校錄取,4,"國立高雄科技大學金融系(通過); 國立雲林科技大學會計系(通過); 國立臺北商業大學財政稅務系(臺北校區)(正取,分發); 中原大學會計學系(通過)"
CAND_1176,114,nkust_bank,國立高雄科技大學,金融系,國立高雄科技大學 金融系,57090474,葉*,備取,—,—,未分發或放棄,2,國立高雄科技大學金融系(通過); 國立臺中科技大學財務金融系(通過)
CAND_1177,114,nkust_bank,國立高雄科技大學,金融系,國立高雄科技大學 金融系,57090794,黄*哲,備取,—,—,未分發或放棄,4,國立高雄科技大學金融系(通過); 國立高雄科技大學財政稅務系(通過); 國立臺中科技大學會計資訊系(通過); 國立臺北商業大學財政稅務系(臺北校區)(通過)
CAND_1178,114,nkust_bank,國立高雄科技大學,金融系,國立高雄科技大學 金融系,57090981,*盛,備取,—,—,未分發或放棄,5,國立高雄科技大學金融系(通過); 國立高雄科技大學工業工程與管理系(通過); 國立高雄科技大學資訊管理系(通過); 國立勤益科技大學工業工程與管理系(通過); 國立臺中科技大學資訊管理系(通過)
CAND_1179,114,nkust_bank,國立高雄科技大學,金融系,國立高雄科技大學 金融系,59090365,A*盲,備取,國立高雄科技大學,國立高雄科技大學財務管理系,原校系/本校留任,5,"國立高雄科技大學金融系(通過); 國立雲林科技大學財務金融系(通過); 國立雲林科技大學會計系(備取); 國立高雄科技大學財務管理系(備取,分發); 國立臺北商業大學會計資訊系(臺北校區)(通過)"
CAND_1180,114,nkust_bank,國立高雄科技大學,金融系,國立高雄科技大學 金融系,61090419,何*,備取,—,—,未分發或放棄,3,國立高雄科技大學金融系(通過); 國立高雄科技大學行銷與流通管理系(通過); 國立臺中科技大學應用英語系(通過)
CAND_1181,114,nkust_bank,國立高雄科技大學,金融系,國立高雄科技大學 金融系,61090471,*妤,備取,—,—,未分發或放棄,1,國立高雄科技大學金融系(通過)
CAND_1182,114,nkust_bank,國立高雄科技大學,金融系,國立高雄科技大學 金融系,61090473,黄*筑,備取,國立雲林科技大學,國立雲林科技大學企業管理系,其他學校錄取,3,"國立高雄科技大學金融系(通過); 國立雲林科技大學企業管理系(備取,分發); 國立臺中科技大學財務金融系(正取)"
CAND_1183,114,nkust_bank,國立高雄科技大學,金融系,國立高雄科技大學 金融系,61090535,林*樂,備取,—,—,未分發或放棄,5,國立高雄科技大學金融系(通過); 國立雲林科技大學財務金融系(正取); 國立雲林科技大學會計系(通過); 國立臺北科技大學經營管理系(正取); 國立臺北商業大學財政稅務系(臺北校區)(正取)
CAND_1184,114,nkust_bank,國立高雄科技大學,金融系,國立高雄科技大學 金融系,61090807,賴*鍇,備取,—,—,未分發或放棄,4,國立高雄科技大學金融系(通過); 國立高雄科技大學風險管理與保險系(通過); 國立高雄科技大學財務管理系(通過); 國立臺中科技大學財務金融系(通過)
CAND_1185,114,nkust_bank,國立高雄科技大學,金融系,國立高雄科技大學 金融系,61090979,吳*,備取,國立臺北商業大學,國立臺北商業大學財政稅務系(臺北校區),其他學校錄取,2,"國立高雄科技大學金融系(通過); 國立臺北商業大學財政稅務系(臺北校區)(正取,分發)"
CAND_1186,114,nkust_bank,國立高雄科技大學,金融系,國立高雄科技大學 金融系,61091031,游*諺,備取,—,—,未分發或放棄,5,國立高雄科技大學金融系(通過); 國立雲林科技大學財務金融系(通過); 國立雲林科技大學會計系(通過); 國立虎尾科技大學財務金融系(通過); 國立臺中科技大學財務金融系(通過)
CAND_1187,114,nkust_bank,國立高雄科技大學,金融系,國立高雄科技大學 金融系,61091243,*佩,備取,國立臺北商業大學,國立臺北商業大學企業管理系(臺北校區),其他學校錄取,3,"國立高雄科技大學金融系(通過); 國立雲林科技大學工業工程與管理系(備取); 國立臺北商業大學企業管理系(臺北校區)(備取,分發)"
CAND_1188,114,nkust_bank,國立高雄科技大學,金融系,國立高雄科技大學 金融系,61091321,陳*潁,備取,—,—,未分發或放棄,2,國立高雄科技大學金融系(通過); 國立高雄科技大學應用德語系(通過)
CAND_1189,114,nkust_bank,國立高雄科技大學,金融系,國立高雄科技大學 金融系,61091545,黄*,備取,國立臺中科技大學,國立臺中科技大學國際貿易與經營系,其他學校錄取,2,"國立高雄科技大學金融系(通過); 國立臺中科技大學國際貿易與經營系(正取,分發)"
CAND_1190,114,nkust_bank,國立高雄科技大學,金融系,國立高雄科技大學 金融系,61091653,翁*,正取,—,—,未分發或放棄,4,國立高雄科技大學金融系(通過); 國立高雄科技大學財務管理系(正取); 國立臺中科技大學財務金融系(通過); 國立彰化師範大學財務金融技術學系(正取)
CAND_1191,114,nkust_bank,國立高雄科技大學,金融系,國立高雄科技大學 金融系,64090036,胡*瑄,備取,國立雲林科技大學,國立雲林科技大學財務金融系,其他學校錄取,5,"國立高雄科技大學金融系(通過); 國立雲林科技大學財務金融系(正取,分發); 國立雲林科技大學會計系(通過); 國立臺中科技大學財務金融系(通過); 國立彰化師範大學財務金融技術學系(備取)"
CAND_1192,114,nkust_bank,國立高雄科技大學,金融系,國立高雄科技大學 金融系,64090063,柯*愷,備取,—,—,未分發或放棄,5,國立高雄科技大學金融系(通過); 國立高雄科技大學會計資訊系(通過); 國立高雄科技大學財政稅務系(通過); 國立臺中科技大學會計資訊系(通過); 逢甲大學會計學系(通過)
CAND_1193,114,nkust_bank,國立高雄科技大學,金融系,國立高雄科技大學 金融系,64090187,陳*均,備取,國立雲林科技大學,國立雲林科技大學會計系,其他學校錄取,6,"國立高雄科技大學金融系(通過); 國立雲林科技大學財務金融系(備取); 國立雲林科技大學會計系(備取,分發); 國立高雄科技大學會計資訊系(通過); 國立高雄科技大學金融資訊系(通過); 國立臺中科技大學財務金融系(通過)"
CAND_1194,114,nkust_bank,國立高雄科技大學,金融系,國立高雄科技大學 金融系,64090272,林*群,備取,國立高雄科技大學,國立高雄科技大學智慧商務系,原校系/本校留任,6,"國立高雄科技大學金融系(通過); 國立高雄科技大學運籌管理系(通過); 國立高雄科技大學智慧商務系(正取,分發); 國立臺北護理健康大學資訊管理系(通過); 國立臺北護理健康大學生死與健康心理諮商系(通過); 國立臺中科技大學財務金融系(通過)"
CAND_1195,114,nkust_bank,國立高雄科技大學,金融系,國立高雄科技大學 金融系,64090306,黄*祐,備取,—,—,未分發或放棄,2,國立高雄科技大學金融系(通過); 國立雲林科技大學會計系(通過)
CAND_1196,114,nkust_bank,國立高雄科技大學,金融系,國立高雄科技大學 金融系,64090374,柯*岑,備取,—,—,未分發或放棄,3,國立高雄科技大學金融系(通過); 國立臺中科技大學會計資訊系(通過); 國立臺北商業大學會計資訊系(臺北校區)(備取)
CAND_1197,114,nkust_bank,國立高雄科技大學,金融系,國立高雄科技大學 金融系,64090538,*頡,備取,—,—,未分發或放棄,1,國立高雄科技大學金融系(通過)
CAND_1198,114,nkust_bank,國立高雄科技大學,金融系,國立高雄科技大學 金融系,65090114,陳*諭,備取,國立高雄科技大學,國立高雄科技大學財務管理系,原校系/本校留任,3,"國立高雄科技大學金融系(通過); 國立高雄科技大學財務管理系(備取,分發); 國立臺北商業大學企業管理系(臺北校區)(通過)"
CAND_1199,114,nkust_bank,國立高雄科技大學,金融系,國立高雄科技大學 金融系,65090138,黄*尹,備取,國立雲林科技大學,國立雲林科技大學財務金融系,其他學校錄取,4,"國立高雄科技大學金融系(通過); 國立雲林科技大學財務金融系(正取,分發); 國立高雄科技大學財務管理系(通過); 國立臺北商業大學企業管理系(臺北校區)(備取)"
CAND_1200,114,nkust_bank,國立高雄科技大學,金融系,國立高雄科技大學 金融系,65090309,賴*垠,備取,國立臺中科技大學,國立臺中科技大學會計資訊系,其他學校錄取,5,"國立高雄科技大學金融系(通過); 國立虎尾科技大學企業管理系(通過); 國立臺中科技大學會計資訊系(正取,分發); 國立聯合大學經營管理學系(通過); 逢甲大學會計學系(通過)"
CAND_1201,114,nkust_bank,國立高雄科技大學,金融系,國立高雄科技大學 金融系,67090222,葵*鉲,備取,—,—,未分發或放棄,2,國立高雄科技大學金融系(通過); 國立高雄科技大學財務管理系(通過)
CAND_1202,114,nkust_bank,國立高雄科技大學,金融系,國立高雄科技大學 金融系,67090247,鄭*依,備取,—,—,未分發或放棄,3,國立高雄科技大學金融系(通過); 國立高雄科技大學金融資訊系(通過); 國立臺中科技大學財務金融系(通過)
CAND_1203,114,nkust_bank,國立高雄科技大學,金融系,國立高雄科技大學 金融系,67090275,翁*佑,備取,—,—,未分發或放棄,2,國立高雄科技大學金融系(通過); 逢甲大學工業工程與系統管理學系(通過)
CAND_1204,114,nkust_bank,國立高雄科技大學,金融系,國立高雄科技大學 金融系,68090122,李*榛,備取,國立雲林科技大學,國立雲林科技大學財務金融系,其他學校錄取,5,"國立高雄科技大學金融系(通過); 國立雲林科技大學企業管理系(通過); 國立雲林科技大學財務金融系(正取,分發); 國立臺北科技大學經營管理系(通過); 國立臺北商業大學財政稅務系(臺北校區)(正取)"
CAND_1205,114,nkust_bank,國立高雄科技大學,金融系,國立高雄科技大學 金融系,68090134,鄒*琦,備取,國立臺中科技大學,國立臺中科技大學財務金融系,其他學校錄取,4,"國立高雄科技大學金融系(通過); 國立高雄科技大學財政稅務系(通過); 國立虎尾科技大學財務金融系(正取); 國立臺中科技大學財務金融系(正取,分發)"
CAND_1206,114,nkust_bank,國立高雄科技大學,金融系,國立高雄科技大學 金融系,68090378,何*乘,備取,—,—,未分發或放棄,3,國立高雄科技大學金融系(通過); 國立高雄科技大學會計資訊系(通過); 國立臺中科技大學財務金融系(通過)
CAND_1207,114,nkust_bank,國立高雄科技大學,金融系,國立高雄科技大學 金融系,68090393,胡*,備取,國立雲林科技大學,國立雲林科技大學文化資產維護系,其他學校錄取,4,"國立高雄科技大學金融系(通過); 國立雲林科技大學文化資產維護系(正取,分發); 國立臺北商業大學數位多媒體設計系(桃園校區)(通過); 中原大學會計學系(通過)"
CAND_1208,114,nkust_bank,國立高雄科技大學,金融系,國立高雄科技大學 金融系,68090486,陳*恩,備取,國立雲林科技大學,國立雲林科技大學會計系,其他學校錄取,5,"國立高雄科技大學金融系(通過); 國立雲林科技大學工業工程與管理系(正取); 國立雲林科技大學會計系(正取,分發); 國立臺北科技大學經營管理系(通過); 國立高雄科技大學會計資訊系(通過)"
CAND_1209,114,nkust_bank,國立高雄科技大學,金融系,國立高雄科技大學 金融系,68090686,黄*,備取,—,—,未分發或放棄,2,國立高雄科技大學金融系(通過); 國立雲林科技大學會計系(通過)
CAND_1210,114,nkust_bank,國立高雄科技大學,金融系,國立高雄科技大學 金融系,68530074,謝*葳,備取,國立雲林科技大學,國立雲林科技大學資訊管理系,其他學校錄取,6,"國立高雄科技大學金融系(通過); 國立雲林科技大學工業工程與管理系(正取); 國立雲林科技大學資訊管理系(正取,分發); 國立高雄科技大學資訊管理系(正取); 國立高雄科技大學運籌管理系(通過); 國立虎尾科技大學資訊管理系(通過)"
CAND_1211,114,nkust_bank,國立高雄科技大學,金融系,國立高雄科技大學 金融系,69090012,陳*慈,備取,—,—,未分發或放棄,1,國立高雄科技大學金融系(通過)
CAND_1212,114,nkust_bank,國立高雄科技大學,金融系,國立高雄科技大學 金融系,70090131,林*哈,備取,國立臺中科技大學,國立臺中科技大學財務金融系,其他學校錄取,2,"國立高雄科技大學金融系(通過); 國立臺中科技大學財務金融系(正取,分發)"
CAND_1213,114,nkust_bank,國立高雄科技大學,金融系,國立高雄科技大學 金融系,70090155,蘇*,備取,—,—,未分發或放棄,1,國立高雄科技大學金融系(通過)
CAND_1214,114,nkust_bank,國立高雄科技大學,金融系,國立高雄科技大學 金融系,70090378,吳*,備取,—,—,未分發或放棄,6,國立高雄科技大學金融系(通過); 國立高雄科技大學會計資訊系(通過); 國立虎尾科技大學財務金融系(通過); 國立臺中科技大學會計資訊系(通過); 國立屏東大學財務金融學系(通過); 國立屏東大學會計學系(通過)
CAND_1215,114,nkust_bank,國立高雄科技大學,金融系,國立高雄科技大學 金融系,70090506,陳*伶,備取,—,—,未分發或放棄,2,國立高雄科技大學金融系(通過); 國立雲林科技大學會計系(通過)
CAND_1216,114,nkust_bank,國立高雄科技大學,金融系,國立高雄科技大學 金融系,70090513,程*瀚,備取,—,—,未分發或放棄,1,國立高雄科技大學金融系(通過)
CAND_1217,114,nkust_bank,國立高雄科技大學,金融系,國立高雄科技大學 金融系,70090789,黄*,備取,—,—,未分發或放棄,2,國立高雄科技大學金融系(通過); 國立高雄科技大學國際企業系(通過)
CAND_1218,114,nkust_bank,國立高雄科技大學,金融系,國立高雄科技大學 金融系,70090830,顏*燁,備取,—,—,未分發或放棄,4,國立高雄科技大學金融系(通過); 國立雲林科技大學財務金融系(通過); 國立高雄科技大學財務管理系(通過); 國立彰化師範大學財務金融技術學系(通過)
CAND_1219,114,nkust_bank,國立高雄科技大學,金融系,國立高雄科技大學 金融系,70090994,陳*驊,備取,國立彰化師範大學,國立彰化師範大學財務金融技術學系,其他學校錄取,4,"國立高雄科技大學金融系(通過); 國立雲林科技大學會計系(備取); 國立臺北商業大學會計資訊系(臺北校區)(備取); 國立彰化師範大學財務金融技術學系(備取,分發)"
CAND_1220,114,nkust_bank,國立高雄科技大學,金融系,國立高雄科技大學 金融系,74530015,陳*妤,備取,國立高雄科技大學,國立高雄科技大學國際企業系,原校系/本校留任,6,"國立高雄科技大學金融系(通過); 國立雲林科技大學企業管理系(通過); 國立高雄科技大學國際企業系(正取,分發); 國立高雄科技大學企業管理系(正取); 國立臺中科技大學企業管理系(通過); 國立臺北商業大學企業管理系(臺北校區)(正取)"
CAND_1221,114,nkust_bank,國立高雄科技大學,金融系,國立高雄科技大學 金融系,75090022,賴*語,備取,—,—,未分發或放棄,3,國立高雄科技大學金融系(通過); 國立虎尾科技大學財務金融系(通過); 國立臺中科技大學財務金融系(通過)
CAND_1222,113,nkust_bank,國立高雄科技大學,金融系,國立高雄科技大學 金融系,67090150,蘇*岑,正取,國立雲林科技大學,國立雲林科技大學財務金融系,其他學校錄取,6,"國立高雄科技大學金融系(正取); 國立雲林科技大學財務金融系(正取,分發); 國立雲林科技大學會計系(正取); 國立高雄科技大學財務管理系(通過); 國立高雄科技大學財政稅務系(通過); 國立臺中科技大學財務金融系(通過)"
CAND_1223,113,nkust_bank,國立高雄科技大學,金融系,國立高雄科技大學 金融系,61091691,黄*雅,正取,國立雲林科技大學,國立雲林科技大學財務金融系,其他學校錄取,5,"國立高雄科技大學金融系(正取); 國立雲林科技大學財務金融系(正取,分發); 國立雲林科技大學會計系(正取); 國立臺北商業大學財務金融系(臺北校區)(正取); 國立臺北商業大學財政稅務系(臺北校區)(正取)"
CAND_1224,113,nkust_bank,國立高雄科技大學,金融系,國立高雄科技大學 金融系,65090181,林*臻,正取,國立雲林科技大學,國立雲林科技大學會計系,其他學校錄取,2,"國立高雄科技大學金融系(正取); 國立雲林科技大學會計系(正取,分發)"
CAND_1225,113,nkust_bank,國立高雄科技大學,金融系,國立高雄科技大學 金融系,70090937,賴*瑄,正取,國立高雄科技大學,國立高雄科技大學財務管理系,原校系/本校留任,6,"國立高雄科技大學金融系(正取); 國立雲林科技大學財務金融系(通過); 國立高雄科技大學財務管理系(正取,分發); 國立高雄科技大學金融資訊系(通過); 國立臺中科技大學財務金融系(通過); 國立屏東大學財務金融學系(通過)"
CAND_1226,113,nkust_bank,國立高雄科技大學,金融系,國立高雄科技大學 金融系,70090553,吳*,正取,國立彰化師範大學,國立彰化師範大學財務金融技術學系,其他學校錄取,3,"國立高雄科技大學金融系(正取); 國立彰化師範大學財務金融技術學系(正取,分發); 國立臺中教育大學國際企業學系(正取)"
CAND_1227,113,nkust_bank,國立高雄科技大學,金融系,國立高雄科技大學 金融系,70090418,吳*縈,正取,國立高雄科技大學,國立高雄科技大學金融系,原校系/本校留任,3,"國立高雄科技大學金融系(正取,分發); 國立高雄科技大學國際企業系(正取); 國立臺北商業大學數位多媒體設計系(桃園校區)(通過)"
CAND_1228,113,nkust_bank,國立高雄科技大學,金融系,國立高雄科技大學 金融系,54090013,*騏,正取,國立高雄科技大學,國立高雄科技大學金融系,原校系/本校留任,1,"國立高雄科技大學金融系(正取,分發)"
CAND_1229,113,nkust_bank,國立高雄科技大學,金融系,國立高雄科技大學 金融系,66090205,考生*,正取,國立高雄科技大學,國立高雄科技大學金融系,原校系/本校留任,4,"國立高雄科技大學金融系(正取,分發); 國立臺灣科技大學企業管理系(正取); 國立臺北科技大學經營管理系(通過); 國立臺北商業大學國際商務系(臺北校區)(正取)"
CAND_1230,113,nkust_bank,國立高雄科技大學,金融系,國立高雄科技大學 金融系,70090605,考生*,正取,國立高雄科技大學,國立高雄科技大學財務管理系,原校系/本校留任,2,"國立高雄科技大學金融系(正取); 國立高雄科技大學財務管理系(正取,分發)"
CAND_1231,113,nkust_bank,國立高雄科技大學,金融系,國立高雄科技大學 金融系,67090335,吳*真,正取,國立雲林科技大學,國立雲林科技大學會計系,其他學校錄取,5,"國立高雄科技大學金融系(正取); 國立雲林科技大學會計系(正取,分發); 國立高雄科技大學會計資訊系(通過); 國立高雄科技大學金融資訊系(通過); 國立臺中科技大學財務金融系(通過)"
CAND_1232,113,nkust_bank,國立高雄科技大學,金融系,國立高雄科技大學 金融系,69090134,陳*婷,正取,國立高雄科技大學,國立高雄科技大學金融系,原校系/本校留任,2,"國立高雄科技大學金融系(正取,分發); 國立高雄科技大學金融資訊系(正取)"
CAND_1233,113,nkust_bank,國立高雄科技大學,金融系,國立高雄科技大學 金融系,57090785,考生*,正取,國立雲林科技大學,國立雲林科技大學企業管理系,其他學校錄取,3,"國立高雄科技大學金融系(正取); 國立雲林科技大學企業管理系(正取,分發); 國立臺中科技大學財務金融系(通過)"
CAND_1234,113,nkust_bank,國立高雄科技大學,金融系,國立高雄科技大學 金融系,64090172,黄*玲,正取,國立臺北商業大學,國立臺北商業大學企業管理系(臺北校區),其他學校錄取,6,"國立高雄科技大學金融系(正取); 國立雲林科技大學企業管理系(通過); 國立雲林科技大學資訊管理系(通過); 國立虎尾科技大學財務金融系(通過); 國立臺北商業大學企業管理系(臺北校區)(正取,分發); 中華醫事科技大學語言治療系(通過)"
CAND_1235,113,nkust_bank,國立高雄科技大學,金融系,國立高雄科技大學 金融系,70090781,趙*妏,正取,國立雲林科技大學,國立雲林科技大學工業工程與管理系,其他學校錄取,4,"國立高雄科技大學金融系(正取); 國立雲林科技大學工業工程與管理系(正取,分發); 國立高雄科技大學財務管理系(正取); 國立彰化師範大學財務金融技術學系(備取)"
CAND_1236,113,nkust_bank,國立高雄科技大學,金融系,國立高雄科技大學 金融系,70090561,許*芝,正取,國立高雄科技大學,國立高雄科技大學金融系,原校系/本校留任,3,"國立高雄科技大學金融系(正取,分發); 國立高雄科技大學行銷與流通管理系(正取); 國立高雄科技大學金融資訊系(正取)"
CAND_1237,113,nkust_bank,國立高雄科技大學,金融系,國立高雄科技大學 金融系,67090147,林*妤,正取,國立高雄科技大學,國立高雄科技大學金融資訊系,原校系/本校留任,5,"國立高雄科技大學金融系(正取); 國立雲林科技大學企業管理系(正取); 國立高雄科技大學財務管理系(通過); 國立高雄科技大學金融資訊系(正取,分發); 國立臺中科技大學財務金融系(正取)"
CAND_1238,113,nkust_bank,國立高雄科技大學,金融系,國立高雄科技大學 金融系,70090765,陳*渘,正取,國立高雄科技大學,國立高雄科技大學金融系,原校系/本校留任,4,"國立高雄科技大學金融系(正取,分發); 國立高雄科技大學財政稅務系(正取); 國立臺中科技大學財政稅務系(通過); 國立彰化師範大學財務金融技術學系(備取)"
CAND_1239,113,nkust_bank,國立高雄科技大學,金融系,國立高雄科技大學 金融系,52090921,陳*,正取,國立臺中科技大學,國立臺中科技大學財務金融系,其他學校錄取,3,"國立高雄科技大學金融系(正取); 國立虎尾科技大學財務金融系(正取); 國立臺中科技大學財務金融系(正取,分發)"
CAND_1240,113,nkust_bank,國立高雄科技大學,金融系,國立高雄科技大學 金融系,70090218,沈*翔,正取,國立高雄科技大學,國立高雄科技大學金融系,原校系/本校留任,2,"國立高雄科技大學金融系(正取,分發); 國立高雄科技大學財務管理系(通過)"
CAND_1241,113,nkust_bank,國立高雄科技大學,金融系,國立高雄科技大學 金融系,68090062,胡*,正取,國立雲林科技大學,國立雲林科技大學財務金融系,其他學校錄取,3,"國立高雄科技大學金融系(正取); 國立臺灣科技大學企業管理系(通過); 國立雲林科技大學財務金融系(備取,分發)"
CAND_1242,113,nkust_bank,國立高雄科技大學,金融系,國立高雄科技大學 金融系,65090213,謝*君,正取,國立臺北商業大學,國立臺北商業大學國際商務系(臺北校區),其他學校錄取,2,"國立高雄科技大學金融系(正取); 國立臺北商業大學國際商務系(臺北校區)(正取,分發)"
CAND_1243,113,nkust_bank,國立高雄科技大學,金融系,國立高雄科技大學 金融系,66090078,陳*翊,正取,國立雲林科技大學,國立雲林科技大學財務金融系,其他學校錄取,5,"國立高雄科技大學金融系(正取); 國立雲林科技大學財務金融系(正取,分發); 國立高雄科技大學財政稅務系(正取); 國立臺中科技大學財務金融系(正取); 國立彰化師範大學財務金融技術學系(備取)"
CAND_1244,113,nkust_bank,國立高雄科技大學,金融系,國立高雄科技大學 金融系,70090973,邱*有,正取,國立雲林科技大學,國立雲林科技大學企業管理系,其他學校錄取,2,"國立高雄科技大學金融系(正取); 國立雲林科技大學企業管理系(正取,分發)"
CAND_1245,113,nkust_bank,國立高雄科技大學,金融系,國立高雄科技大學 金融系,59090409,*婷,正取,國立雲林科技大學,國立雲林科技大學財務金融系,其他學校錄取,4,"國立高雄科技大學金融系(正取); 國立雲林科技大學財務金融系(備取,分發); 國立高雄科技大學會計資訊系(正取); 國立臺中科技大學會計資訊系(正取)"
CAND_1246,113,nkust_bank,國立高雄科技大學,金融系,國立高雄科技大學 金融系,64090055,陳*婷,正取,國立高雄科技大學,國立高雄科技大學金融系,原校系/本校留任,2,"國立高雄科技大學金融系(正取,分發); 國立高雄科技大學資訊管理系(通過)"
CAND_1247,113,nkust_bank,國立高雄科技大學,金融系,國立高雄科技大學 金融系,64090040,林*瑄,正取,國立雲林科技大學,國立雲林科技大學財務金融系,其他學校錄取,4,"國立高雄科技大學金融系(正取); 國立雲林科技大學財務金融系(備取,分發); 國立臺中科技大學財務金融系(通過); 國立彰化師範大學財務金融技術學系(通過)"
CAND_1248,113,nkust_bank,國立高雄科技大學,金融系,國立高雄科技大學 金融系,61090989,李*翊,正取,國立雲林科技大學,國立雲林科技大學會計系,其他學校錄取,4,"國立高雄科技大學金融系(正取); 國立雲林科技大學會計系(備取,分發); 國立高雄科技大學會計資訊系(正取); 國立臺中科技大學會計資訊系(正取)"
CAND_1249,113,nkust_bank,國立高雄科技大學,金融系,國立高雄科技大學 金融系,64090547,*晴,正取,國立臺北商業大學,國立臺北商業大學國際商務系(臺北校區),其他學校錄取,3,"國立高雄科技大學金融系(正取); 國立高雄科技大學國際企業系(通過); 國立臺北商業大學國際商務系(臺北校區)(正取,分發)"
CAND_1250,113,nkust_bank,國立高雄科技大學,金融系,國立高雄科技大學 金融系,71090118,葵*,正取,國立高雄科技大學,國立高雄科技大學金融系,原校系/本校留任,3,"國立高雄科技大學金融系(正取,分發); 國立高雄科技大學財務管理系(通過); 國立高雄科技大學財政稅務系(正取)"
CAND_1251,113,nkust_bank,國立高雄科技大學,金融系,國立高雄科技大學 金融系,73090023,賴*妤,正取,—,—,未分發或放棄,2,國立高雄科技大學金融系(正取); 德明財經科技大學財務金融系(通過)
CAND_1252,113,nkust_bank,國立高雄科技大學,金融系,國立高雄科技大學 金融系,61091091,黄*妤,正取,中原大學,中原大學會計學系,其他學校錄取,4,"國立高雄科技大學金融系(正取); 國立高雄科技大學財務管理系(正取); 中原大學會計學系(備取,分發); 逢甲大學國際經營與貿易學系(正取)"
CAND_1253,113,nkust_bank,國立高雄科技大學,金融系,國立高雄科技大學 金融系,68090042,*琦,正取,國立高雄科技大學,國立高雄科技大學金融系,原校系/本校留任,2,"國立高雄科技大學金融系(正取,分發); 國立臺北科技大學工業工程與管理系(通過)"
CAND_1254,113,nkust_bank,國立高雄科技大學,金融系,國立高雄科技大學 金融系,64090093,*珊,正取,國立高雄科技大學,國立高雄科技大學金融系,原校系/本校留任,3,"國立高雄科技大學金融系(正取,分發); 國立高雄科技大學財務管理系(通過); 國立高雄科技大學金融資訊系(通過)"
CAND_1255,113,nkust_bank,國立高雄科技大學,金融系,國立高雄科技大學 金融系,64090031,徐*瑜,正取,國立高雄科技大學,國立高雄科技大學金融系,原校系/本校留任,4,"國立高雄科技大學金融系(正取,分發); 國立雲林科技大學資訊管理系(通過); 國立高雄科技大學財政稅務系(通過); 國立臺中科技大學財務金融系(正取)"
CAND_1256,113,nkust_bank,國立高雄科技大學,金融系,國立高雄科技大學 金融系,66090334,林*儀,正取,國立臺中科技大學,國立臺中科技大學財務金融系,其他學校錄取,3,"國立高雄科技大學金融系(正取); 國立高雄科技大學財政稅務系(通過); 國立臺中科技大學財務金融系(正取,分發)"
CAND_1257,113,nkust_bank,國立高雄科技大學,金融系,國立高雄科技大學 金融系,68530055,黄*靜,正取,國立高雄科技大學,國立高雄科技大學金融系,原校系/本校留任,3,"國立高雄科技大學金融系(正取,分發); 國立雲林科技大學會計系(通過); 國立高雄科技大學財政稅務系(正取)"
CAND_1258,113,nkust_bank,國立高雄科技大學,金融系,國立高雄科技大學 金融系,57090517,陳*芦,正取,國立高雄科技大學,國立高雄科技大學金融系,原校系/本校留任,1,"國立高雄科技大學金融系(正取,分發)"
CAND_1259,113,nkust_bank,國立高雄科技大學,金融系,國立高雄科技大學 金融系,61090609,賴*靜,正取,國立高雄科技大學,國立高雄科技大學航運管理系,原校系/本校留任,3,"國立高雄科技大學金融系(正取); 國立高雄科技大學財政稅務系(通過); 國立高雄科技大學航運管理系(正取,分發)"
CAND_1260,113,nkust_bank,國立高雄科技大學,金融系,國立高雄科技大學 金融系,67090222,張*,正取,國立雲林科技大學,國立雲林科技大學企業管理系,其他學校錄取,5,"國立高雄科技大學金融系(正取); 國立雲林科技大學企業管理系(正取,分發); 國立高雄科技大學企業管理系(正取); 國立高雄科技大學財務管理系(正取); 國立臺中科技大學財務金融系(正取)"
CAND_1261,113,nkust_bank,國立高雄科技大學,金融系,國立高雄科技大學 金融系,61090408,許*軒,正取,國立臺中科技大學,國立臺中科技大學財務金融系,其他學校錄取,5,"國立高雄科技大學金融系(正取); 國立雲林科技大學會計系(通過); 國立高雄科技大學會計資訊系(通過); 國立高雄科技大學金融資訊系(通過); 國立臺中科技大學財務金融系(正取,分發)"
CAND_1262,113,nkust_bank,國立高雄科技大學,金融系,國立高雄科技大學 金融系,64090183,陳*喬,正取,國立高雄科技大學,國立高雄科技大學金融系,原校系/本校留任,1,"國立高雄科技大學金融系(正取,分發)"
CAND_1263,113,nkust_bank,國立高雄科技大學,金融系,國立高雄科技大學 金融系,60090295,賴*城,正取,—,—,未分發或放棄,2,國立高雄科技大學金融系(正取); 國立高雄科技大學航運管理系(通過)
CAND_1264,113,nkust_bank,國立高雄科技大學,金融系,國立高雄科技大學 金融系,57091003,許*展,正取,國立高雄科技大學,國立高雄科技大學金融系,原校系/本校留任,2,"國立高雄科技大學金融系(正取,分發); 國立臺中科技大學財務金融系(備取)"
CAND_1265,113,nkust_bank,國立高雄科技大學,金融系,國立高雄科技大學 金融系,64090587,黄*諺,正取,國立臺北商業大學,國立臺北商業大學國際商務系(臺北校區),其他學校錄取,4,"國立高雄科技大學金融系(正取); 國立高雄科技大學國際企業系(通過); 國立臺北商業大學國際商務系(臺北校區)(正取,分發); 國立彰化師範大學財務金融技術學系(正取)"
CAND_1266,113,nkust_bank,國立高雄科技大學,金融系,國立高雄科技大學 金融系,71090329,陳*伶,正取,國立高雄科技大學,國立高雄科技大學會計資訊系,原校系/本校留任,6,"國立高雄科技大學金融系(正取); 國立高雄科技大學會計資訊系(正取,分發); 國立高雄科技大學財政稅務系(正取); 國立臺中科技大學會計資訊系(正取); 國立屏東大學財務金融學系(通過); 國立屏東大學會計學系(正取)"
CAND_1267,113,nkust_bank,國立高雄科技大學,金融系,國立高雄科技大學 金融系,76090035,鄭*筠,正取,國立臺北商業大學,國立臺北商業大學財務金融系(臺北校區),其他學校錄取,6,"國立高雄科技大學金融系(正取); 國立臺北科技大學經營管理系(正取); 國立高雄科技大學會計資訊系(正取); 國立臺北商業大學會計資訊系(臺北校區)(備取); 國立臺北商業大學財務金融系(臺北校區)(正取,分發); 國立臺北商業大學財政稅務系(臺北校區)(正取)"
CAND_1268,113,nkust_bank,國立高雄科技大學,金融系,國立高雄科技大學 金融系,64090064,張*楷,正取,國立雲林科技大學,國立雲林科技大學財務金融系,其他學校錄取,6,"國立高雄科技大學金融系(正取); 國立雲林科技大學工業工程與管理系(備取); 國立雲林科技大學財務金融系(備取,分發); 國立高雄科技大學財務管理系(通過); 國立高雄科技大學財政稅務系(通過); 國立臺中科技大學財務金融系(通過)"
CAND_1269,113,nkust_bank,國立高雄科技大學,金融系,國立高雄科技大學 金融系,65090117,*如,正取,國立雲林科技大學,國立雲林科技大學財務金融系,其他學校錄取,4,"國立高雄科技大學金融系(正取); 國立雲林科技大學財務金融系(正取,分發); 國立高雄科技大學金融資訊系(通過); 國立臺中科技大學財務金融系(正取)"
CAND_1270,113,nkust_bank,國立高雄科技大學,金融系,國立高雄科技大學 金融系,60090251,*真,正取,國立高雄科技大學,國立高雄科技大學金融系,原校系/本校留任,5,"國立高雄科技大學金融系(正取,分發); 國立雲林科技大學工業工程與管理系(通過); 國立雲林科技大學企業管理系(正取); 國立高雄科技大學國際企業系(正取); 國立高雄科技大學企業管理系(通過)"
CAND_1271,113,nkust_bank,國立高雄科技大學,金融系,國立高雄科技大學 金融系,76090028,林*秀,正取,國立高雄科技大學,國立高雄科技大學金融資訊系,原校系/本校留任,6,"國立高雄科技大學金融系(正取); 國立雲林科技大學財務金融系(備取); 國立高雄科技大學財務管理系(正取); 國立高雄科技大學金融資訊系(正取,分發); 國立臺中科技大學多媒體設計系(通過); 國立臺北商業大學財務金融系(臺北校區)(備取)"
CAND_1272,113,nkust_bank,國立高雄科技大學,金融系,國立高雄科技大學 金融系,76090031,謝*均,正取,國立臺北科技大學,國立臺北科技大學經營管理系,其他學校錄取,6,"國立高雄科技大學金融系(正取); 國立臺北科技大學經營管理系(備取,分發); 國立高雄科技大學企業管理系(正取); 國立臺中科技大學企業管理系(正取); 國立臺北商業大學國際商務系(臺北校區)(備取); 國立臺北商業大學企業管理系(臺北校區)(備取)"
CAND_1273,113,nkust_bank,國立高雄科技大學,金融系,國立高雄科技大學 金融系,78090001,吳*,正取,國立臺北商業大學,國立臺北商業大學企業管理系(臺北校區),其他學校錄取,5,"國立高雄科技大學金融系(正取); 國立高雄科技大學財政稅務系(正取); 國立臺中科技大學財務金融系(備取); 國立臺北商業大學財務金融系(臺北校區)(備取); 國立臺北商業大學企業管理系(臺北校區)(正取,分發)"
CAND_1274,113,nkust_bank,國立高雄科技大學,金融系,國立高雄科技大學 金融系,67090227,吳*綾,正取,國立雲林科技大學,國立雲林科技大學工業工程與管理系,其他學校錄取,4,"國立高雄科技大學金融系(正取); 國立雲林科技大學工業工程與管理系(正取,分發); 國立臺中科技大學財務金融系(正取); 國立屏東大學財務金融學系(正取)"
CAND_1275,113,nkust_bank,國立高雄科技大學,金融系,國立高雄科技大學 金融系,68090205,姜*,正取,國立雲林科技大學,國立雲林科技大學工業工程與管理系,其他學校錄取,4,"國立高雄科技大學金融系(正取); 國立雲林科技大學工業工程與管理系(正取,分發); 國立高雄科技大學財務管理系(備取); 國立高雄科技大學金融資訊系(正取)"
CAND_1276,113,nkust_bank,國立高雄科技大學,金融系,國立高雄科技大學 金融系,61091673,林*,備取,國立臺中科技大學,國立臺中科技大學財政稅務系,其他學校錄取,3,"國立高雄科技大學金融系(備取); 國立虎尾科技大學財務金融系(正取); 國立臺中科技大學財政稅務系(正取,分發)"
CAND_1277,113,nkust_bank,國立高雄科技大學,金融系,國立高雄科技大學 金融系,64090156,胡*僑,備取,國立高雄科技大學,國立高雄科技大學金融系,原校系/本校留任,2,"國立高雄科技大學金融系(備取,分發); 國立高雄科技大學國際企業系(正取)"
CAND_1278,113,nkust_bank,國立高雄科技大學,金融系,國立高雄科技大學 金融系,61090551,袁*棋,備取,—,—,未分發或放棄,2,國立高雄科技大學金融系(備取); 國立高雄科技大學財政稅務系(通過)
CAND_1279,113,nkust_bank,國立高雄科技大學,金融系,國立高雄科技大學 金融系,68090082,黄*甯,備取,國立高雄科技大學,國立高雄科技大學金融系,原校系/本校留任,1,"國立高雄科技大學金融系(備取,分發)"
CAND_1280,113,nkust_bank,國立高雄科技大學,金融系,國立高雄科技大學 金融系,61090118,張*,備取,國立高雄科技大學,國立高雄科技大學金融系,原校系/本校留任,2,"國立高雄科技大學金融系(備取,分發); 國立臺中科技大學財政稅務系(正取)"
CAND_1281,113,nkust_bank,國立高雄科技大學,金融系,國立高雄科技大學 金融系,61090853,陳*臻,備取,國立雲林科技大學,國立雲林科技大學會計系,其他學校錄取,4,"國立高雄科技大學金融系(備取); 國立雲林科技大學會計系(正取,分發); 國立高雄科技大學會計資訊系(通過); 國立臺北商業大學會計資訊系(臺北校區)(備取)"
CAND_1282,113,nkust_bank,國立高雄科技大學,金融系,國立高雄科技大學 金融系,64090339,陳*妍,備取,國立高雄科技大學,國立高雄科技大學金融系,原校系/本校留任,3,"國立高雄科技大學金融系(備取,分發); 國立臺中教育大學國際企業學系(通過); 逢甲大學國際經營與貿易學系(正取)"
CAND_1283,113,nkust_bank,國立高雄科技大學,金融系,國立高雄科技大學 金融系,61090717,李*么,備取,國立高雄科技大學,國立高雄科技大學金融系,原校系/本校留任,3,"國立高雄科技大學金融系(備取,分發); 國立高雄科技大學行銷與流通管理系(通過); 國立彰化師範大學財務金融技術學系(備取)"
CAND_1284,113,nkust_bank,國立高雄科技大學,金融系,國立高雄科技大學 金融系,64090104,李*莉,備取,國立高雄科技大學,國立高雄科技大學金融系,原校系/本校留任,2,"國立高雄科技大學金融系(備取,分發); 國立臺中科技大學財政稅務系(通過)"
CAND_1285,113,nkust_bank,國立高雄科技大學,金融系,國立高雄科技大學 金融系,64090614,吳*,備取,國立高雄科技大學,國立高雄科技大學金融系,原校系/本校留任,2,"國立高雄科技大學金融系(備取,分發); 國立高雄科技大學行銷與流通管理系(通過)"
CAND_1286,113,nkust_bank,國立高雄科技大學,金融系,國立高雄科技大學 金融系,68090458,郭*豪,備取,國立高雄科技大學,國立高雄科技大學會計資訊系,原校系/本校留任,4,"國立高雄科技大學金融系(備取); 國立高雄科技大學會計資訊系(正取,分發); 國立高雄科技大學金融資訊系(正取); 國立臺中科技大學會計資訊系(正取)"
CAND_1287,113,nkust_bank,國立高雄科技大學,金融系,國立高雄科技大學 金融系,52090858,張*慈,備取,—,—,未分發或放棄,3,國立高雄科技大學金融系(備取); 國立高雄科技大學行銷與流通管理系(正取); 國立臺中科技大學流通管理系(通過)
CAND_1288,113,nkust_bank,國立高雄科技大學,金融系,國立高雄科技大學 金融系,61091175,林*,備取,國立臺中科技大學,國立臺中科技大學財務金融系,其他學校錄取,3,"國立高雄科技大學金融系(備取); 國立高雄科技大學會計資訊系(正取); 國立臺中科技大學財務金融系(正取,分發)"
CAND_1289,113,nkust_bank,國立高雄科技大學,金融系,國立高雄科技大學 金融系,67090358,李*豪,備取,國立高雄科技大學,國立高雄科技大學資訊管理系,原校系/本校留任,2,"國立高雄科技大學金融系(備取); 國立高雄科技大學資訊管理系(正取,分發)"
CAND_1290,113,nkust_bank,國立高雄科技大學,金融系,國立高雄科技大學 金融系,68090617,許*閎,備取,國立高雄科技大學,國立高雄科技大學財務管理系,原校系/本校留任,3,"國立高雄科技大學金融系(備取); 國立高雄科技大學財務管理系(正取,分發); 國立高雄科技大學金融資訊系(通過)"
CAND_1291,113,nkust_bank,國立高雄科技大學,金融系,國立高雄科技大學 金融系,70090609,朱*慈,備取,國立臺中教育大學,國立臺中教育大學國際企業學系,其他學校錄取,2,"國立高雄科技大學金融系(備取); 國立臺中教育大學國際企業學系(正取,分發)"
CAND_1292,113,nkust_bank,國立高雄科技大學,金融系,國立高雄科技大學 金融系,69090024,蕭*,備取,國立高雄科技大學,國立高雄科技大學金融系,原校系/本校留任,2,"國立高雄科技大學金融系(備取,分發); 國立高雄科技大學財政稅務系(通過)"
CAND_1293,113,nkust_bank,國立高雄科技大學,金融系,國立高雄科技大學 金融系,64090407,林*,備取,國立高雄科技大學,國立高雄科技大學國際企業系,原校系/本校留任,3,"國立高雄科技大學金融系(備取); 國立高雄科技大學國際企業系(備取,分發); 國立高雄科技大學行銷與流通管理系(通過)"
CAND_1294,113,nkust_bank,國立高雄科技大學,金融系,國立高雄科技大學 金融系,64090144,周*如,備取,國立雲林科技大學,國立雲林科技大學企業管理系,其他學校錄取,5,"國立高雄科技大學金融系(備取); 國立雲林科技大學企業管理系(正取,分發); 國立高雄科技大學國際企業系(通過); 國立高雄科技大學財務管理系(通過); 國立臺中科技大學財務金融系(正取)"
CAND_1295,113,nkust_bank,國立高雄科技大學,金融系,國立高雄科技大學 金融系,57090993,陳*,備取,國立高雄科技大學,國立高雄科技大學金融系,原校系/本校留任,2,"國立高雄科技大學金融系(備取,分發); 國立臺中科技大學財務金融系(正取)"
CAND_1296,113,nkust_bank,國立高雄科技大學,金融系,國立高雄科技大學 金融系,57090165,*昀,備取,國立高雄科技大學,國立高雄科技大學金融系,原校系/本校留任,2,"國立高雄科技大學金融系(備取,分發); 國立高雄科技大學金融資訊系(正取)"
CAND_1297,113,nkust_bank,國立高雄科技大學,金融系,國立高雄科技大學 金融系,70090729,*瑜,備取,國立高雄科技大學,國立高雄科技大學金融系,原校系/本校留任,2,"國立高雄科技大學金融系(備取,分發); 國立高雄科技大學資訊管理系(正取)"
CAND_1298,113,nkust_bank,國立高雄科技大學,金融系,國立高雄科技大學 金融系,64090359,許*𡤃,備取,國立高雄科技大學,國立高雄科技大學金融系,原校系/本校留任,4,"國立高雄科技大學金融系(備取,分發); 國立高雄科技大學會計資訊系(通過); 國立高雄科技大學財政稅務系(通過); 國立臺中科技大學會計資訊系(通過)"
CAND_1299,113,nkust_bank,國立高雄科技大學,金融系,國立高雄科技大學 金融系,70090518,張*信,備取,國立高雄科技大學,國立高雄科技大學金融系,原校系/本校留任,3,"國立高雄科技大學金融系(備取,分發); 國立高雄科技大學財務管理系(備取); 國立虎尾科技大學財務金融系(正取)"
CAND_1300,113,nkust_bank,國立高雄科技大學,金融系,國立高雄科技大學 金融系,61090849,陳*,備取,國立雲林科技大學,國立雲林科技大學國際管理學士學位學程,其他學校錄取,5,"國立高雄科技大學金融系(備取); 國立雲林科技大學工業工程與管理系(備取); 國立雲林科技大學國際管理學士學位學程(正取,分發); 國立高雄科技大學行銷與流通管理系(通過); 國立高雄科技大學財務管理系(備取)"
CAND_1301,113,nkust_bank,國立高雄科技大學,金融系,國立高雄科技大學 金融系,65090265,陳*航,備取,國立高雄科技大學,國立高雄科技大學金融系,原校系/本校留任,4,"國立高雄科技大學金融系(備取,分發); 國立高雄科技大學國際企業系(通過); 國立高雄科技大學財政稅務系(通過); 國立臺中科技大學財政稅務系(通過)"
CAND_1302,113,nkust_bank,國立高雄科技大學,金融系,國立高雄科技大學 金融系,61091787,謝*茹,備取,國立高雄科技大學,國立高雄科技大學金融系,原校系/本校留任,1,"國立高雄科技大學金融系(備取,分發)"
CAND_1303,113,nkust_bank,國立高雄科技大學,金融系,國立高雄科技大學 金融系,65090062,林*晨,備取,國立高雄科技大學,國立高雄科技大學金融系,原校系/本校留任,2,"國立高雄科技大學金融系(備取,分發); 國立高雄科技大學財政稅務系(通過)"
CAND_1304,113,nkust_bank,國立高雄科技大學,金融系,國立高雄科技大學 金融系,61091749,李*姚,備取,國立高雄科技大學,國立高雄科技大學金融系,原校系/本校留任,4,"國立高雄科技大學金融系(備取,分發); 國立高雄科技大學財務管理系(正取); 國立高雄科技大學金融資訊系(通過); 國立臺中科技大學財務金融系(通過)"
CAND_1305,113,nkust_bank,國立高雄科技大學,金融系,國立高雄科技大學 金融系,70090526,簡*,備取,國立高雄科技大學,國立高雄科技大學金融系,原校系/本校留任,2,"國立高雄科技大學金融系(備取,分發); 國立高雄科技大學會計資訊系(正取)"
CAND_1306,113,nkust_bank,國立高雄科技大學,金融系,國立高雄科技大學 金融系,61090535,藍*鉲,備取,國立臺中科技大學,國立臺中科技大學國際貿易與經營系,其他學校錄取,3,"國立高雄科技大學金融系(備取); 國立高雄科技大學國際企業系(正取); 國立臺中科技大學國際貿易與經營系(正取,分發)"
CAND_1307,113,nkust_bank,國立高雄科技大學,金融系,國立高雄科技大學 金融系,61091095,謝*倢,備取,國立高雄科技大學,國立高雄科技大學金融系,原校系/本校留任,2,"國立高雄科技大學金融系(備取,分發); 國立高雄科技大學商務資訊應用系(通過)"
CAND_1308,113,nkust_bank,國立高雄科技大學,金融系,國立高雄科技大學 金融系,60090187,吳*惠,備取,國立高雄科技大學,國立高雄科技大學運籌管理系,原校系/本校留任,5,"國立高雄科技大學金融系(備取); 國立高雄科技大學運籌管理系(正取,分發); 國立高雄科技大學行銷與流通管理系(正取); 國立臺中科技大學財政稅務系(正取); 中原大學會計學系(通過)"
CAND_1309,113,nkust_bank,國立高雄科技大學,金融系,國立高雄科技大學 金融系,65090081,賴*慈,備取,—,—,未分發或放棄,4,國立高雄科技大學金融系(備取); 國立虎尾科技大學財務金融系(正取); 國立勤益科技大學資訊管理系(正取); 國立屏東大學資訊管理學系(正取)
CAND_1310,113,nkust_bank,國立高雄科技大學,金融系,國立高雄科技大學 金融系,68530050,任*,備取,國立高雄科技大學,國立高雄科技大學金融系,原校系/本校留任,3,"國立高雄科技大學金融系(備取,分發); 國立高雄科技大學會計資訊系(通過); 國立屏東大學會計學系(通過)"
CAND_1311,113,nkust_bank,國立高雄科技大學,金融系,國立高雄科技大學 金融系,70090361,葵*愷,備取,國立高雄科技大學,國立高雄科技大學財務管理系,原校系/本校留任,4,"國立高雄科技大學金融系(備取); 國立高雄科技大學運籌管理系(通過); 國立高雄科技大學財務管理系(備取,分發); 國立臺中科技大學財務金融系(通過)"
CAND_1312,113,nkust_bank,國立高雄科技大學,金融系,國立高雄科技大學 金融系,61091475,楊*軒,備取,國立高雄科技大學,國立高雄科技大學金融系,原校系/本校留任,1,"國立高雄科技大學金融系(備取,分發)"
CAND_1313,113,nkust_bank,國立高雄科技大學,金融系,國立高雄科技大學 金融系,61091587,蘇*婷,備取,國立高雄科技大學,國立高雄科技大學金融系,原校系/本校留任,3,"國立高雄科技大學金融系(備取,分發); 國立高雄科技大學財政稅務系(通過); 國立臺中科技大學國際貿易與經營系(通過)"
CAND_1314,113,nkust_bank,國立高雄科技大學,金融系,國立高雄科技大學 金融系,70090741,楊*,備取,國立高雄科技大學,國立高雄科技大學金融系,原校系/本校留任,2,"國立高雄科技大學金融系(備取,分發); 國立勤益科技大學企業管理系(通過)"
CAND_1315,113,nkust_bank,國立高雄科技大學,金融系,國立高雄科技大學 金融系,68530048,朱*璟,備取,國立高雄科技大學,國立高雄科技大學財政稅務系,原校系/本校留任,5,"國立高雄科技大學金融系(備取); 國立高雄科技大學財政稅務系(正取,分發); 國立虎尾科技大學企業管理系(通過); 國立虎尾科技大學財務金融系(通過); 國立勤益科技大學企業管理系(通過)"
CAND_1316,113,nkust_bank,國立高雄科技大學,金融系,國立高雄科技大學 金融系,61091323,陳*,備取,國立高雄科技大學,國立高雄科技大學會計資訊系,原校系/本校留任,3,"國立高雄科技大學金融系(備取); 國立高雄科技大學會計資訊系(備取,分發); 國立臺中科技大學會計資訊系(備取)"
CAND_1317,113,nkust_bank,國立高雄科技大學,金融系,國立高雄科技大學 金融系,52090321,高*,備取,國立臺北商業大學,國立臺北商業大學商業設計管理系(桃園校區),其他學校錄取,4,"國立高雄科技大學金融系(備取); 國立臺北護理健康大學資訊管理系(通過); 國立臺中科技大學財務金融系(正取); 國立臺北商業大學商業設計管理系(桃園校區)(備取,分發)"
CAND_1318,113,nkust_bank,國立高雄科技大學,金融系,國立高雄科技大學 金融系,68090373,余*駿,備取,—,—,未分發或放棄,3,國立高雄科技大學金融系(備取); 國立高雄科技大學會計資訊系(通過); 中原大學會計學系(通過)
CAND_1319,113,nkust_bank,國立高雄科技大學,金融系,國立高雄科技大學 金融系,60090014,黄*綸,備取,國立臺北商業大學,國立臺北商業大學國際商務系(臺北校區),其他學校錄取,5,"國立高雄科技大學金融系(備取); 國立高雄科技大學財政稅務系(備取); 國立虎尾科技大學財務金融系(正取); 國立臺中科技大學財政稅務系(正取); 國立臺北商業大學國際商務系(臺北校區)(正取,分發)"
CAND_1320,113,nkust_bank,國立高雄科技大學,金融系,國立高雄科技大學 金融系,59090188,維*宇,備取,國立高雄科技大學,國立高雄科技大學金融系,原校系/本校留任,4,"國立高雄科技大學金融系(備取,分發); 國立高雄科技大學行銷與流通管理系(備取); 國立高雄科技大學航運管理系(正取); 國立臺中科技大學財務金融系(通過)"
CAND_1321,113,nkust_bank,國立高雄科技大學,金融系,國立高雄科技大學 金融系,61091453,潘*女,備取,國立高雄科技大學,國立高雄科技大學商務資訊應用系,原校系/本校留任,4,"國立高雄科技大學金融系(備取); 國立雲林科技大學財務金融系(通過); 國立高雄科技大學商務資訊應用系(備取,分發); 國立虎尾科技大學財務金融系(通過)"
CAND_1322,113,nkust_bank,國立高雄科技大學,金融系,國立高雄科技大學 金融系,76090019,許*恩,備取,國立高雄科技大學,國立高雄科技大學金融系,原校系/本校留任,4,"國立高雄科技大學金融系(備取,分發); 國立雲林科技大學財務金融系(正取); 國立高雄科技大學財務管理系(正取); 國立彰化師範大學財務金融技術學系(正取)"
CAND_1323,113,nkust_bank,國立高雄科技大學,金融系,國立高雄科技大學 金融系,76090032,*柔,備取,國立高雄科技大學,國立高雄科技大學金融系,原校系/本校留任,6,"國立高雄科技大學金融系(備取,分發); 國立雲林科技大學財務金融系(備取); 國立高雄科技大學企業管理系(正取); 國立高雄科技大學財務管理系(備取); 國立臺北商業大學財務金融系(臺北校區)(備取); 國立臺北商業大學財政稅務系(臺北校區)(備取)"
CAND_1324,113,nkust_bank,國立高雄科技大學,金融系,國立高雄科技大學 金融系,76090052,陳*,備取,國立高雄科技大學,國立高雄科技大學企業管理系,原校系/本校留任,6,"國立高雄科技大學金融系(備取); 國立臺北科技大學經營管理系(通過); 國立高雄科技大學企業管理系(備取,分發); 國立高雄科技大學金融資訊系(備取); 國立臺北商業大學財務金融系(臺北校區)(備取); 國立臺北商業大學財政稅務系(臺北校區)(備取)"
CAND_1325,113,nkust_bank,國立高雄科技大學,金融系,國立高雄科技大學 金融系,76090057,許*惠,備取,國立屏東科技大學,國立屏東科技大學企業管理系,其他學校錄取,5,"國立高雄科技大學金融系(備取); 國立屏東科技大學企業管理系(備取,分發); 國立屏東科技大學社會工作系(備取); 國立高雄科技大學企業管理系(備取); 國立臺中科技大學企業管理系(通過)"
CAND_1326,113,nkust_bank,國立高雄科技大學,金融系,國立高雄科技大學 金融系,76090008,黄*祐,備取,國立高雄科技大學,國立高雄科技大學企業管理系,原校系/本校留任,6,"國立高雄科技大學金融系(備取); 國立雲林科技大學文化資產維護系(通過); 國立屏東科技大學企業管理系(正取); 國立高雄科技大學企業管理系(正取,分發); 國立高雄科技大學財務管理系(通過); 國立臺中科技大學企業管理系(備取)"
CAND_1327,113,nkust_bank,國立高雄科技大學,金融系,國立高雄科技大學 金融系,76090023,鄭*錦,備取,國立澎湖科技大學,國立澎湖科技大學行銷與物流管理系,其他學校錄取,5,"國立高雄科技大學金融系(備取); 國立屏東科技大學企業管理系(備取); 國立高雄科技大學財務管理系(通過); 國立高雄科技大學金融資訊系(備取); 國立澎湖科技大學行銷與物流管理系(正取,分發)"
CAND_1328,113,nkust_bank,國立高雄科技大學,金融系,國立高雄科技大學 金融系,78090017,曹*瑞,備取,國立雲林科技大學,國立雲林科技大學財務金融系,其他學校錄取,4,"國立高雄科技大學金融系(備取); 國立雲林科技大學財務金融系(正取,分發); 國立臺中科技大學流通管理系(備取); 國立臺北商業大學商業設計管理系(桃園校區)(正取)"
CAND_1329,113,nkust_bank,國立高雄科技大學,金融系,國立高雄科技大學 金融系,78090010,考生*,備取,國立高雄科技大學,國立高雄科技大學金融系,原校系/本校留任,1,"國立高雄科技大學金融系(備取,分發)"
CAND_1330,113,nkust_bank,國立高雄科技大學,金融系,國立高雄科技大學 金融系,65090107,徐*芳,備取,國立高雄科技大學,國立高雄科技大學財政稅務系,原校系/本校留任,5,"國立高雄科技大學金融系(備取); 國立臺北科技大學經營管理系(通過); 國立高雄科技大學會計資訊系(正取); 國立高雄科技大學財政稅務系(正取,分發); 國立臺中科技大學會計資訊系(通過)"
CAND_1331,113,nkust_bank,國立高雄科技大學,金融系,國立高雄科技大學 金融系,61091311,賴*永,備取,國立雲林科技大學,國立雲林科技大學資訊管理系,其他學校錄取,3,"國立高雄科技大學金融系(備取); 國立雲林科技大學資訊管理系(備取,分發); 國立高雄科技大學行銷與流通管理系(正取)"
CAND_1332,113,nkust_bank,國立高雄科技大學,金融系,國立高雄科技大學 金融系,64090120,黄*惠,備取,國立雲林科技大學,國立雲林科技大學會計系,其他學校錄取,5,"國立高雄科技大學金融系(備取); 國立雲林科技大學會計系(正取,分發); 國立高雄科技大學企業管理系(通過); 國立高雄科技大學金融資訊系(通過); 逢甲大學會計學系(正取)"
CAND_1333,113,nkust_bank,國立高雄科技大學,金融系,國立高雄科技大學 金融系,65090030,黄*融,備取,國立雲林科技大學,國立雲林科技大學企業管理系,其他學校錄取,4,"國立高雄科技大學金融系(備取); 國立雲林科技大學企業管理系(正取,分發); 國立高雄科技大學財務管理系(備取); 國立臺北商業大學商業設計管理系(桃園校區)(通過)"
CAND_1334,113,nkust_bank,國立高雄科技大學,金融系,國立高雄科技大學 金融系,66090201,林*熙,備取,國立臺中科技大學,國立臺中科技大學財務金融系,其他學校錄取,4,"國立高雄科技大學金融系(備取); 國立高雄科技大學財務管理系(通過); 國立高雄科技大學金融資訊系(備取); 國立臺中科技大學財務金融系(備取,分發)"
CAND_1335,113,nkust_bank,國立高雄科技大學,金融系,國立高雄科技大學 金融系,64090267,張*紘,備取,國立高雄科技大學,國立高雄科技大學金融系,原校系/本校留任,5,"國立高雄科技大學金融系(備取,分發); 國立高雄科技大學風險管理與保險系(通過); 國立高雄科技大學航運管理系(通過); 國立虎尾科技大學財務金融系(通過); 國立臺中科技大學財務金融系(備取)"
CAND_1336,113,nkust_bank,國立高雄科技大學,金融系,國立高雄科技大學 金融系,52090570,陳*希,備取,—,—,未分發或放棄,3,國立高雄科技大學金融系(通過); 國立雲林科技大學應用外語系(通過); 國立臺北商業大學數位多媒體設計系(桃園校區)(通過)
CAND_1337,113,nkust_bank,國立高雄科技大學,金融系,國立高雄科技大學 金融系,55090238,賴*彤,備取,—,—,未分發或放棄,2,國立高雄科技大學金融系(通過); 國立高雄科技大學財政稅務系(通過)
CAND_1338,113,nkust_bank,國立高雄科技大學,金融系,國立高雄科技大學 金融系,57090149,張*妍,備取,—,—,未分發或放棄,1,國立高雄科技大學金融系(通過)
CAND_1339,113,nkust_bank,國立高雄科技大學,金融系,國立高雄科技大學 金融系,57090269,謝*玲,備取,—,—,未分發或放棄,3,國立高雄科技大學金融系(通過); 國立高雄科技大學工業工程與管理系(通過); 國立高雄科技大學財務管理系(通過)
CAND_1340,113,nkust_bank,國立高雄科技大學,金融系,國立高雄科技大學 金融系,59090045,賴*璇,備取,—,—,未分發或放棄,2,國立高雄科技大學金融系(通過); 國立高雄科技大學財務管理系(通過)
CAND_1341,113,nkust_bank,國立高雄科技大學,金融系,國立高雄科技大學 金融系,59090341,楊*晴,備取,—,—,未分發或放棄,3,國立高雄科技大學金融系(通過); 國立高雄科技大學資訊管理系(通過); 國立高雄科技大學財務管理系(通過)
CAND_1342,113,nkust_bank,國立高雄科技大學,金融系,國立高雄科技大學 金融系,60090107,*婷,備取,—,—,未分發或放棄,5,國立高雄科技大學金融系(通過); 國立雲林科技大學會計系(通過); 國立高雄科技大學會計資訊系(通過); 國立高雄科技大學金融資訊系(通過); 國立臺中科技大學會計資訊系(通過)
CAND_1343,113,nkust_bank,國立高雄科技大學,金融系,國立高雄科技大學 金融系,60090147,張*雅,備取,—,—,未分發或放棄,4,國立高雄科技大學金融系(通過); 國立虎尾科技大學財務金融系(通過); 國立臺北護理健康大學資訊管理系(通過); 國立臺中科技大學會計資訊系(通過)
CAND_1344,113,nkust_bank,國立高雄科技大學,金融系,國立高雄科技大學 金融系,61090589,*伶,備取,國立高雄科技大學,國立高雄科技大學航運管理系,原校系/本校留任,3,"國立高雄科技大學金融系(通過); 國立高雄科技大學行銷與流通管理系(通過); 國立高雄科技大學航運管理系(正取,分發)"
CAND_1345,113,nkust_bank,國立高雄科技大學,金融系,國立高雄科技大學 金融系,61090661,考生*,備取,國立雲林科技大學,國立雲林科技大學財務金融系,其他學校錄取,5,"國立高雄科技大學金融系(通過); 國立雲林科技大學企業管理系(通過); 國立雲林科技大學財務金融系(正取,分發); 國立高雄科技大學財務管理系(通過); 國立臺中科技大學財務金融系(通過)"
CAND_1346,113,nkust_bank,國立高雄科技大學,金融系,國立高雄科技大學 金融系,61091415,吳*妤,備取,國立高雄科技大學,國立高雄科技大學國際企業系,原校系/本校留任,3,"國立高雄科技大學金融系(通過); 國立高雄科技大學國際企業系(正取,分發); 國立臺中科技大學國際貿易與經營系(通過)"
CAND_1347,113,nkust_bank,國立高雄科技大學,金融系,國立高雄科技大學 金融系,61091419,葵*,備取,—,—,未分發或放棄,4,國立高雄科技大學金融系(通過); 國立雲林科技大學企業管理系(通過); 國立雲林科技大學財務金融系(備取); 國立高雄科技大學財政稅務系(通過)
CAND_1348,113,nkust_bank,國立高雄科技大學,金融系,國立高雄科技大學 金融系,61091507,徐*,備取,國立雲林科技大學,國立雲林科技大學工業工程與管理系,其他學校錄取,3,"國立高雄科技大學金融系(通過); 國立雲林科技大學工業工程與管理系(備取,分發); 國立臺北商業大學國際商務系(臺北校區)(備取)"
CAND_1349,113,nkust_bank,國立高雄科技大學,金融系,國立高雄科技大學 金融系,61091739,游*元,備取,—,—,未分發或放棄,4,國立高雄科技大學金融系(通過); 國立高雄科技大學財務管理系(通過); 國立虎尾科技大學財務金融系(通過); 國立臺中科技大學財務金融系(通過)
CAND_1350,113,nkust_bank,國立高雄科技大學,金融系,國立高雄科技大學 金融系,61091767,游*展,備取,—,—,未分發或放棄,2,國立高雄科技大學金融系(通過); 國立臺中科技大學會計資訊系(備取)
CAND_1351,113,nkust_bank,國立高雄科技大學,金融系,國立高雄科技大學 金融系,62090126,陳*彤,備取,—,—,未分發或放棄,1,國立高雄科技大學金融系(通過)
CAND_1352,113,nkust_bank,國立高雄科技大學,金融系,國立高雄科技大學 金融系,64090012,蕭*穎,備取,中原大學,中原大學會計學系,其他學校錄取,3,"國立高雄科技大學金融系(通過); 國立雲林科技大學會計系(備取); 中原大學會計學系(正取,分發)"
CAND_1353,113,nkust_bank,國立高雄科技大學,金融系,國立高雄科技大學 金融系,64090028,游*翎,備取,—,—,未分發或放棄,3,國立高雄科技大學金融系(通過); 國立雲林科技大學財務金融系(通過); 國立高雄科技大學金融資訊系(通過)
CAND_1354,113,nkust_bank,國立高雄科技大學,金融系,國立高雄科技大學 金融系,64090076,趙*如,備取,逢甲大學,逢甲大學會計學系,其他學校錄取,5,"國立高雄科技大學金融系(通過); 國立高雄科技大學國際企業系(通過); 國立臺中科技大學會計資訊系(通過); 中原大學會計學系(通過); 逢甲大學會計學系(正取,分發)"
CAND_1355,113,nkust_bank,國立高雄科技大學,金融系,國立高雄科技大學 金融系,64090234,吳*存,備取,—,—,未分發或放棄,2,國立高雄科技大學金融系(通過); 國立臺中科技大學應用統計系(通過)
CAND_1356,113,nkust_bank,國立高雄科技大學,金融系,國立高雄科技大學 金融系,64090283,蘇*芦,備取,—,—,未分發或放棄,4,國立高雄科技大學金融系(通過); 國立雲林科技大學資訊管理系(通過); 國立雲林科技大學財務金融系(通過); 國立臺北商業大學國際商務系(臺北校區)(通過)
CAND_1357,113,nkust_bank,國立高雄科技大學,金融系,國立高雄科技大學 金融系,64090295,吳*,備取,—,—,未分發或放棄,2,國立高雄科技大學金融系(通過); 國立彰化師範大學財務金融技術學系(正取)
CAND_1358,113,nkust_bank,國立高雄科技大學,金融系,國立高雄科技大學 金融系,64090363,郭*育,備取,國立高雄科技大學,國立高雄科技大學航運管理系,原校系/本校留任,4,"國立高雄科技大學金融系(通過); 國立高雄科技大學財務管理系(通過); 國立高雄科技大學航運管理系(正取,分發); 國立臺灣海洋大學航運管理學系(通過)"
CAND_1359,113,nkust_bank,國立高雄科技大學,金融系,國立高雄科技大學 金融系,64090375,*語,備取,—,—,未分發或放棄,3,國立高雄科技大學金融系(通過); 國立雲林科技大學會計系(通過); 國立臺北商業大學國際商務系(臺北校區)(通過)
CAND_1360,113,nkust_bank,國立高雄科技大學,金融系,國立高雄科技大學 金融系,64090379,謝*婷,備取,國立臺北商業大學,國立臺北商業大學財政稅務系(臺北校區),其他學校錄取,6,"國立高雄科技大學金融系(通過); 國立雲林科技大學企業管理系(通過); 國立高雄科技大學財務管理系(通過); 國立臺北商業大學財政稅務系(臺北校區)(正取,分發); 國立臺北商業大學國際商務系(臺北校區)(通過); 國立臺北商業大學企業管理系(臺北校區)(通過)"
CAND_1361,113,nkust_bank,國立高雄科技大學,金融系,國立高雄科技大學 金融系,64090447,張*恩,備取,—,—,未分發或放棄,3,國立高雄科技大學金融系(通過); 國立雲林科技大學資訊管理系(通過); 國立臺中科技大學財務金融系(通過)
CAND_1362,113,nkust_bank,國立高雄科技大學,金融系,國立高雄科技大學 金融系,64090503,F*,備取,國立高雄科技大學,國立高雄科技大學航運管理系,原校系/本校留任,4,"國立高雄科技大學金融系(通過); 國立臺北科技大學工業工程與管理系(通過); 國立高雄科技大學航運管理系(正取,分發); 國立臺北商業大學國際商務系(臺北校區)(通過)"
CAND_1363,113,nkust_bank,國立高雄科技大學,金融系,國立高雄科技大學 金融系,64090539,林*妤,備取,國立雲林科技大學,國立雲林科技大學會計系,其他學校錄取,5,"國立高雄科技大學金融系(通過); 國立雲林科技大學會計系(正取,分發); 國立高雄科技大學會計資訊系(通過); 國立高雄科技大學財政稅務系(通過); 國立臺中科技大學會計資訊系(通過)"
CAND_1364,113,nkust_bank,國立高雄科技大學,金融系,國立高雄科技大學 金融系,64090611,粘*騰,備取,—,—,未分發或放棄,5,國立高雄科技大學金融系(通過); 國立高雄科技大學國際企業系(通過); 國立高雄科技大學財務管理系(通過); 國立勤益科技大學企業管理系(通過); 國立臺中科技大學財務金融系(通過)
CAND_1365,113,nkust_bank,國立高雄科技大學,金融系,國立高雄科技大學 金融系,65090027,張*,備取,—,—,未分發或放棄,3,國立高雄科技大學金融系(通過); 國立高雄科技大學行銷與流通管理系(通過); 國立虎尾科技大學財務金融系(通過)
CAND_1366,113,nkust_bank,國立高雄科技大學,金融系,國立高雄科技大學 金融系,65090034,黄*瑄,備取,—,—,未分發或放棄,6,國立高雄科技大學金融系(通過); 國立雲林科技大學財務金融系(備取); 國立雲林科技大學國際管理學士學位學程(通過); 國立臺北科技大學經營管理系(通過); 國立高雄科技大學財務管理系(通過); 國立臺北商業大學財政稅務系(臺北校區)(通過)
CAND_1367,113,nkust_bank,國立高雄科技大學,金融系,國立高雄科技大學 金融系,65090038,謝*彩,備取,—,—,未分發或放棄,1,國立高雄科技大學金融系(通過)
CAND_1368,113,nkust_bank,國立高雄科技大學,金融系,國立高雄科技大學 金融系,65090042,謝*惠,備取,—,—,未分發或放棄,2,國立高雄科技大學金融系(通過); 國立雲林科技大學財務金融系(通過)
CAND_1369,113,nkust_bank,國立高雄科技大學,金融系,國立高雄科技大學 金融系,65090086,盧*日,備取,—,—,未分發或放棄,3,國立高雄科技大學金融系(通過); 國立高雄科技大學財政稅務系(通過); 國立臺中科技大學財務金融系(通過)
CAND_1370,113,nkust_bank,國立高雄科技大學,金融系,國立高雄科技大學 金融系,65090126,黄*婕,備取,—,—,未分發或放棄,2,國立高雄科技大學金融系(通過); 國立臺北商業大學企業管理系(臺北校區)(通過)
CAND_1371,113,nkust_bank,國立高雄科技大學,金融系,國立高雄科技大學 金融系,66090169,張*庭,備取,—,—,未分發或放棄,3,國立高雄科技大學金融系(通過); 國立雲林科技大學工業工程與管理系(通過); 國立高雄科技大學航運管理系(通過)
CAND_1372,113,nkust_bank,國立高雄科技大學,金融系,國立高雄科技大學 金融系,66090222,葉*均,備取,—,—,未分發或放棄,3,國立高雄科技大學金融系(通過); 國立雲林科技大學企業管理系(通過); 國立臺北商業大學國際商務系(臺北校區)(通過)
CAND_1373,113,nkust_bank,國立高雄科技大學,金融系,國立高雄科技大學 金融系,66090225,陳*昕,備取,國立臺北商業大學,國立臺北商業大學國際商務系(臺北校區),其他學校錄取,3,"國立高雄科技大學金融系(通過); 國立高雄科技大學國際企業系(通過); 國立臺北商業大學國際商務系(臺北校區)(正取,分發)"
CAND_1374,113,nkust_bank,國立高雄科技大學,金融系,國立高雄科技大學 金融系,67090198,朱*瑄,備取,國立雲林科技大學,國立雲林科技大學企業管理系,其他學校錄取,5,"國立高雄科技大學金融系(通過); 國立雲林科技大學企業管理系(正取,分發); 國立高雄科技大學財務管理系(通過); 國立高雄科技大學財政稅務系(通過); 國立臺中科技大學財務金融系(通過)"
CAND_1375,113,nkust_bank,國立高雄科技大學,金融系,國立高雄科技大學 金融系,67090210,陳*慈,備取,國立雲林科技大學,國立雲林科技大學財務金融系,其他學校錄取,6,"國立高雄科技大學金融系(通過); 國立雲林科技大學企業管理系(通過); 國立雲林科技大學財務金融系(正取,分發); 國立高雄科技大學財務管理系(通過); 國立虎尾科技大學財務金融系(通過); 國立臺中科技大學財務金融系(通過)"
CAND_1376,113,nkust_bank,國立高雄科技大學,金融系,國立高雄科技大學 金融系,68090202,黄*穎,備取,國立雲林科技大學,國立雲林科技大學會計系,其他學校錄取,5,"國立高雄科技大學金融系(通過); 國立臺灣科技大學企業管理系(備取); 國立雲林科技大學企業管理系(通過); 國立雲林科技大學會計系(備取,分發); 國立臺北科技大學經營管理系(通過)"
CAND_1377,113,nkust_bank,國立高雄科技大學,金融系,國立高雄科技大學 金融系,68090625,葵*,備取,國立雲林科技大學,國立雲林科技大學會計系,其他學校錄取,5,"國立高雄科技大學金融系(通過); 國立臺灣科技大學企業管理系(通過); 國立雲林科技大學會計系(正取,分發); 國立臺北商業大學會計資訊系(臺北校區)(通過); 國立臺灣海洋大學航運管理學系(通過)"
CAND_1378,113,nkust_bank,國立高雄科技大學,金融系,國立高雄科技大學 金融系,68530040,張*,備取,—,—,未分發或放棄,2,國立高雄科技大學金融系(通過); 國立雲林科技大學工業工程與管理系(通過)
CAND_1379,113,nkust_bank,國立高雄科技大學,金融系,國立高雄科技大學 金融系,68530086,*柔,備取,國立雲林科技大學,國立雲林科技大學會計系,其他學校錄取,3,"國立高雄科技大學金融系(通過); 國立雲林科技大學會計系(備取,分發); 國立臺中科技大學財政稅務系(通過)"
CAND_1380,113,nkust_bank,國立高雄科技大學,金融系,國立高雄科技大學 金融系,69090097,陳*,備取,—,—,未分發或放棄,4,國立高雄科技大學金融系(通過); 國立雲林科技大學會計系(通過); 國立高雄科技大學財政稅務系(通過); 國立臺中科技大學會計資訊系(正取)
CAND_1381,113,nkust_bank,國立高雄科技大學,金融系,國立高雄科技大學 金融系,70090049,高*瑄,備取,—,—,未分發或放棄,1,國立高雄科技大學金融系(通過)
CAND_1382,113,nkust_bank,國立高雄科技大學,金融系,國立高雄科技大學 金融系,70090194,宋*恩,備取,國立雲林科技大學,國立雲林科技大學會計系,其他學校錄取,3,"國立高雄科技大學金融系(通過); 國立雲林科技大學會計系(備取,分發); 國立高雄科技大學會計資訊系(通過)"
CAND_1383,113,nkust_bank,國立高雄科技大學,金融系,國立高雄科技大學 金融系,70090381,李*銘,備取,—,—,未分發或放棄,2,國立高雄科技大學金融系(通過); 國立高雄科技大學財務管理系(通過)
CAND_1384,113,nkust_bank,國立高雄科技大學,金融系,國立高雄科技大學 金融系,70090438,張*綜,備取,—,—,未分發或放棄,3,國立高雄科技大學金融系(通過); 國立高雄科技大學財政稅務系(通過); 國立臺中科技大學財政稅務系(通過)
CAND_1385,113,nkust_bank,國立高雄科技大學,金融系,國立高雄科技大學 金融系,70091037,陳*廷,備取,國立高雄科技大學,國立高雄科技大學財政稅務系,原校系/本校留任,4,"國立高雄科技大學金融系(通過); 國立高雄科技大學會計資訊系(正取); 國立高雄科技大學財政稅務系(正取,分發); 國立臺中科技大學財政稅務系(通過)"
CAND_1386,113,nkust_bank,國立高雄科技大學,金融系,國立高雄科技大學 金融系,71090293,維*貞,備取,—,—,未分發或放棄,1,國立高雄科技大學金融系(通過)
CAND_1387,113,nkust_bank,國立高雄科技大學,金融系,國立高雄科技大學 金融系,74090046,潘*,備取,國立臺中科技大學,國立臺中科技大學保險金融管理系,其他學校錄取,3,"國立高雄科技大學金融系(通過); 國立臺中科技大學保險金融管理系(正取,分發); 朝陽科技大學財務金融系(通過)"
CAND_1388,113,nkust_bank,國立高雄科技大學,金融系,國立高雄科技大學 金融系,76090003,林*婷,備取,國立屏東科技大學,國立屏東科技大學企業管理系,其他學校錄取,5,"國立高雄科技大學金融系(通過); 國立雲林科技大學企業管理系(通過); 國立屏東科技大學企業管理系(備取,分發); 國立屏東科技大學社會工作系(備取); 國立高雄科技大學企業管理系(備取)"
CAND_1389,113,nkust_bank,國立高雄科技大學,金融系,國立高雄科技大學 金融系,76090009,鄭*,備取,正修科技大學,正修科技大學金融管理系,其他學校錄取,5,"國立高雄科技大學金融系(通過); 國立高雄科技大學金融資訊系(備取); 國立高雄科技大學航運管理系(備取); 樹德科技大學行銷管理系(通過); 正修科技大學金融管理系(正取,分發)"
CAND_1390,113,nkust_bank,國立高雄科技大學,金融系,國立高雄科技大學 金融系,76090024,楊*珍,備取,國立澎湖科技大學,國立澎湖科技大學行銷與物流管理系,其他學校錄取,6,"國立高雄科技大學金融系(通過); 國立雲林科技大學財務金融系(通過); 國立高雄科技大學企業管理系(備取); 國立高雄科技大學財務管理系(通過); 國立澎湖科技大學行銷與物流管理系(正取,分發); 國立臺北商業大學財務金融系(臺北校區)(通過)"
CAND_1391,113,nkust_bank,國立高雄科技大學,金融系,國立高雄科技大學 金融系,76090029,顏*倫,備取,正修科技大學,正修科技大學企業管理系,其他學校錄取,5,"國立高雄科技大學金融系(通過); 國立屏東科技大學企業管理系(通過); 國立高雄科技大學企業管理系(通過); 正修科技大學企業管理系(正取,分發); 正修科技大學數位多媒體設計系(正取)"
CAND_1392,113,nkust_bank,國立高雄科技大學,金融系,國立高雄科技大學 金融系,76090044,陳*智,備取,—,—,未分發或放棄,6,國立高雄科技大學金融系(通過); 國立臺灣科技大學企業管理系(通過); 國立臺北科技大學經營管理系(通過); 國立臺北商業大學財務金融系(臺北校區)(備取); 國立臺北商業大學財政稅務系(臺北校區)(通過); 國立臺北商業大學國際商務系(臺北校區)(通過)
CAND_1393,113,nkust_bank,國立高雄科技大學,金融系,國立高雄科技大學 金融系,78090018,賴*女,備取,國立臺中科技大學,國立臺中科技大學財務金融系,其他學校錄取,4,"國立高雄科技大學金融系(通過); 國立臺中科技大學財務金融系(備取,分發); 國立臺北商業大學財務金融系(臺北校區)(備取); 國立臺北商業大學企業管理系(臺北校區)(通過)"
CAND_1394,113,nkust_bank,國立高雄科技大學,金融系,國立高雄科技大學 金融系,78090021,陳*,備取,國立臺北商業大學,國立臺北商業大學財務金融系(臺北校區),其他學校錄取,5,"國立高雄科技大學金融系(通過); 國立臺北商業大學會計資訊系(臺北校區)(通過); 國立臺北商業大學財務金融系(臺北校區)(備取,分發); 朝陽科技大學財務金融系(通過); 致理科技大學會計資訊系(通過)"
CAND_1395,115,nkust_fm,國立高雄科技大學,財務管理系,國立高雄科技大學 財務管理系,68090561,黄*緁,正取,國立高雄科技大學,國立高雄科技大學金融系,原校系/本校留任,2,"國立高雄科技大學財務管理系(正取); 國立高雄科技大學金融系(正取,分發)"
CAND_1396,115,nkust_fm,國立高雄科技大學,財務管理系,國立高雄科技大學 財務管理系,70090001,*毅,正取,國立高雄科技大學,國立高雄科技大學金融系,原校系/本校留任,2,"國立高雄科技大學財務管理系(正取); 國立高雄科技大學金融系(正取,分發)"
CAND_1397,115,nkust_fm,國立高雄科技大學,財務管理系,國立高雄科技大學 財務管理系,68090559,宋*甄,正取,國立高雄科技大學,國立高雄科技大學金融系,原校系/本校留任,3,"國立高雄科技大學財務管理系(正取); 國立高雄科技大學金融系(正取,分發); 國立臺北商業大學會計資訊系(臺北校區)(正取)"
CAND_1398,115,nkust_fm,國立高雄科技大學,財務管理系,國立高雄科技大學 財務管理系,64090511,許*婕,正取,國立高雄科技大學,國立高雄科技大學財務管理系,原校系/本校留任,1,"國立高雄科技大學財務管理系(正取,分發)"
CAND_1399,115,nkust_fm,國立高雄科技大學,財務管理系,國立高雄科技大學 財務管理系,70090620,郭*翔,正取,國立臺北商業大學,國立臺北商業大學國際商務系(臺北校區),其他學校錄取,2,"國立高雄科技大學財務管理系(正取); 國立臺北商業大學國際商務系(臺北校區)(正取,分發)"
CAND_1400,115,nkust_fm,國立高雄科技大學,財務管理系,國立高雄科技大學 財務管理系,70090674,陳*姍,正取,國立雲林科技大學,國立雲林科技大學企業管理系,其他學校錄取,5,"國立高雄科技大學財務管理系(正取); 國立雲林科技大學企業管理系(正取,分發); 國立高雄科技大學風險管理與保險系(通過); 國立高雄科技大學金融系(通過); 國立臺中科技大學財務金融系(通過)"
CAND_1401,115,nkust_fm,國立高雄科技大學,財務管理系,國立高雄科技大學 財務管理系,70090608,林*竹,正取,國立高雄科技大學,國立高雄科技大學財務管理系,原校系/本校留任,3,"國立高雄科技大學財務管理系(正取,分發); 國立高雄科技大學行銷與流通管理系(通過); 國立高雄科技大學人力資源發展系(通過)"
CAND_1402,115,nkust_fm,國立高雄科技大學,財務管理系,國立高雄科技大學 財務管理系,61090121,*臻,正取,國立雲林科技大學,國立雲林科技大學財務金融系,其他學校錄取,4,"國立高雄科技大學財務管理系(正取); 國立雲林科技大學財務金融系(備取,分發); 國立高雄科技大學風險管理與保險系(正取); 國立臺中科技大學會計資訊系(通過)"
CAND_1403,115,nkust_fm,國立高雄科技大學,財務管理系,國立高雄科技大學 財務管理系,65090102,袁*棋,正取,國立雲林科技大學,國立雲林科技大學財務金融系,其他學校錄取,5,"國立高雄科技大學財務管理系(正取); 國立雲林科技大學資訊管理系(通過); 國立雲林科技大學財務金融系(正取,分發); 國立虎尾科技大學財務金融系(通過); 國立臺中科技大學財務金融系(通過)"
CAND_1404,115,nkust_fm,國立高雄科技大學,財務管理系,國立高雄科技大學 財務管理系,61090925,*軒,正取,國立雲林科技大學,國立雲林科技大學財務金融系,其他學校錄取,2,"國立高雄科技大學財務管理系(正取); 國立雲林科技大學財務金融系(備取,分發)"
CAND_1405,115,nkust_fm,國立高雄科技大學,財務管理系,國立高雄科技大學 財務管理系,63090277,陳*臻,正取,國立高雄科技大學,國立高雄科技大學財務管理系,原校系/本校留任,1,"國立高雄科技大學財務管理系(正取,分發)"
CAND_1406,115,nkust_fm,國立高雄科技大學,財務管理系,國立高雄科技大學 財務管理系,57090349,林*珊,正取,國立臺中科技大學,國立臺中科技大學財務金融系,其他學校錄取,4,"國立高雄科技大學財務管理系(正取); 國立臺中科技大學財務金融系(正取,分發); 中原大學會計學系(備取); 逢甲大學財稅學系(正取)"
CAND_1407,115,nkust_fm,國立高雄科技大學,財務管理系,國立高雄科技大學 財務管理系,70090895,林*婷,正取,國立高雄科技大學,國立高雄科技大學財務管理系,原校系/本校留任,3,"國立高雄科技大學財務管理系(正取,分發); 國立高雄科技大學風險管理與保險系(正取); 國立臺中科技大學財務金融系(正取)"
CAND_1408,115,nkust_fm,國立高雄科技大學,財務管理系,國立高雄科技大學 財務管理系,63090025,吳*黛,正取,國立臺中科技大學,國立臺中科技大學會計資訊系,其他學校錄取,4,"國立高雄科技大學財務管理系(正取); 國立高雄科技大學會計資訊系(通過); 國立勤益科技大學企業管理系(通過); 國立臺中科技大學會計資訊系(正取,分發)"
CAND_1409,115,nkust_fm,國立高雄科技大學,財務管理系,國立高雄科技大學 財務管理系,61090653,左*,正取,國立高雄科技大學,國立高雄科技大學財務管理系,原校系/本校留任,2,"國立高雄科技大學財務管理系(正取,分發); 國立高雄科技大學會計資訊系(正取)"
CAND_1410,115,nkust_fm,國立高雄科技大學,財務管理系,國立高雄科技大學 財務管理系,67090098,吳*,正取,國立高雄科技大學,國立高雄科技大學財務管理系,原校系/本校留任,5,"國立高雄科技大學財務管理系(正取,分發); 國立高雄科技大學會計資訊系(正取); 國立高雄科技大學財政稅務系(正取); 國立臺中科技大學財政稅務系(正取); 國立屏東大學財務金融學系(通過)"
CAND_1411,115,nkust_fm,國立高雄科技大學,財務管理系,國立高雄科技大學 財務管理系,70090627,李*昀,正取,國立高雄科技大學,國立高雄科技大學運籌管理系,原校系/本校留任,5,"國立高雄科技大學財務管理系(正取); 國立高雄科技大學運籌管理系(正取,分發); 國立高雄科技大學金融系(正取); 國立虎尾科技大學資訊管理系(通過); 國立臺中科技大學財務金融系(通過)"
CAND_1412,115,nkust_fm,國立高雄科技大學,財務管理系,國立高雄科技大學 財務管理系,61091406,*婷,正取,國立高雄科技大學,國立高雄科技大學財務管理系,原校系/本校留任,4,"國立高雄科技大學財務管理系(正取,分發); 國立臺灣科技大學資訊管理系(正取); 國立雲林科技大學財務金融系(正取); 國立雲林科技大學會計系(正取)"
CAND_1413,115,nkust_fm,國立高雄科技大學,財務管理系,國立高雄科技大學 財務管理系,52090242,鄭*女,正取,國立高雄科技大學,國立高雄科技大學財務管理系,原校系/本校留任,4,"國立高雄科技大學財務管理系(正取,分發); 國立高雄科技大學資訊管理系(正取); 國立高雄科技大學金融資訊系(備取); 國立臺中科技大學財務金融系(通過)"
CAND_1414,115,nkust_fm,國立高雄科技大學,財務管理系,國立高雄科技大學 財務管理系,61090050,陳*昀,正取,國立臺北商業大學,國立臺北商業大學財政稅務系(臺北校區),其他學校錄取,6,"國立高雄科技大學財務管理系(正取); 國立高雄科技大學金融系(備取); 國立高雄科技大學金融資訊系(通過); 國立勤益科技大學企業管理系(通過); 國立臺北商業大學財政稅務系(臺北校區)(正取,分發); 國立臺北商業大學企業管理系(臺北校區)(備取)"
CAND_1415,115,nkust_fm,國立高雄科技大學,財務管理系,國立高雄科技大學 財務管理系,61091206,林*勛,正取,國立高雄科技大學,國立高雄科技大學財務管理系,原校系/本校留任,4,"國立高雄科技大學財務管理系(正取,分發); 國立高雄科技大學風險管理與保險系(正取); 國立虎尾科技大學企業管理系(備取); 國立虎尾科技大學財務金融系(正取)"
CAND_1416,115,nkust_fm,國立高雄科技大學,財務管理系,國立高雄科技大學 財務管理系,55090151,考生*,正取,國立高雄科技大學,國立高雄科技大學財務管理系,原校系/本校留任,6,"國立高雄科技大學財務管理系(正取,分發); 國立高雄科技大學財政稅務系(備取); 國立虎尾科技大學企業管理系(備取); 國立勤益科技大學企業管理系(通過); 國立臺中科技大學財政稅務系(通過); 中原大學會計學系(通過)"
CAND_1417,115,nkust_fm,國立高雄科技大學,財務管理系,國立高雄科技大學 財務管理系,76090003,*淇,正取,國立臺北商業大學,國立臺北商業大學財務金融系(臺北校區),其他學校錄取,4,"國立高雄科技大學財務管理系(正取); 國立臺北商業大學財務金融系(臺北校區)(正取,分發); 國立臺北商業大學財政稅務系(臺北校區)(備取); 國立臺北商業大學企業管理系(臺北校區)(正取)"
CAND_1418,115,nkust_fm,國立高雄科技大學,財務管理系,國立高雄科技大學 財務管理系,70090737,趙*淳,正取,國立高雄科技大學,國立高雄科技大學財務管理系,原校系/本校留任,5,"國立高雄科技大學財務管理系(正取,分發); 國立屏東科技大學企業管理系(通過); 國立高雄科技大學企業管理系(通過); 國立屏東大學國際經營與貿易學系(通過); 國立屏東大學不動產經營學系(通過)"
CAND_1419,115,nkust_fm,國立高雄科技大學,財務管理系,國立高雄科技大學 財務管理系,57090619,蘇*澔,備取,國立高雄科技大學,國立高雄科技大學財務管理系,原校系/本校留任,4,"國立高雄科技大學財務管理系(備取,分發); 國立雲林科技大學文化資產維護系(通過); 國立高雄科技大學會計資訊系(通過); 國立臺中科技大學財政稅務系(通過)"
CAND_1420,115,nkust_fm,國立高雄科技大學,財務管理系,國立高雄科技大學 財務管理系,61530027,張*婕,備取,國立雲林科技大學,國立雲林科技大學財務金融系,其他學校錄取,4,"國立高雄科技大學財務管理系(備取); 國立雲林科技大學企業管理系(正取); 國立雲林科技大學財務金融系(備取,分發); 國立高雄科技大學資訊管理系(通過)"
CAND_1421,115,nkust_fm,國立高雄科技大學,財務管理系,國立高雄科技大學 財務管理系,61090606,蘇*永,備取,國立高雄科技大學,國立高雄科技大學財務管理系,原校系/本校留任,4,"國立高雄科技大學財務管理系(備取,分發); 國立高雄科技大學行銷與流通管理系(通過); 國立高雄科技大學金融資訊系(正取); 國立臺中科技大學財務金融系(正取)"
CAND_1422,115,nkust_fm,國立高雄科技大學,財務管理系,國立高雄科技大學 財務管理系,70090089,楊*芮,備取,國立高雄科技大學,國立高雄科技大學財務管理系,原校系/本校留任,1,"國立高雄科技大學財務管理系(備取,分發)"
CAND_1423,115,nkust_fm,國立高雄科技大學,財務管理系,國立高雄科技大學 財務管理系,71090321,陳*明,備取,國立高雄科技大學,國立高雄科技大學會計資訊系,原校系/本校留任,4,"國立高雄科技大學財務管理系(備取); 國立高雄科技大學會計資訊系(正取,分發); 國立臺中科技大學會計資訊系(通過); 國立屏東大學會計學系(正取)"
CAND_1424,115,nkust_fm,國立高雄科技大學,財務管理系,國立高雄科技大學 財務管理系,68530080,梁*,備取,國立高雄科技大學,國立高雄科技大學資訊管理系,原校系/本校留任,5,"國立高雄科技大學財務管理系(備取); 國立雲林科技大學資訊管理系(通過); 國立雲林科技大學財務金融系(通過); 國立高雄科技大學資訊管理系(正取,分發); 國立虎尾科技大學財務金融系(通過)"
CAND_1425,115,nkust_fm,國立高雄科技大學,財務管理系,國立高雄科技大學 財務管理系,61090018,陸*君,備取,國立彰化師範大學,國立彰化師範大學財務金融技術學系,其他學校錄取,3,"國立高雄科技大學財務管理系(備取); 國立臺中科技大學財務金融系(正取); 國立彰化師範大學財務金融技術學系(備取,分發)"
CAND_1426,115,nkust_fm,國立高雄科技大學,財務管理系,國立高雄科技大學 財務管理系,61090453,*融,備取,國立高雄科技大學,國立高雄科技大學財務管理系,原校系/本校留任,2,"國立高雄科技大學財務管理系(備取,分發); 國立高雄科技大學金融資訊系(正取)"
CAND_1427,115,nkust_fm,國立高雄科技大學,財務管理系,國立高雄科技大學 財務管理系,58090301,邱*,備取,國立雲林科技大學,國立雲林科技大學會計系,其他學校錄取,6,"國立高雄科技大學財務管理系(備取); 國立雲林科技大學財務金融系(備取); 國立雲林科技大學會計系(備取,分發); 國立高雄科技大學企業管理系(正取); 國立高雄科技大學金融資訊系(正取); 國立臺北商業大學企業管理系(臺北校區)(正取)"
CAND_1428,115,nkust_fm,國立高雄科技大學,財務管理系,國立高雄科技大學 財務管理系,65090364,楊*,備取,國立雲林科技大學,國立雲林科技大學財務金融系,其他學校錄取,5,"國立高雄科技大學財務管理系(備取); 國立雲林科技大學工業工程與管理系(通過); 國立雲林科技大學財務金融系(正取,分發); 國立高雄科技大學金融系(正取); 國立臺中科技大學財務金融系(通過)"
CAND_1429,115,nkust_fm,國立高雄科技大學,財務管理系,國立高雄科技大學 財務管理系,70090848,李*,備取,國立高雄科技大學,國立高雄科技大學財務管理系,原校系/本校留任,1,"國立高雄科技大學財務管理系(備取,分發)"
CAND_1430,115,nkust_fm,國立高雄科技大學,財務管理系,國立高雄科技大學 財務管理系,68090378,李*瑄,備取,國立高雄科技大學,國立高雄科技大學金融系,原校系/本校留任,2,"國立高雄科技大學財務管理系(備取); 國立高雄科技大學金融系(備取,分發)"
CAND_1431,115,nkust_fm,國立高雄科技大學,財務管理系,國立高雄科技大學 財務管理系,57090014,*洋,備取,國立臺北商業大學,國立臺北商業大學企業管理系(臺北校區),其他學校錄取,5,"國立高雄科技大學財務管理系(備取); 國立高雄科技大學智慧商務系(正取); 國立虎尾科技大學資訊管理系(通過); 國立臺中科技大學財務金融系(正取); 國立臺北商業大學企業管理系(臺北校區)(備取,分發)"
CAND_1432,115,nkust_fm,國立高雄科技大學,財務管理系,國立高雄科技大學 財務管理系,61090729,林*熙,備取,國立高雄科技大學,國立高雄科技大學財務管理系,原校系/本校留任,1,"國立高雄科技大學財務管理系(備取,分發)"
CAND_1433,115,nkust_fm,國立高雄科技大學,財務管理系,國立高雄科技大學 財務管理系,70090065,李*廷,備取,國立高雄科技大學,國立高雄科技大學財務管理系,原校系/本校留任,3,"國立高雄科技大學財務管理系(備取,分發); 國立雲林科技大學財務金融系(通過); 國立臺中科技大學財務金融系(通過)"
CAND_1434,115,nkust_fm,國立高雄科技大學,財務管理系,國立高雄科技大學 財務管理系,68090562,黄*諭,備取,國立高雄科技大學,國立高雄科技大學資訊管理系,原校系/本校留任,6,"國立高雄科技大學財務管理系(備取); 國立高雄科技大學工業工程與管理系(備取); 國立高雄科技大學資訊管理系(正取,分發); 國立虎尾科技大學資訊管理系(通過); 國立勤益科技大學資訊管理系(通過); 國立屏東大學資訊管理學系(正取)"
CAND_1435,115,nkust_fm,國立高雄科技大學,財務管理系,國立高雄科技大學 財務管理系,70090614,鄭*澄,備取,國立高雄科技大學,國立高雄科技大學財務管理系,原校系/本校留任,3,"國立高雄科技大學財務管理系(備取,分發); 國立高雄科技大學行銷與流通管理系(通過); 國立臺中科技大學財務金融系(通過)"
CAND_1436,115,nkust_fm,國立高雄科技大學,財務管理系,國立高雄科技大學 財務管理系,70090853,林*筠,備取,國立高雄科技大學,國立高雄科技大學財務管理系,原校系/本校留任,2,"國立高雄科技大學財務管理系(備取,分發); 國立高雄科技大學金融資訊系(通過)"
CAND_1437,115,nkust_fm,國立高雄科技大學,財務管理系,國立高雄科技大學 財務管理系,61090358,周*似,備取,—,—,未分發或放棄,2,國立高雄科技大學財務管理系(備取); 國立高雄科技大學會計資訊系(通過)
CAND_1438,115,nkust_fm,國立高雄科技大學,財務管理系,國立高雄科技大學 財務管理系,76090034,*珵,備取,國立臺北商業大學,國立臺北商業大學財務金融系(臺北校區),其他學校錄取,5,"國立高雄科技大學財務管理系(備取); 國立高雄科技大學智慧商務系(通過); 國立臺北商業大學財務金融系(臺北校區)(正取,分發); 國立臺北商業大學財政稅務系(臺北校區)(備取); 國立臺北商業大學企業管理系(臺北校區)(備取)"
CAND_1439,115,nkust_fm,國立高雄科技大學,財務管理系,國立高雄科技大學 財務管理系,76090037,歐*聲,備取,國立臺北科技大學,國立臺北科技大學經營管理系,其他學校錄取,5,"國立高雄科技大學財務管理系(備取); 國立臺北科技大學經營管理系(備取,分發); 國立臺北商業大學財務金融系(臺北校區)(備取); 國立臺北商業大學財政稅務系(臺北校區)(備取); 國立臺北商業大學企業管理系(臺北校區)(備取)"
CAND_1440,115,nkust_fm,國立高雄科技大學,財務管理系,國立高雄科技大學 財務管理系,68090572,賴*盛,備取,國立高雄科技大學,國立高雄科技大學金融系,原校系/本校留任,3,"國立高雄科技大學財務管理系(備取); 國立高雄科技大學資訊管理系(正取); 國立高雄科技大學金融系(正取,分發)"
CAND_1441,115,nkust_fm,國立高雄科技大學,財務管理系,國立高雄科技大學 財務管理系,52090246,陳*鴻,備取,—,—,未分發或放棄,3,國立高雄科技大學財務管理系(通過); 國立臺中科技大學應用統計系(備取); 國立屏東大學資訊管理學系(通過)
CAND_1442,115,nkust_fm,國立高雄科技大學,財務管理系,國立高雄科技大學 財務管理系,54090223,楊*均,備取,國立臺北商業大學,國立臺北商業大學企業管理系(臺北校區),其他學校錄取,4,"國立高雄科技大學財務管理系(通過); 國立雲林科技大學財務金融系(通過); 國立臺中科技大學財務金融系(通過); 國立臺北商業大學企業管理系(臺北校區)(正取,分發)"
CAND_1443,115,nkust_fm,國立高雄科技大學,財務管理系,國立高雄科技大學 財務管理系,54090324,陳*昕,備取,—,—,未分發或放棄,4,國立高雄科技大學財務管理系(通過); 國立雲林科技大學會計系(備取); 國立高雄科技大學會計資訊系(正取); 國立臺中科技大學會計資訊系(備取)
CAND_1444,115,nkust_fm,國立高雄科技大學,財務管理系,國立高雄科技大學 財務管理系,55090039,楊*穎,備取,銘傳大學,銘傳大學會計學系(台北校區),其他學校錄取,5,"國立高雄科技大學財務管理系(通過); 國立高雄科技大學金融資訊系(備取); 中原大學會計學系(備取); 中原大學資訊管理學系(備取); 銘傳大學會計學系(台北校區)(備取,分發)"
CAND_1445,115,nkust_fm,國立高雄科技大學,財務管理系,國立高雄科技大學 財務管理系,56090054,林*,備取,—,—,未分發或放棄,3,國立高雄科技大學財務管理系(通過); 國立勤益科技大學工業工程與管理系(通過); 國立聯合大學經營管理學系(通過)
CAND_1446,115,nkust_fm,國立高雄科技大學,財務管理系,國立高雄科技大學 財務管理系,56090186,林*歆,備取,—,—,未分發或放棄,6,國立高雄科技大學財務管理系(通過); 國立高雄科技大學工業工程與管理系(通過); 國立臺中科技大學財務金融系(通過); 國立臺北商業大學財務金融系(臺北校區)(通過); 國立臺北商業大學財政稅務系(臺北校區)(通過); 致理科技大學財務金融系(通過)
CAND_1447,115,nkust_fm,國立高雄科技大學,財務管理系,國立高雄科技大學 財務管理系,57090179,吳*恩,備取,國立臺中科技大學,國立臺中科技大學資訊管理系,其他學校錄取,3,"國立高雄科技大學財務管理系(通過); 國立高雄科技大學資訊管理系(正取); 國立臺中科技大學資訊管理系(正取,分發)"
CAND_1448,115,nkust_fm,國立高雄科技大學,財務管理系,國立高雄科技大學 財務管理系,57090327,陳*永,正取,國立高雄科技大學,國立高雄科技大學金融系,原校系/本校留任,6,"國立高雄科技大學財務管理系(通過); 國立雲林科技大學財務金融系(正取); 國立高雄科技大學金融系(正取,分發); 國立高雄科技大學財政稅務系(通過); 國立臺中科技大學財務金融系(正取); 逢甲大學財稅學系(通過)"
CAND_1449,115,nkust_fm,國立高雄科技大學,財務管理系,國立高雄科技大學 財務管理系,58090524,趙*然,備取,國立臺中科技大學,國立臺中科技大學流通管理系,其他學校錄取,6,"國立高雄科技大學財務管理系(通過); 國立雲林科技大學工業工程與管理系(通過); 國立屏東科技大學企業管理系(通過); 國立高雄科技大學企業管理系(正取); 國立勤益科技大學企業管理系(通過); 國立臺中科技大學流通管理系(正取,分發)"
CAND_1450,115,nkust_fm,國立高雄科技大學,財務管理系,國立高雄科技大學 財務管理系,60090275,賴*,備取,—,—,未分發或放棄,2,國立高雄科技大學財務管理系(通過); 國立雲林科技大學企業管理系(通過)
CAND_1451,115,nkust_fm,國立高雄科技大學,財務管理系,國立高雄科技大學 財務管理系,61090038,侯*峮,備取,—,—,未分發或放棄,3,國立高雄科技大學財務管理系(通過); 國立高雄科技大學運籌管理系(通過); 國立臺中科技大學企業管理系(通過)
CAND_1452,115,nkust_fm,國立高雄科技大學,財務管理系,國立高雄科技大學 財務管理系,61090173,陳*吟,備取,國立高雄科技大學,國立高雄科技大學風險管理與保險系,原校系/本校留任,5,"國立高雄科技大學財務管理系(通過); 國立高雄科技大學風險管理與保險系(備取,分發); 國立虎尾科技大學企業管理系(正取); 國立勤益科技大學行銷與流通管理系(通過); 朝陽科技大學保險金融管理系(通過)"
CAND_1453,115,nkust_fm,國立高雄科技大學,財務管理系,國立高雄科技大學 財務管理系,61090366,陳*,備取,國立高雄科技大學,國立高雄科技大學會計資訊系,原校系/本校留任,2,"國立高雄科技大學財務管理系(通過); 國立高雄科技大學會計資訊系(正取,分發)"
CAND_1454,115,nkust_fm,國立高雄科技大學,財務管理系,國立高雄科技大學 財務管理系,61091348,郭*利,備取,—,—,未分發或放棄,2,國立高雄科技大學財務管理系(通過); 國立高雄科技大學資訊管理系(通過)
CAND_1455,115,nkust_fm,國立高雄科技大學,財務管理系,國立高雄科技大學 財務管理系,61091440,張*愷,備取,—,—,未分發或放棄,3,國立高雄科技大學財務管理系(通過); 國立雲林科技大學財務金融系(備取); 國立臺中科技大學財務金融系(通過)
CAND_1456,115,nkust_fm,國立高雄科技大學,財務管理系,國立高雄科技大學 財務管理系,64090535,周*,備取,—,—,未分發或放棄,5,國立高雄科技大學財務管理系(通過); 國立雲林科技大學工業工程與管理系(通過); 國立高雄科技大學工業工程與管理系(通過); 國立高雄科技大學金融系(通過); 國立臺北商業大學財政稅務系(臺北校區)(通過)
CAND_1457,115,nkust_fm,國立高雄科技大學,財務管理系,國立高雄科技大學 財務管理系,64090551,*蔚,備取,國立臺中科技大學,國立臺中科技大學財務金融系,其他學校錄取,2,"國立高雄科技大學財務管理系(通過); 國立臺中科技大學財務金融系(正取,分發)"
CAND_1458,115,nkust_fm,國立高雄科技大學,財務管理系,國立高雄科技大學 財務管理系,65090240,葵*,備取,國立臺中科技大學,國立臺中科技大學保險金融管理系,其他學校錄取,6,"國立高雄科技大學財務管理系(通過); 國立高雄科技大學風險管理與保險系(備取); 國立高雄科技大學航運管理系(通過); 國立虎尾科技大學財務金融系(通過); 國立勤益科技大學行銷與流通管理系(通過); 國立臺中科技大學保險金融管理系(正取,分發)"
CAND_1459,115,nkust_fm,國立高雄科技大學,財務管理系,國立高雄科技大學 財務管理系,67090041,李*宇,備取,—,—,未分發或放棄,4,國立高雄科技大學財務管理系(通過); 國立高雄科技大學金融系(通過); 國立高雄科技大學金融資訊系(通過); 國立虎尾科技大學財務金融系(通過)
CAND_1460,115,nkust_fm,國立高雄科技大學,財務管理系,國立高雄科技大學 財務管理系,67090144,考生*,備取,—,—,未分發或放棄,4,國立高雄科技大學財務管理系(通過); 國立臺灣科技大學企業管理系(通過); 國立雲林科技大學會計系(正取); 國立高雄科技大學金融系(通過)
CAND_1461,115,nkust_fm,國立高雄科技大學,財務管理系,國立高雄科技大學 財務管理系,68090525,*龍,正取,國立高雄科技大學,國立高雄科技大學金融系,原校系/本校留任,4,"國立高雄科技大學財務管理系(通過); 國立雲林科技大學財務金融系(通過); 國立高雄科技大學金融系(正取,分發); 國立臺北商業大學財政稅務系(臺北校區)(通過)"
CAND_1462,115,nkust_fm,國立高雄科技大學,財務管理系,國立高雄科技大學 財務管理系,68090645,陳*木,備取,國立臺中科技大學,國立臺中科技大學資訊管理系,其他學校錄取,5,"國立高雄科技大學財務管理系(通過); 國立雲林科技大學財務金融系(備取); 國立高雄科技大學智慧商務系(通過); 國立虎尾科技大學資訊管理系(通過); 國立臺中科技大學資訊管理系(正取,分發)"
CAND_1463,115,nkust_fm,國立高雄科技大學,財務管理系,國立高雄科技大學 財務管理系,70090069,陳*蓉,備取,—,—,未分發或放棄,4,國立高雄科技大學財務管理系(通過); 國立雲林科技大學財務金融系(通過); 國立虎尾科技大學財務金融系(通過); 國立臺中科技大學財務金融系(通過)
CAND_1464,115,nkust_fm,國立高雄科技大學,財務管理系,國立高雄科技大學 財務管理系,70090333,維*妤,備取,—,—,未分發或放棄,3,國立高雄科技大學財務管理系(通過); 國立高雄科技大學運籌管理系(通過); 國立高雄科技大學供應鏈管理系(通過)
CAND_1465,115,nkust_fm,國立高雄科技大學,財務管理系,國立高雄科技大學 財務管理系,70090693,方*柔,備取,—,—,未分發或放棄,3,國立高雄科技大學財務管理系(通過); 國立高雄科技大學運籌管理系(通過); 國立高雄科技大學金融系(通過)
CAND_1466,115,nkust_fm,國立高雄科技大學,財務管理系,國立高雄科技大學 財務管理系,70090717,賴*綸,備取,—,—,未分發或放棄,2,國立高雄科技大學財務管理系(通過); 國立高雄科技大學會計資訊系(通過)
CAND_1467,115,nkust_fm,國立高雄科技大學,財務管理系,國立高雄科技大學 財務管理系,70090740,黄*淇,正取,國立高雄科技大學,國立高雄科技大學會計資訊系,原校系/本校留任,4,"國立高雄科技大學財務管理系(通過); 國立雲林科技大學會計系(正取); 國立高雄科技大學金融系(正取); 國立高雄科技大學會計資訊系(正取,分發)"
CAND_1468,115,nkust_fm,國立高雄科技大學,財務管理系,國立高雄科技大學 財務管理系,70090745,郭*鉲,備取,—,—,未分發或放棄,4,國立高雄科技大學財務管理系(通過); 國立高雄科技大學會計資訊系(通過); 國立勤益科技大學資訊管理系(通過); 國立臺中科技大學會計資訊系(通過)
CAND_1469,115,nkust_fm,國立高雄科技大學,財務管理系,國立高雄科技大學 財務管理系,70090812,考生*,備取,—,—,未分發或放棄,4,國立高雄科技大學財務管理系(通過); 國立雲林科技大學會計系(通過); 國立高雄科技大學會計資訊系(通過); 國立臺中科技大學財務金融系(通過)
CAND_1470,115,nkust_fm,國立高雄科技大學,財務管理系,國立高雄科技大學 財務管理系,74090078,李*妤,備取,慈濟大學,慈濟大學醫學影像暨放射科學系,其他學校錄取,4,"國立高雄科技大學財務管理系(通過); 國立屏東科技大學企業管理系(通過); 國立臺中科技大學企業管理系(備取); 慈濟大學醫學影像暨放射科學系(正取,分發)"
CAND_1471,115,nkust_fm,國立高雄科技大學,財務管理系,國立高雄科技大學 財務管理系,75090034,陳*,備取,國立屏東科技大學,國立屏東科技大學企業管理系,其他學校錄取,3,"國立高雄科技大學財務管理系(通過); 國立屏東科技大學企業管理系(正取,分發); 亞洲大學人工智慧學系(通過)"
CAND_1472,115,nkust_fm,國立高雄科技大學,財務管理系,國立高雄科技大學 財務管理系,76090019,許*,備取,國立高雄科技大學,國立高雄科技大學國際企業系,原校系/本校留任,6,"國立高雄科技大學財務管理系(通過); 國立高雄科技大學國際企業系(正取,分發); 國立高雄科技大學企業管理系(通過); 國立虎尾科技大學資訊管理系(正取); 國立勤益科技大學資訊管理系(備取); 國立臺中科技大學多媒體設計系(正取)"
CAND_1473,115,nkust_fm,國立高雄科技大學,財務管理系,國立高雄科技大學 財務管理系,76090039,楊*蓉,備取,—,—,未分發或放棄,4,國立高雄科技大學財務管理系(通過); 國立屏東科技大學企業管理系(通過); 國立高雄科技大學國際企業系(通過); 國立高雄科技大學企業管理系(通過)
CAND_1474,115,nkust_fm,國立高雄科技大學,財務管理系,國立高雄科技大學 財務管理系,76090040,考生*,備取,—,—,未分發或放棄,6,國立高雄科技大學財務管理系(通過); 國立屏東科技大學企業管理系(通過); 國立屏東科技大學社會工作系(通過); 國立臺北科技大學經營管理系(通過); 國立高雄科技大學國際企業系(通過); 國立高雄科技大學企業管理系(通過)
CAND_1475,115,nkust_fm,國立高雄科技大學,財務管理系,國立高雄科技大學 財務管理系,76090041,陳*汝,備取,國立雲林科技大學,國立雲林科技大學財務金融系,其他學校錄取,5,"國立高雄科技大學財務管理系(通過); 國立雲林科技大學財務金融系(備取,分發); 國立臺中科技大學財務金融系(通過); 國立臺北商業大學財務金融系(臺北校區)(備取); 國立臺北商業大學財政稅務系(臺北校區)(備取)"
CAND_1476,115,nkust_fm,國立高雄科技大學,財務管理系,國立高雄科技大學 財務管理系,76090050,謝*玲,備取,國立臺北科技大學,國立臺北科技大學工業工程與管理系,其他學校錄取,6,"國立高雄科技大學財務管理系(通過); 國立臺北科技大學工業工程與管理系(正取,分發); 國立高雄科技大學工業工程與管理系(正取); 國立勤益科技大學資訊管理系(正取); 國立臺中科技大學資訊管理系(正取); 國立臺北商業大學會計資訊系(臺北校區)(備取)"
CAND_1477,115,nkust_fm,國立高雄科技大學,財務管理系,國立高雄科技大學 財務管理系,76090054,宋*,備取,國立澎湖科技大學,國立澎湖科技大學應用外語系,其他學校錄取,6,"國立高雄科技大學財務管理系(通過); 國立屏東科技大學企業管理系(通過); 國立高雄科技大學工業工程與管理系(通過); 國立高雄科技大學國際企業系(通過); 國立澎湖科技大學行銷與物流管理系(通過); 國立澎湖科技大學應用外語系(正取,分發)"
CAND_1478,115,nkust_fm,國立高雄科技大學,財務管理系,國立高雄科技大學 財務管理系,76090058,吳*臻,備取,國立臺北商業大學,國立臺北商業大學財政稅務系(臺北校區),其他學校錄取,6,"國立高雄科技大學財務管理系(通過); 國立雲林科技大學財務金融系(通過); 國立臺北科技大學經營管理系(通過); 國立臺中科技大學財務金融系(通過); 國立臺北商業大學財務金融系(臺北校區)(備取); 國立臺北商業大學財政稅務系(臺北校區)(備取,分發)"
CAND_1479,115,nkust_fm,國立高雄科技大學,財務管理系,國立高雄科技大學 財務管理系,76090065,陳*,備取,國立高雄餐旅大學,國立高雄餐旅大學餐旅暨會展行銷管理系,其他學校錄取,5,"國立高雄科技大學財務管理系(通過); 國立高雄科技大學企業管理系(通過); 國立澎湖科技大學行銷與物流管理系(通過); 國立高雄餐旅大學餐旅暨會展行銷管理系(備取,分發); 正修科技大學企業管理系(備取)"
CAND_1480,114,nkust_fm,國立高雄科技大學,財務管理系,國立高雄科技大學 財務管理系,61091653,翁*,正取,—,—,未分發或放棄,4,國立高雄科技大學財務管理系(正取); 國立高雄科技大學金融系(通過); 國立臺中科技大學財務金融系(通過); 國立彰化師範大學財務金融技術學系(正取)
CAND_1481,114,nkust_fm,國立高雄科技大學,財務管理系,國立高雄科技大學 財務管理系,71090302,陳*穎,正取,國立雲林科技大學,國立雲林科技大學會計系,其他學校錄取,5,"國立高雄科技大學財務管理系(正取); 國立雲林科技大學財務金融系(正取); 國立雲林科技大學會計系(正取,分發); 國立高雄科技大學資訊管理系(通過); 國立高雄科技大學金融資訊系(通過)"
CAND_1482,114,nkust_fm,國立高雄科技大學,財務管理系,國立高雄科技大學 財務管理系,70090445,楊*凱,正取,國立高雄科技大學,國立高雄科技大學財務管理系,原校系/本校留任,3,"國立高雄科技大學財務管理系(正取,分發); 國立臺中科技大學財務金融系(通過); 國立臺北商業大學企業管理系(臺北校區)(正取)"
CAND_1483,114,nkust_fm,國立高雄科技大學,財務管理系,國立高雄科技大學 財務管理系,68090260,葵*妤,正取,國立高雄科技大學,國立高雄科技大學財務管理系,原校系/本校留任,1,"國立高雄科技大學財務管理系(正取,分發)"
CAND_1484,114,nkust_fm,國立高雄科技大學,財務管理系,國立高雄科技大學 財務管理系,66090305,*閎,正取,國立高雄科技大學,國立高雄科技大學資訊管理系,原校系/本校留任,3,"國立高雄科技大學財務管理系(正取); 國立高雄科技大學資訊管理系(正取); 國立高雄科技大學資訊管理系(正取,分發)"
CAND_1485,114,nkust_fm,國立高雄科技大學,財務管理系,國立高雄科技大學 財務管理系,64090115,黄*,正取,國立臺中科技大學,國立臺中科技大學財務金融系,其他學校錄取,6,"國立高雄科技大學財務管理系(正取); 國立雲林科技大學財務金融系(備取); 國立高雄科技大學資訊管理系(通過); 國立高雄科技大學運籌管理系(通過); 國立臺中科技大學財務金融系(正取,分發); 國立臺北商業大學企業管理系(臺北校區)(正取)"
CAND_1486,114,nkust_fm,國立高雄科技大學,財務管理系,國立高雄科技大學 財務管理系,59090162,黄*,正取,國立高雄科技大學,國立高雄科技大學財務管理系,原校系/本校留任,2,"國立高雄科技大學財務管理系(正取,分發); 國立臺中科技大學財務金融系(正取)"
CAND_1487,114,nkust_fm,國立高雄科技大學,財務管理系,國立高雄科技大學 財務管理系,58090084,維*女,正取,—,—,未分發或放棄,2,國立高雄科技大學財務管理系(正取); 國立臺中科技大學財務金融系(正取)
CAND_1488,114,nkust_fm,國立高雄科技大學,財務管理系,國立高雄科技大學 財務管理系,63090049,陳*偉,正取,國立高雄科技大學,國立高雄科技大學金融系,原校系/本校留任,3,"國立高雄科技大學財務管理系(正取); 國立高雄科技大學行銷與流通管理系(通過); 國立高雄科技大學金融系(正取,分發)"
CAND_1489,114,nkust_fm,國立高雄科技大學,財務管理系,國立高雄科技大學 財務管理系,59090038,胡*駿,正取,國立高雄科技大學,國立高雄科技大學財務管理系,原校系/本校留任,2,"國立高雄科技大學財務管理系(正取,分發); 國立高雄科技大學金融系(正取)"
CAND_1490,114,nkust_fm,國立高雄科技大學,財務管理系,國立高雄科技大學 財務管理系,61090383,*璇,正取,國立雲林科技大學,國立雲林科技大學財務金融系,其他學校錄取,4,"國立高雄科技大學財務管理系(正取); 國立雲林科技大學財務金融系(正取,分發); 國立虎尾科技大學財務金融系(正取); 國立臺中科技大學財務金融系(正取)"
CAND_1491,114,nkust_fm,國立高雄科技大學,財務管理系,國立高雄科技大學 財務管理系,70090462,吳*琳,正取,國立高雄科技大學,國立高雄科技大學金融系,原校系/本校留任,2,"國立高雄科技大學財務管理系(正取); 國立高雄科技大學金融系(正取,分發)"
CAND_1492,114,nkust_fm,國立高雄科技大學,財務管理系,國立高雄科技大學 財務管理系,61091287,*甄,正取,國立高雄科技大學,國立高雄科技大學金融系,原校系/本校留任,4,"國立高雄科技大學財務管理系(正取); 國立高雄科技大學金融系(正取,分發); 國立高雄科技大學財政稅務系(通過); 國立臺中科技大學財務金融系(通過)"
CAND_1493,114,nkust_fm,國立高雄科技大學,財務管理系,國立高雄科技大學 財務管理系,67090194,李*,正取,國立高雄科技大學,國立高雄科技大學金融系,原校系/本校留任,4,"國立高雄科技大學財務管理系(正取); 國立高雄科技大學資訊管理系(正取); 國立高雄科技大學金融系(正取,分發); 國立臺中科技大學財務金融系(正取)"
CAND_1494,114,nkust_fm,國立高雄科技大學,財務管理系,國立高雄科技大學 財務管理系,61090613,黄*尹,正取,國立高雄科技大學,國立高雄科技大學金融系,原校系/本校留任,2,"國立高雄科技大學財務管理系(正取); 國立高雄科技大學金融系(正取,分發)"
CAND_1495,114,nkust_fm,國立高雄科技大學,財務管理系,國立高雄科技大學 財務管理系,61090679,李*妍,正取,國立高雄科技大學,國立高雄科技大學財務管理系,原校系/本校留任,5,"國立高雄科技大學財務管理系(正取,分發); 國立高雄科技大學風險管理與保險系(通過); 國立虎尾科技大學工業管理系(通過); 國立虎尾科技大學財務金融系(正取); 國立臺中科技大學財務金融系(正取)"
CAND_1496,114,nkust_fm,國立高雄科技大學,財務管理系,國立高雄科技大學 財務管理系,61091757,楊*臻,正取,—,—,未分發或放棄,4,國立高雄科技大學財務管理系(正取); 國立雲林科技大學企業管理系(通過); 國立高雄科技大學金融系(正取); 國立臺北商業大學國際商務系(臺北校區)(通過)
CAND_1497,114,nkust_fm,國立高雄科技大學,財務管理系,國立高雄科技大學 財務管理系,61091035,陳*均,正取,國立高雄科技大學,國立高雄科技大學財務管理系,原校系/本校留任,2,"國立高雄科技大學財務管理系(正取,分發); 國立高雄科技大學運籌管理系(正取)"
CAND_1498,114,nkust_fm,國立高雄科技大學,財務管理系,國立高雄科技大學 財務管理系,71090193,陳*菁,正取,國立高雄科技大學,國立高雄科技大學會計資訊系,原校系/本校留任,4,"國立高雄科技大學財務管理系(正取); 國立高雄科技大學會計資訊系(正取,分發); 國立臺中科技大學會計資訊系(正取); 國立屏東大學會計學系(正取)"
CAND_1499,114,nkust_fm,國立高雄科技大學,財務管理系,國立高雄科技大學 財務管理系,75090115,侯*,正取,國立臺中科技大學,國立臺中科技大學財務金融系,其他學校錄取,3,"國立高雄科技大學財務管理系(正取); 國立勤益科技大學行銷與流通管理系(通過); 國立臺中科技大學財務金融系(正取,分發)"
CAND_1500,114,nkust_fm,國立高雄科技大學,財務管理系,國立高雄科技大學 財務管理系,76090049,黄*銘,正取,國立高雄科技大學,國立高雄科技大學財務管理系,原校系/本校留任,2,"國立高雄科技大學財務管理系(正取,分發); 國立高雄科技大學航運管理系(通過)"
CAND_1501,114,nkust_fm,國立高雄科技大學,財務管理系,國立高雄科技大學 財務管理系,76090051,薛*峰,正取,國立臺北商業大學,國立臺北商業大學財政稅務系(臺北校區),其他學校錄取,4,"國立高雄科技大學財務管理系(正取); 國立高雄科技大學金融資訊系(備取); 國立臺中科技大學財務金融系(備取); 國立臺北商業大學財政稅務系(臺北校區)(備取,分發)"
CAND_1502,114,nkust_fm,國立高雄科技大學,財務管理系,國立高雄科技大學 財務管理系,58090156,賴*,正取,國立臺中科技大學,國立臺中科技大學財務金融系,其他學校錄取,4,"國立高雄科技大學財務管理系(正取); 國立高雄科技大學金融資訊系(正取); 國立虎尾科技大學財務金融系(通過); 國立臺中科技大學財務金融系(備取,分發)"
CAND_1503,114,nkust_fm,國立高雄科技大學,財務管理系,國立高雄科技大學 財務管理系,61091483,梁*,備取,國立雲林科技大學,國立雲林科技大學財務金融系,其他學校錄取,6,"國立高雄科技大學財務管理系(備取); 國立雲林科技大學企業管理系(正取); 國立雲林科技大學財務金融系(正取,分發); 國立高雄科技大學金融系(正取); 國立高雄科技大學財政稅務系(正取); 國立臺北商業大學國際商務系(臺北校區)(正取)"
CAND_1504,114,nkust_fm,國立高雄科技大學,財務管理系,國立高雄科技大學 財務管理系,68530051,*女,備取,國立高雄科技大學,國立高雄科技大學財務管理系,原校系/本校留任,2,"國立高雄科技大學財務管理系(備取,分發); 國立臺中科技大學會計資訊系(正取)"
CAND_1505,114,nkust_fm,國立高雄科技大學,財務管理系,國立高雄科技大學 財務管理系,61090503,徐*,備取,國立雲林科技大學,國立雲林科技大學財務金融系,其他學校錄取,4,"國立高雄科技大學財務管理系(備取); 國立雲林科技大學財務金融系(備取,分發); 國立臺中科技大學財務金融系(正取); 國立臺北商業大學企業管理系(臺北校區)(備取)"
CAND_1506,114,nkust_fm,國立高雄科技大學,財務管理系,國立高雄科技大學 財務管理系,59090365,A*盲,備取,國立高雄科技大學,國立高雄科技大學財務管理系,原校系/本校留任,5,"國立高雄科技大學財務管理系(備取,分發); 國立雲林科技大學財務金融系(通過); 國立雲林科技大學會計系(備取); 國立高雄科技大學金融系(通過); 國立臺北商業大學會計資訊系(臺北校區)(通過)"
CAND_1507,114,nkust_fm,國立高雄科技大學,財務管理系,國立高雄科技大學 財務管理系,61090615,紀*日,備取,國立高雄科技大學,國立高雄科技大學財務管理系,原校系/本校留任,2,"國立高雄科技大學財務管理系(備取,分發); 國立臺北商業大學企業管理系(臺北校區)(備取)"
CAND_1508,114,nkust_fm,國立高雄科技大學,財務管理系,國立高雄科技大學 財務管理系,68530042,許*絜,備取,國立雲林科技大學,國立雲林科技大學工業工程與管理系,其他學校錄取,6,"國立高雄科技大學財務管理系(備取); 國立雲林科技大學工業工程與管理系(正取,分發); 國立高雄科技大學金融資訊系(正取); 國立高雄科技大學智慧商務系(正取); 國立虎尾科技大學工業管理系(通過); 國立虎尾科技大學資訊管理系(正取)"
CAND_1509,114,nkust_fm,國立高雄科技大學,財務管理系,國立高雄科技大學 財務管理系,64090043,鄭*永,備取,國立雲林科技大學,國立雲林科技大學財務金融系,其他學校錄取,5,"國立高雄科技大學財務管理系(備取); 國立雲林科技大學財務金融系(備取,分發); 國立高雄科技大學金融資訊系(通過); 國立臺中科技大學財務金融系(通過); 國立臺北商業大學企業管理系(臺北校區)(備取)"
CAND_1510,114,nkust_fm,國立高雄科技大學,財務管理系,國立高雄科技大學 財務管理系,59090026,*淇,備取,國立高雄科技大學,國立高雄科技大學財務管理系,原校系/本校留任,1,"國立高雄科技大學財務管理系(備取,分發)"
CAND_1511,114,nkust_fm,國立高雄科技大學,財務管理系,國立高雄科技大學 財務管理系,61091139,吳*毅,備取,國立雲林科技大學,國立雲林科技大學財務金融系,其他學校錄取,3,"國立高雄科技大學財務管理系(備取); 國立雲林科技大學財務金融系(備取,分發); 國立高雄科技大學資訊管理系(備取)"
CAND_1512,114,nkust_fm,國立高雄科技大學,財務管理系,國立高雄科技大學 財務管理系,61090665,張*宏,備取,國立雲林科技大學,國立雲林科技大學財務金融系,其他學校錄取,6,"國立高雄科技大學財務管理系(備取); 國立雲林科技大學財務金融系(備取,分發); 國立雲林科技大學會計系(通過); 國立高雄科技大學金融系(正取); 國立高雄科技大學金融資訊系(正取); 國立虎尾科技大學財務金融系(正取)"
CAND_1513,114,nkust_fm,國立高雄科技大學,財務管理系,國立高雄科技大學 財務管理系,61090903,黄*,備取,國立高雄科技大學,國立高雄科技大學財務管理系,原校系/本校留任,4,"國立高雄科技大學財務管理系(備取,分發); 國立雲林科技大學會計系(備取); 國立臺中科技大學會計資訊系(備取); 國立臺北商業大學會計資訊系(臺北校區)(備取)"
CAND_1514,114,nkust_fm,國立高雄科技大學,財務管理系,國立高雄科技大學 財務管理系,60090183,楊*昇,備取,國立高雄科技大學,國立高雄科技大學財務管理系,原校系/本校留任,4,"國立高雄科技大學財務管理系(備取,分發); 國立高雄科技大學會計資訊系(通過); 國立虎尾科技大學工業管理系(通過); 國立臺中科技大學保險金融管理系(正取)"
CAND_1515,114,nkust_fm,國立高雄科技大學,財務管理系,國立高雄科技大學 財務管理系,68090266,林*融,備取,國立高雄科技大學,國立高雄科技大學金融系,原校系/本校留任,2,"國立高雄科技大學財務管理系(備取); 國立高雄科技大學金融系(備取,分發)"
CAND_1516,114,nkust_fm,國立高雄科技大學,財務管理系,國立高雄科技大學 財務管理系,54090021,李*,備取,—,—,未分發或放棄,3,國立高雄科技大學財務管理系(備取); 國立高雄科技大學金融系(備取); 中原大學國際經營與貿易學系(通過)
CAND_1517,114,nkust_fm,國立高雄科技大學,財務管理系,國立高雄科技大學 財務管理系,64090099,黄*程,備取,國立高雄科技大學,國立高雄科技大學財務管理系,原校系/本校留任,2,"國立高雄科技大學財務管理系(備取,分發); 逢甲大學財稅學系(正取)"
CAND_1518,114,nkust_fm,國立高雄科技大學,財務管理系,國立高雄科技大學 財務管理系,61090982,何*緯,備取,國立高雄科技大學,國立高雄科技大學財務管理系,原校系/本校留任,3,"國立高雄科技大學財務管理系(備取,分發); 國立臺中科技大學資訊工程系(通過); 國立臺北商業大學企業管理系(臺北校區)(備取)"
CAND_1519,114,nkust_fm,國立高雄科技大學,財務管理系,國立高雄科技大學 財務管理系,61090877,賴*錤,備取,國立高雄科技大學,國立高雄科技大學財務管理系,原校系/本校留任,4,"國立高雄科技大學財務管理系(備取,分發); 國立高雄科技大學風險管理與保險系(通過); 國立高雄科技大學會計資訊系(通過); 國立臺中科技大學財務金融系(通過)"
CAND_1520,114,nkust_fm,國立高雄科技大學,財務管理系,國立高雄科技大學 財務管理系,55090365,沙*諺,備取,國立高雄科技大學,國立高雄科技大學財務管理系,原校系/本校留任,3,"國立高雄科技大學財務管理系(備取,分發); 國立虎尾科技大學工業管理系(通過); 國立臺中科技大學財務金融系(備取)"
CAND_1521,114,nkust_fm,國立高雄科技大學,財務管理系,國立高雄科技大學 財務管理系,64090227,梁*淳,備取,國立高雄科技大學,國立高雄科技大學財務管理系,原校系/本校留任,3,"國立高雄科技大學財務管理系(備取,分發); 國立雲林科技大學財務金融系(備取); 國立臺北商業大學企業管理系(臺北校區)(備取)"
CAND_1522,114,nkust_fm,國立高雄科技大學,財務管理系,國立高雄科技大學 財務管理系,75090085,陳*新,備取,國立高雄科技大學,國立高雄科技大學金融系,原校系/本校留任,6,"國立高雄科技大學財務管理系(備取); 國立高雄科技大學風險管理與保險系(通過); 國立高雄科技大學金融系(備取,分發); 國立臺中科技大學財務金融系(通過); 國立屏東大學企業管理學系(通過); 國立屏東大學財務金融學系(通過)"
CAND_1523,114,nkust_fm,國立高雄科技大學,財務管理系,國立高雄科技大學 財務管理系,65090114,陳*諭,備取,國立高雄科技大學,國立高雄科技大學財務管理系,原校系/本校留任,3,"國立高雄科技大學財務管理系(備取,分發); 國立高雄科技大學金融系(通過); 國立臺北商業大學企業管理系(臺北校區)(通過)"
CAND_1524,114,nkust_fm,國立高雄科技大學,財務管理系,國立高雄科技大學 財務管理系,68530003,郭*倚,備取,國立高雄科技大學,國立高雄科技大學金融系,原校系/本校留任,6,"國立高雄科技大學財務管理系(備取); 國立高雄科技大學國際企業系(正取); 國立高雄科技大學金融系(備取,分發); 國立虎尾科技大學財務金融系(通過); 國立虎尾科技大學應用外語系(通過); 國立臺中科技大學國際貿易與經營系(通過)"
CAND_1525,114,nkust_fm,國立高雄科技大學,財務管理系,國立高雄科技大學 財務管理系,55090305,李*慈,備取,—,—,未分發或放棄,4,國立高雄科技大學財務管理系(通過); 國立高雄科技大學金融系(通過); 國立高雄科技大學金融資訊系(通過); 國立臺中科技大學財政稅務系(通過)
CAND_1526,114,nkust_fm,國立高雄科技大學,財務管理系,國立高雄科技大學 財務管理系,55090373,陳*,備取,—,—,未分發或放棄,6,國立高雄科技大學財務管理系(通過); 國立臺灣科技大學企業管理系(通過); 國立臺北科技大學經營管理系(通過); 國立臺北科技大學資訊與財金管理系(通過); 國立高雄科技大學金融系(通過); 國立臺北商業大學會計資訊系(臺北校區)(通過)
CAND_1527,114,nkust_fm,國立高雄科技大學,財務管理系,國立高雄科技大學 財務管理系,57090030,李*琳,備取,國立雲林科技大學,國立雲林科技大學會計系,其他學校錄取,5,"國立高雄科技大學財務管理系(通過); 國立雲林科技大學財務金融系(通過); 國立雲林科技大學會計系(正取,分發); 國立臺北科技大學工業工程與管理系(通過); 國立臺北商業大學財政稅務系(臺北校區)(通過)"
CAND_1528,114,nkust_fm,國立高雄科技大學,財務管理系,國立高雄科技大學 財務管理系,59090062,陳*侒,備取,—,—,未分發或放棄,3,國立高雄科技大學財務管理系(通過); 國立臺北商業大學財政稅務系(臺北校區)(備取); 逢甲大學財稅學系(通過)
CAND_1529,114,nkust_fm,國立高雄科技大學,財務管理系,國立高雄科技大學 財務管理系,59090272,歐*妮,備取,國立臺北商業大學,國立臺北商業大學國際商務系(臺北校區),其他學校錄取,5,"國立高雄科技大學財務管理系(通過); 國立雲林科技大學國際管理學士學位學程(通過); 國立高雄科技大學資訊管理系(通過); 國立臺北商業大學國際商務系(臺北校區)(正取,分發); 國立彰化師範大學財務金融技術學系(備取)"
CAND_1530,114,nkust_fm,國立高雄科技大學,財務管理系,國立高雄科技大學 財務管理系,61090643,陳*蓉,備取,國立臺北商業大學,國立臺北商業大學企業管理系(臺北校區),其他學校錄取,6,"國立高雄科技大學財務管理系(通過); 國立臺灣科技大學企業管理系(備取); 國立雲林科技大學企業管理系(通過); 國立雲林科技大學財務金融系(通過); 國立臺中科技大學企業管理系(通過); 國立臺北商業大學企業管理系(臺北校區)(正取,分發)"
CAND_1531,114,nkust_fm,國立高雄科技大學,財務管理系,國立高雄科技大學 財務管理系,61090689,李*晴,備取,—,—,未分發或放棄,2,國立高雄科技大學財務管理系(通過); 國立彰化師範大學財務金融技術學系(通過)
CAND_1532,114,nkust_fm,國立高雄科技大學,財務管理系,國立高雄科技大學 財務管理系,61090721,考生*,備取,—,—,未分發或放棄,4,國立高雄科技大學財務管理系(通過); 國立雲林科技大學企業管理系(通過); 國立高雄科技大學行銷與流通管理系(通過); 國立臺中科技大學國際貿易與經營系(通過)
CAND_1533,114,nkust_fm,國立高雄科技大學,財務管理系,國立高雄科技大學 財務管理系,61090769,江*永,備取,國立雲林科技大學,國立雲林科技大學財務金融系,其他學校錄取,6,"國立高雄科技大學財務管理系(通過); 國立雲林科技大學財務金融系(正取,分發); 國立高雄科技大學行銷與流通管理系(通過); 國立高雄科技大學金融資訊系(通過); 國立臺中科技大學財務金融系(通過); 國立臺北商業大學會計資訊系(臺北校區)(通過)"
CAND_1534,114,nkust_fm,國立高雄科技大學,財務管理系,國立高雄科技大學 財務管理系,61090807,賴*鍇,備取,—,—,未分發或放棄,4,國立高雄科技大學財務管理系(通過); 國立高雄科技大學風險管理與保險系(通過); 國立高雄科技大學金融系(通過); 國立臺中科技大學財務金融系(通過)
CAND_1535,114,nkust_fm,國立高雄科技大學,財務管理系,國立高雄科技大學 財務管理系,61090857,賴*,備取,國立雲林科技大學,國立雲林科技大學會計系,其他學校錄取,4,"國立高雄科技大學財務管理系(通過); 國立雲林科技大學會計系(備取,分發); 國立高雄科技大學航運管理系(通過); 國立臺北商業大學會計資訊系(臺北校區)(備取)"
CAND_1536,114,nkust_fm,國立高雄科技大學,財務管理系,國立高雄科技大學 財務管理系,61090991,楊*淳,備取,國立彰化師範大學,國立彰化師範大學財務金融技術學系,其他學校錄取,6,"國立高雄科技大學財務管理系(通過); 國立臺中科技大學財政稅務系(通過); 國立彰化師範大學財務金融技術學系(正取,分發); 國立臺中教育大學文化創意產業設計與營運學系(通過); 逢甲大學合作經濟暨社會事業經營學系(正取); 逢甲大學財務金融學系(通過)"
CAND_1537,114,nkust_fm,國立高雄科技大學,財務管理系,國立高雄科技大學 財務管理系,61091077,邱*菘,備取,—,—,未分發或放棄,2,國立高雄科技大學財務管理系(通過); 國立臺中科技大學會計資訊系(通過)
CAND_1538,114,nkust_fm,國立高雄科技大學,財務管理系,國立高雄科技大學 財務管理系,61091091,A*緁,備取,國立臺中科技大學,國立臺中科技大學財務金融系,其他學校錄取,2,"國立高雄科技大學財務管理系(通過); 國立臺中科技大學財務金融系(備取,分發)"
CAND_1539,114,nkust_fm,國立高雄科技大學,財務管理系,國立高雄科技大學 財務管理系,61091171,黄*,備取,—,—,未分發或放棄,3,國立高雄科技大學財務管理系(通過); 國立高雄科技大學運籌管理系(通過); 國立虎尾科技大學財務金融系(通過)
CAND_1540,114,nkust_fm,國立高雄科技大學,財務管理系,國立高雄科技大學 財務管理系,61091513,*甯,備取,—,—,未分發或放棄,1,國立高雄科技大學財務管理系(通過)
CAND_1541,114,nkust_fm,國立高雄科技大學,財務管理系,國立高雄科技大學 財務管理系,61091541,陳*庭,備取,—,—,未分發或放棄,2,國立高雄科技大學財務管理系(通過); 國立臺北商業大學財務金融系(臺北校區)(通過)
CAND_1542,114,nkust_fm,國立高雄科技大學,財務管理系,國立高雄科技大學 財務管理系,64090240,張*豪,備取,國立彰化師範大學,國立彰化師範大學財務金融技術學系,其他學校錄取,2,"國立高雄科技大學財務管理系(通過); 國立彰化師範大學財務金融技術學系(正取,分發)"
CAND_1543,114,nkust_fm,國立高雄科技大學,財務管理系,國立高雄科技大學 財務管理系,64090415,陳*,備取,國立臺北商業大學,國立臺北商業大學財政稅務系(臺北校區),其他學校錄取,3,"國立高雄科技大學財務管理系(通過); 國立雲林科技大學企業管理系(通過); 國立臺北商業大學財政稅務系(臺北校區)(備取,分發)"
CAND_1544,114,nkust_fm,國立高雄科技大學,財務管理系,國立高雄科技大學 財務管理系,64090527,許*慈,備取,國立雲林科技大學,國立雲林科技大學財務金融系,其他學校錄取,6,"國立高雄科技大學財務管理系(通過); 國立雲林科技大學資訊管理系(通過); 國立雲林科技大學財務金融系(正取,分發); 國立臺北商業大學財政稅務系(臺北校區)(備取); 國立彰化師範大學財務金融技術學系(通過); 國立臺中教育大學國際企業學系(通過)"
CAND_1545,114,nkust_fm,國立高雄科技大學,財務管理系,國立高雄科技大學 財務管理系,65090138,黄*尹,備取,國立雲林科技大學,國立雲林科技大學財務金融系,其他學校錄取,4,"國立高雄科技大學財務管理系(通過); 國立雲林科技大學財務金融系(正取,分發); 國立高雄科技大學金融系(通過); 國立臺北商業大學企業管理系(臺北校區)(備取)"
CAND_1546,114,nkust_fm,國立高雄科技大學,財務管理系,國立高雄科技大學 財務管理系,67090144,F*,備取,國立雲林科技大學,國立雲林科技大學會計系,其他學校錄取,5,"國立高雄科技大學財務管理系(通過); 國立雲林科技大學財務金融系(通過); 國立雲林科技大學會計系(備取,分發); 國立高雄科技大學會計資訊系(正取); 國立臺中科技大學會計資訊系(正取)"
CAND_1547,114,nkust_fm,國立高雄科技大學,財務管理系,國立高雄科技大學 財務管理系,67090222,葵*鉲,備取,—,—,未分發或放棄,2,國立高雄科技大學財務管理系(通過); 國立高雄科技大學金融系(通過)
CAND_1548,114,nkust_fm,國立高雄科技大學,財務管理系,國立高雄科技大學 財務管理系,67090278,張*瑜,備取,國立雲林科技大學,國立雲林科技大學會計系,其他學校錄取,6,"國立高雄科技大學財務管理系(通過); 國立雲林科技大學財務金融系(正取); 國立雲林科技大學會計系(正取,分發); 國立高雄科技大學會計資訊系(通過); 國立臺中科技大學財務金融系(通過); 國立臺北商業大學會計資訊系(臺北校區)(正取)"
CAND_1549,114,nkust_fm,國立高雄科技大學,財務管理系,國立高雄科技大學 財務管理系,70090830,顏*燁,備取,—,—,未分發或放棄,4,國立高雄科技大學財務管理系(通過); 國立雲林科技大學財務金融系(通過); 國立高雄科技大學金融系(通過); 國立彰化師範大學財務金融技術學系(通過)
CAND_1550,114,nkust_fm,國立高雄科技大學,財務管理系,國立高雄科技大學 財務管理系,70090861,陳*,備取,—,—,未分發或放棄,3,國立高雄科技大學財務管理系(通過); 國立高雄科技大學國際企業系(通過); 國立彰化師範大學財務金融技術學系(通過)
CAND_1551,114,nkust_fm,國立高雄科技大學,財務管理系,國立高雄科技大學 財務管理系,75090121,張*柔,備取,國立臺中科技大學,國立臺中科技大學國際貿易與經營系,其他學校錄取,4,"國立高雄科技大學財務管理系(通過); 國立高雄科技大學財政稅務系(通過); 國立臺中科技大學國際貿易與經營系(正取,分發); 國立屏東大學國際經營與貿易學系(正取)"
CAND_1552,114,nkust_fm,國立高雄科技大學,財務管理系,國立高雄科技大學 財務管理系,76090001,許*有,備取,國立雲林科技大學,國立雲林科技大學財務金融系,其他學校錄取,6,"國立高雄科技大學財務管理系(通過); 國立雲林科技大學財務金融系(備取,分發); 國立高雄科技大學金融資訊系(通過); 國立臺中科技大學財務金融系(通過); 國立臺北商業大學財務金融系(臺北校區)(備取); 國立屏東大學財務金融學系(正取)"
CAND_1553,114,nkust_fm,國立高雄科技大學,財務管理系,國立高雄科技大學 財務管理系,76090006,考生*,備取,朝陽科技大學,朝陽科技大學財務金融系,其他學校錄取,5,"國立高雄科技大學財務管理系(通過); 朝陽科技大學財務金融系(正取,分發); 南臺科技大學財務金融系(正取); 正修科技大學金融管理系(正取); 義守大學財務金融管理學系(正取)"
CAND_1554,114,nkust_fm,國立高雄科技大學,財務管理系,國立高雄科技大學 財務管理系,76090019,盧*,備取,國立臺中科技大學,國立臺中科技大學企業管理系,其他學校錄取,3,"國立高雄科技大學財務管理系(通過); 國立高雄科技大學企業管理系(通過); 國立臺中科技大學企業管理系(正取,分發)"
CAND_1555,114,nkust_fm,國立高雄科技大學,財務管理系,國立高雄科技大學 財務管理系,76090021,顏*,備取,國立屏東科技大學,國立屏東科技大學休閒運動健康系,其他學校錄取,5,"國立高雄科技大學財務管理系(通過); 國立雲林科技大學財務金融系(備取); 國立屏東科技大學休閒運動健康系(正取,分發); 國立臺北科技大學經營管理系(備取); 國立勤益科技大學企業管理系(正取)"
CAND_1556,114,nkust_fm,國立高雄科技大學,財務管理系,國立高雄科技大學 財務管理系,76090033,*俊,備取,國立勤益科技大學,國立勤益科技大學資訊管理系,其他學校錄取,6,"國立高雄科技大學財務管理系(通過); 國立雲林科技大學財務金融系(通過); 國立屏東科技大學資訊管理系(通過); 國立勤益科技大學資訊管理系(正取,分發); 國立臺中科技大學財務金融系(備取); 國立臺北商業大學資訊管理系(臺北校區)(備取)"
CAND_1557,114,nkust_fm,國立高雄科技大學,財務管理系,國立高雄科技大學 財務管理系,76090042,考生*,備取,—,—,未分發或放棄,4,國立高雄科技大學財務管理系(通過); 國立臺北科技大學資訊與財金管理系(備取); 國立高雄科技大學企業管理系(通過); 國立臺北商業大學資訊管理系(臺北校區)(通過)
CAND_1558,114,nkust_fm,國立高雄科技大學,財務管理系,國立高雄科技大學 財務管理系,76090046,陳*,備取,樹德科技大學,樹德科技大學金融管理系,其他學校錄取,6,"國立高雄科技大學財務管理系(通過); 國立高雄科技大學企業管理系(備取); 國立臺中科技大學財務金融系(通過); 南臺科技大學財務金融系(正取); 樹德科技大學金融管理系(正取,分發); 正修科技大學金融管理系(正取)"
CAND_1559,114,nkust_fm,國立高雄科技大學,財務管理系,國立高雄科技大學 財務管理系,76090054,許*瑜,備取,國立高雄科技大學,國立高雄科技大學企業管理系,原校系/本校留任,5,"國立高雄科技大學財務管理系(通過); 國立屏東科技大學企業管理系(正取); 國立屏東科技大學社會工作系(通過); 國立高雄科技大學企業管理系(正取,分發); 南臺科技大學企業管理系(正取)"
CAND_1560,114,nkust_fm,國立高雄科技大學,財務管理系,國立高雄科技大學 財務管理系,76090055,李*,備取,正修科技大學,正修科技大學資訊管理系,其他學校錄取,6,"國立高雄科技大學財務管理系(通過); 國立高雄科技大學企業管理系(備取); 國立高雄科技大學金融資訊系(備取); 正修科技大學企業管理系(正取); 正修科技大學資訊管理系(正取,分發); 正修科技大學金融管理系(正取)"
CAND_1561,113,nkust_fm,國立高雄科技大學,財務管理系,國立高雄科技大學 財務管理系,70090337,簡*女,正取,國立雲林科技大學,國立雲林科技大學會計系,其他學校錄取,3,"國立高雄科技大學財務管理系(正取); 國立雲林科技大學會計系(正取,分發); 國立高雄科技大學財政稅務系(正取)"
CAND_1562,113,nkust_fm,國立高雄科技大學,財務管理系,國立高雄科技大學 財務管理系,70090937,賴*瑄,正取,國立高雄科技大學,國立高雄科技大學財務管理系,原校系/本校留任,6,"國立高雄科技大學財務管理系(正取,分發); 國立雲林科技大學財務金融系(通過); 國立高雄科技大學金融系(正取); 國立高雄科技大學金融資訊系(通過); 國立臺中科技大學財務金融系(通過); 國立屏東大學財務金融學系(通過)"
CAND_1563,113,nkust_fm,國立高雄科技大學,財務管理系,國立高雄科技大學 財務管理系,70090342,吳*音,正取,國立高雄科技大學,國立高雄科技大學財務管理系,原校系/本校留任,1,"國立高雄科技大學財務管理系(正取,分發)"
CAND_1564,113,nkust_fm,國立高雄科技大學,財務管理系,國立高雄科技大學 財務管理系,70090781,趙*妏,正取,國立雲林科技大學,國立雲林科技大學工業工程與管理系,其他學校錄取,4,"國立高雄科技大學財務管理系(正取); 國立雲林科技大學工業工程與管理系(正取,分發); 國立高雄科技大學金融系(正取); 國立彰化師範大學財務金融技術學系(備取)"
CAND_1565,113,nkust_fm,國立高雄科技大學,財務管理系,國立高雄科技大學 財務管理系,61091551,黄*妤,正取,國立雲林科技大學,國立雲林科技大學國際管理學士學位學程,其他學校錄取,5,"國立高雄科技大學財務管理系(正取); 國立雲林科技大學財務金融系(備取); 國立雲林科技大學國際管理學士學位學程(正取,分發); 國立臺中科技大學國際貿易與經營系(通過); 國立臺北商業大學國際商務系(臺北校區)(通過)"
CAND_1566,113,nkust_fm,國立高雄科技大學,財務管理系,國立高雄科技大學 財務管理系,70090605,考生*,正取,國立高雄科技大學,國立高雄科技大學財務管理系,原校系/本校留任,2,"國立高雄科技大學財務管理系(正取,分發); 國立高雄科技大學金融系(正取)"
CAND_1567,113,nkust_fm,國立高雄科技大學,財務管理系,國立高雄科技大學 財務管理系,68090110,蕭*柔,正取,國立高雄科技大學,國立高雄科技大學財務管理系,原校系/本校留任,1,"國立高雄科技大學財務管理系(正取,分發)"
CAND_1568,113,nkust_fm,國立高雄科技大學,財務管理系,國立高雄科技大學 財務管理系,64090272,葉*,正取,國立彰化師範大學,國立彰化師範大學財務金融技術學系,其他學校錄取,4,"國立高雄科技大學財務管理系(正取); 國立雲林科技大學企業管理系(通過); 國立臺中科技大學財務金融系(正取); 國立彰化師範大學財務金融技術學系(正取,分發)"
CAND_1569,113,nkust_fm,國立高雄科技大學,財務管理系,國立高雄科技大學 財務管理系,64090072,李*紋,正取,國立彰化師範大學,國立彰化師範大學財務金融技術學系,其他學校錄取,4,"國立高雄科技大學財務管理系(正取); 國立高雄科技大學金融資訊系(正取); 國立臺中科技大學財務金融系(正取); 國立彰化師範大學財務金融技術學系(備取,分發)"
CAND_1570,113,nkust_fm,國立高雄科技大學,財務管理系,國立高雄科技大學 財務管理系,70090841,鄧*,正取,國立高雄科技大學,國立高雄科技大學財務管理系,原校系/本校留任,1,"國立高雄科技大學財務管理系(正取,分發)"
CAND_1571,113,nkust_fm,國立高雄科技大學,財務管理系,國立高雄科技大學 財務管理系,68090046,李*𨧤,正取,國立高雄科技大學,國立高雄科技大學財務管理系,原校系/本校留任,2,"國立高雄科技大學財務管理系(正取,分發); 國立高雄科技大學資訊管理系(正取)"
CAND_1572,113,nkust_fm,國立高雄科技大學,財務管理系,國立高雄科技大學 財務管理系,61090234,陳*錚,正取,國立高雄科技大學,國立高雄科技大學財務管理系,原校系/本校留任,2,"國立高雄科技大學財務管理系(正取,分發); 國立虎尾科技大學財務金融系(通過)"
CAND_1573,113,nkust_fm,國立高雄科技大學,財務管理系,國立高雄科技大學 財務管理系,70090773,*和,正取,國立彰化師範大學,國立彰化師範大學財務金融技術學系,其他學校錄取,2,"國立高雄科技大學財務管理系(正取); 國立彰化師範大學財務金融技術學系(備取,分發)"
CAND_1574,113,nkust_fm,國立高雄科技大學,財務管理系,國立高雄科技大學 財務管理系,61090971,*軒,正取,國立臺北商業大學,國立臺北商業大學國際商務系(臺北校區),其他學校錄取,3,"國立高雄科技大學財務管理系(正取); 國立臺中科技大學財政稅務系(正取); 國立臺北商業大學國際商務系(臺北校區)(正取,分發)"
CAND_1575,113,nkust_fm,國立高雄科技大學,財務管理系,國立高雄科技大學 財務管理系,61091091,黄*妤,正取,中原大學,中原大學會計學系,其他學校錄取,4,"國立高雄科技大學財務管理系(正取); 國立高雄科技大學金融系(正取); 中原大學會計學系(備取,分發); 逢甲大學國際經營與貿易學系(正取)"
CAND_1576,113,nkust_fm,國立高雄科技大學,財務管理系,國立高雄科技大學 財務管理系,67090222,張*,正取,國立雲林科技大學,國立雲林科技大學企業管理系,其他學校錄取,5,"國立高雄科技大學財務管理系(正取); 國立雲林科技大學企業管理系(正取,分發); 國立高雄科技大學企業管理系(正取); 國立高雄科技大學金融系(正取); 國立臺中科技大學財務金融系(正取)"
CAND_1577,113,nkust_fm,國立高雄科技大學,財務管理系,國立高雄科技大學 財務管理系,58090049,黄*珈,正取,國立雲林科技大學,國立雲林科技大學工業工程與管理系,其他學校錄取,3,"國立高雄科技大學財務管理系(正取); 國立雲林科技大學工業工程與管理系(備取,分發); 國立臺中科技大學財務金融系(正取)"
CAND_1578,113,nkust_fm,國立高雄科技大學,財務管理系,國立高雄科技大學 財務管理系,61090579,楊*雅,正取,國立高雄科技大學,國立高雄科技大學財務管理系,原校系/本校留任,4,"國立高雄科技大學財務管理系(正取,分發); 國立雲林科技大學企業管理系(通過); 國立臺中科技大學財務金融系(備取); 國立臺北商業大學企業管理系(臺北校區)(通過)"
CAND_1579,113,nkust_fm,國立高雄科技大學,財務管理系,國立高雄科技大學 財務管理系,57090029,陳*,正取,國立臺北商業大學,國立臺北商業大學國際商務系(臺北校區),其他學校錄取,5,"國立高雄科技大學財務管理系(正取); 國立雲林科技大學企業管理系(備取); 國立高雄科技大學行銷與流通管理系(通過); 國立臺北商業大學國際商務系(臺北校區)(備取,分發); 國立臺北商業大學商業設計管理系(桃園校區)(通過)"
CAND_1580,113,nkust_fm,國立高雄科技大學,財務管理系,國立高雄科技大學 財務管理系,61090981,陳*婷,正取,國立臺中科技大學,國立臺中科技大學財務金融系,其他學校錄取,3,"國立高雄科技大學財務管理系(正取); 國立高雄科技大學行銷與流通管理系(正取); 國立臺中科技大學財務金融系(正取,分發)"
CAND_1581,113,nkust_fm,國立高雄科技大學,財務管理系,國立高雄科技大學 財務管理系,57090111,張*柔,正取,—,—,未分發或放棄,2,國立高雄科技大學財務管理系(正取); 國立臺中科技大學財務金融系(正取)
CAND_1582,113,nkust_fm,國立高雄科技大學,財務管理系,國立高雄科技大學 財務管理系,64090071,賴*雅,正取,國立高雄科技大學,國立高雄科技大學財務管理系,原校系/本校留任,4,"國立高雄科技大學財務管理系(正取,分發); 國立高雄科技大學行銷與流通管理系(通過); 國立高雄科技大學風險管理與保險系(通過); 國立臺中科技大學會計資訊系(通過)"
CAND_1583,113,nkust_fm,國立高雄科技大學,財務管理系,國立高雄科技大學 財務管理系,64090454,楊*,正取,國立雲林科技大學,國立雲林科技大學財務金融系,其他學校錄取,4,"國立高雄科技大學財務管理系(正取); 國立雲林科技大學財務金融系(備取,分發); 國立雲林科技大學會計系(正取); 國立臺中科技大學財務金融系(通過)"
CAND_1584,113,nkust_fm,國立高雄科技大學,財務管理系,國立高雄科技大學 財務管理系,64090117,林*勛,正取,國立高雄科技大學,國立高雄科技大學財務管理系,原校系/本校留任,3,"國立高雄科技大學財務管理系(正取,分發); 國立高雄科技大學運籌管理系(通過); 國立臺中科技大學財政稅務系(通過)"
CAND_1585,113,nkust_fm,國立高雄科技大學,財務管理系,國立高雄科技大學 財務管理系,68090617,許*閎,正取,國立高雄科技大學,國立高雄科技大學財務管理系,原校系/本校留任,3,"國立高雄科技大學財務管理系(正取,分發); 國立高雄科技大學金融系(備取); 國立高雄科技大學金融資訊系(通過)"
CAND_1586,113,nkust_fm,國立高雄科技大學,財務管理系,國立高雄科技大學 財務管理系,65090221,張*瑀,正取,國立高雄科技大學,國立高雄科技大學財務管理系,原校系/本校留任,2,"國立高雄科技大學財務管理系(正取,分發); 國立臺中科技大學財政稅務系(通過)"
CAND_1587,113,nkust_fm,國立高雄科技大學,財務管理系,國立高雄科技大學 財務管理系,61091749,李*姚,正取,國立高雄科技大學,國立高雄科技大學金融系,原校系/本校留任,4,"國立高雄科技大學財務管理系(正取); 國立高雄科技大學金融系(備取,分發); 國立高雄科技大學金融資訊系(通過); 國立臺中科技大學財務金融系(通過)"
CAND_1588,113,nkust_fm,國立高雄科技大學,財務管理系,國立高雄科技大學 財務管理系,75090117,鄭*愷,正取,國立高雄科技大學,國立高雄科技大學財務管理系,原校系/本校留任,4,"國立高雄科技大學財務管理系(正取,分發); 南臺科技大學行銷與流通管理系(通過); 南臺科技大學財務金融系(通過); 國立屏東大學財務金融學系(備取)"
CAND_1589,113,nkust_fm,國立高雄科技大學,財務管理系,國立高雄科技大學 財務管理系,76090028,林*秀,正取,國立高雄科技大學,國立高雄科技大學金融資訊系,原校系/本校留任,6,"國立高雄科技大學財務管理系(正取); 國立雲林科技大學財務金融系(備取); 國立高雄科技大學金融系(正取); 國立高雄科技大學金融資訊系(正取,分發); 國立臺中科技大學多媒體設計系(通過); 國立臺北商業大學財務金融系(臺北校區)(備取)"
CAND_1590,113,nkust_fm,國立高雄科技大學,財務管理系,國立高雄科技大學 財務管理系,76090019,許*恩,正取,國立高雄科技大學,國立高雄科技大學金融系,原校系/本校留任,4,"國立高雄科技大學財務管理系(正取); 國立雲林科技大學財務金融系(正取); 國立高雄科技大學金融系(備取,分發); 國立彰化師範大學財務金融技術學系(正取)"
CAND_1591,113,nkust_fm,國立高雄科技大學,財務管理系,國立高雄科技大學 財務管理系,70091094,陳*婷,正取,國立高雄科技大學,國立高雄科技大學財務管理系,原校系/本校留任,2,"國立高雄科技大學財務管理系(正取,分發); 國立雲林科技大學會計系(通過)"
CAND_1592,113,nkust_fm,國立高雄科技大學,財務管理系,國立高雄科技大學 財務管理系,70090518,張*信,備取,國立高雄科技大學,國立高雄科技大學金融系,原校系/本校留任,3,"國立高雄科技大學財務管理系(備取); 國立高雄科技大學金融系(備取,分發); 國立虎尾科技大學財務金融系(正取)"
CAND_1593,113,nkust_fm,國立高雄科技大學,財務管理系,國立高雄科技大學 財務管理系,68090186,李*恩,備取,國立高雄科技大學,國立高雄科技大學財務管理系,原校系/本校留任,2,"國立高雄科技大學財務管理系(備取,分發); 國立高雄科技大學資訊管理系(通過)"
CAND_1594,113,nkust_fm,國立高雄科技大學,財務管理系,國立高雄科技大學 財務管理系,64090439,考生*,備取,國立高雄科技大學,國立高雄科技大學國際企業系,原校系/本校留任,3,"國立高雄科技大學財務管理系(備取); 國立高雄科技大學國際企業系(備取,分發); 國立臺北商業大學國際商務系(臺北校區)(備取)"
CAND_1595,113,nkust_fm,國立高雄科技大學,財務管理系,國立高雄科技大學 財務管理系,70090361,葵*愷,備取,國立高雄科技大學,國立高雄科技大學財務管理系,原校系/本校留任,4,"國立高雄科技大學財務管理系(備取,分發); 國立高雄科技大學運籌管理系(通過); 國立高雄科技大學金融系(備取); 國立臺中科技大學財務金融系(通過)"
CAND_1596,113,nkust_fm,國立高雄科技大學,財務管理系,國立高雄科技大學 財務管理系,61090849,陳*,備取,國立雲林科技大學,國立雲林科技大學國際管理學士學位學程,其他學校錄取,5,"國立高雄科技大學財務管理系(備取); 國立雲林科技大學工業工程與管理系(備取); 國立雲林科技大學國際管理學士學位學程(正取,分發); 國立高雄科技大學行銷與流通管理系(通過); 國立高雄科技大學金融系(備取)"
CAND_1597,113,nkust_fm,國立高雄科技大學,財務管理系,國立高雄科技大學 財務管理系,64090147,何*諿,備取,國立高雄科技大學,國立高雄科技大學財務管理系,原校系/本校留任,1,"國立高雄科技大學財務管理系(備取,分發)"
CAND_1598,113,nkust_fm,國立高雄科技大學,財務管理系,國立高雄科技大學 財務管理系,61091087,*宇,備取,國立高雄科技大學,國立高雄科技大學財務管理系,原校系/本校留任,1,"國立高雄科技大學財務管理系(備取,分發)"
CAND_1599,113,nkust_fm,國立高雄科技大學,財務管理系,國立高雄科技大學 財務管理系,58090065,*蓉,備取,國立雲林科技大學,國立雲林科技大學工業工程與管理系,其他學校錄取,2,"國立高雄科技大學財務管理系(備取); 國立雲林科技大學工業工程與管理系(正取,分發)"
CAND_1600,113,nkust_fm,國立高雄科技大學,財務管理系,國立高雄科技大學 財務管理系,76090032,*柔,備取,國立高雄科技大學,國立高雄科技大學金融系,原校系/本校留任,6,"國立高雄科技大學財務管理系(備取); 國立雲林科技大學財務金融系(備取); 國立高雄科技大學企業管理系(正取); 國立高雄科技大學金融系(備取,分發); 國立臺北商業大學財務金融系(臺北校區)(備取); 國立臺北商業大學財政稅務系(臺北校區)(備取)"
CAND_1601,113,nkust_fm,國立高雄科技大學,財務管理系,國立高雄科技大學 財務管理系,76090020,F*,備取,國立雲林科技大學,國立雲林科技大學企業管理系,其他學校錄取,6,"國立高雄科技大學財務管理系(備取); 國立雲林科技大學企業管理系(備取,分發); 國立屏東科技大學企業管理系(正取); 國立臺北科技大學經營管理系(備取); 國立高雄科技大學企業管理系(備取); 國立臺中科技大學企業管理系(正取)"
CAND_1602,113,nkust_fm,國立高雄科技大學,財務管理系,國立高雄科技大學 財務管理系,76090015,趙*,備取,國立雲林科技大學,國立雲林科技大學財務金融系,其他學校錄取,5,"國立高雄科技大學財務管理系(備取); 國立雲林科技大學企業管理系(正取); 國立雲林科技大學財務金融系(備取,分發); 國立高雄科技大學金融資訊系(通過); 國立臺中科技大學企業管理系(通過)"
CAND_1603,113,nkust_fm,國立高雄科技大學,財務管理系,國立高雄科技大學 財務管理系,68090205,姜*,備取,國立雲林科技大學,國立雲林科技大學工業工程與管理系,其他學校錄取,4,"國立高雄科技大學財務管理系(備取); 國立雲林科技大學工業工程與管理系(正取,分發); 國立高雄科技大學金融系(正取); 國立高雄科技大學金融資訊系(正取)"
CAND_1604,113,nkust_fm,國立高雄科技大學,財務管理系,國立高雄科技大學 財務管理系,65090030,黄*融,備取,國立雲林科技大學,國立雲林科技大學企業管理系,其他學校錄取,4,"國立高雄科技大學財務管理系(備取); 國立雲林科技大學企業管理系(正取,分發); 國立高雄科技大學金融系(備取); 國立臺北商業大學商業設計管理系(桃園校區)(通過)"
CAND_1605,113,nkust_fm,國立高雄科技大學,財務管理系,國立高雄科技大學 財務管理系,52090517,林*,備取,國立臺中科技大學,國立臺中科技大學財政稅務系,其他學校錄取,3,"國立高雄科技大學財務管理系(通過); 國立臺北科技大學工業工程與管理系(備取); 國立臺中科技大學財政稅務系(備取,分發)"
CAND_1606,113,nkust_fm,國立高雄科技大學,財務管理系,國立高雄科技大學 財務管理系,52090614,陳*珊,備取,—,—,未分發或放棄,2,國立高雄科技大學財務管理系(通過); 國立臺中科技大學財務金融系(通過)
CAND_1607,113,nkust_fm,國立高雄科技大學,財務管理系,國立高雄科技大學 財務管理系,57090269,謝*玲,備取,—,—,未分發或放棄,3,國立高雄科技大學財務管理系(通過); 國立高雄科技大學工業工程與管理系(通過); 國立高雄科技大學金融系(通過)
CAND_1608,113,nkust_fm,國立高雄科技大學,財務管理系,國立高雄科技大學 財務管理系,59090045,賴*璇,備取,—,—,未分發或放棄,2,國立高雄科技大學財務管理系(通過); 國立高雄科技大學金融系(通過)
CAND_1609,113,nkust_fm,國立高雄科技大學,財務管理系,國立高雄科技大學 財務管理系,59090341,楊*晴,備取,—,—,未分發或放棄,3,國立高雄科技大學財務管理系(通過); 國立高雄科技大學資訊管理系(通過); 國立高雄科技大學金融系(通過)
CAND_1610,113,nkust_fm,國立高雄科技大學,財務管理系,國立高雄科技大學 財務管理系,61090030,邱*,備取,—,—,未分發或放棄,3,國立高雄科技大學財務管理系(通過); 國立雲林科技大學會計系(備取); 國立臺中科技大學財務金融系(通過)
CAND_1611,113,nkust_fm,國立高雄科技大學,財務管理系,國立高雄科技大學 財務管理系,61090072,吳*J,備取,國立臺北商業大學,國立臺北商業大學企業管理系(臺北校區),其他學校錄取,3,"國立高雄科技大學財務管理系(通過); 國立高雄科技大學財政稅務系(通過); 國立臺北商業大學企業管理系(臺北校區)(備取,分發)"
CAND_1612,113,nkust_fm,國立高雄科技大學,財務管理系,國立高雄科技大學 財務管理系,61090120,*希,備取,國立雲林科技大學,國立雲林科技大學工業工程與管理系,其他學校錄取,4,"國立高雄科技大學財務管理系(通過); 國立雲林科技大學工業工程與管理系(正取,分發); 國立高雄科技大學工業工程與管理系(正取); 國立高雄科技大學智慧商務系(通過)"
CAND_1613,113,nkust_fm,國立高雄科技大學,財務管理系,國立高雄科技大學 財務管理系,61090661,考生*,備取,國立雲林科技大學,國立雲林科技大學財務金融系,其他學校錄取,5,"國立高雄科技大學財務管理系(通過); 國立雲林科技大學企業管理系(通過); 國立雲林科技大學財務金融系(正取,分發); 國立高雄科技大學金融系(通過); 國立臺中科技大學財務金融系(通過)"
CAND_1614,113,nkust_fm,國立高雄科技大學,財務管理系,國立高雄科技大學 財務管理系,61090705,林*倫,備取,—,—,未分發或放棄,2,國立高雄科技大學財務管理系(通過); 國立高雄科技大學金融資訊系(通過)
CAND_1615,113,nkust_fm,國立高雄科技大學,財務管理系,國立高雄科技大學 財務管理系,61090728,陳*,備取,—,—,未分發或放棄,1,國立高雄科技大學財務管理系(通過)
CAND_1616,113,nkust_fm,國立高雄科技大學,財務管理系,國立高雄科技大學 財務管理系,61091277,陳*帆,備取,國立高雄科技大學,國立高雄科技大學資訊管理系,原校系/本校留任,4,"國立高雄科技大學財務管理系(通過); 國立高雄科技大學國際企業系(通過); 國立高雄科技大學資訊管理系(正取,分發); 國立臺中科技大學資訊管理系(正取)"
CAND_1617,113,nkust_fm,國立高雄科技大學,財務管理系,國立高雄科技大學 財務管理系,61091645,游*宇,備取,國立高雄科技大學,國立高雄科技大學航運管理系,原校系/本校留任,4,"國立高雄科技大學財務管理系(通過); 國立高雄科技大學航運管理系(正取,分發); 國立臺中科技大學國際貿易與經營系(通過); 國立臺北商業大學國際商務系(臺北校區)(備取)"
CAND_1618,113,nkust_fm,國立高雄科技大學,財務管理系,國立高雄科技大學 財務管理系,61091693,陳*,備取,—,—,未分發或放棄,2,國立高雄科技大學財務管理系(通過); 國立雲林科技大學會計系(備取)
CAND_1619,113,nkust_fm,國立高雄科技大學,財務管理系,國立高雄科技大學 財務管理系,61091739,游*元,備取,—,—,未分發或放棄,4,國立高雄科技大學財務管理系(通過); 國立高雄科技大學金融系(通過); 國立虎尾科技大學財務金融系(通過); 國立臺中科技大學財務金融系(通過)
CAND_1620,113,nkust_fm,國立高雄科技大學,財務管理系,國立高雄科技大學 財務管理系,61091765,潘*宇,備取,—,—,未分發或放棄,2,國立高雄科技大學財務管理系(通過); 國立臺中科技大學財務金融系(通過)
CAND_1621,113,nkust_fm,國立高雄科技大學,財務管理系,國立高雄科技大學 財務管理系,63090353,歐*瑗,備取,國立臺中科技大學,國立臺中科技大學財務金融系,其他學校錄取,3,"國立高雄科技大學財務管理系(通過); 國立高雄科技大學人力資源發展系(正取); 國立臺中科技大學財務金融系(備取,分發)"
CAND_1622,113,nkust_fm,國立高雄科技大學,財務管理系,國立高雄科技大學 財務管理系,64090064,張*楷,正取,國立雲林科技大學,國立雲林科技大學財務金融系,其他學校錄取,6,"國立高雄科技大學財務管理系(通過); 國立雲林科技大學工業工程與管理系(備取); 國立雲林科技大學財務金融系(備取,分發); 國立高雄科技大學金融系(正取); 國立高雄科技大學財政稅務系(通過); 國立臺中科技大學財務金融系(通過)"
CAND_1623,113,nkust_fm,國立高雄科技大學,財務管理系,國立高雄科技大學 財務管理系,64090093,*珊,正取,國立高雄科技大學,國立高雄科技大學金融系,原校系/本校留任,3,"國立高雄科技大學財務管理系(通過); 國立高雄科技大學金融系(正取,分發); 國立高雄科技大學金融資訊系(通過)"
CAND_1624,113,nkust_fm,國立高雄科技大學,財務管理系,國立高雄科技大學 財務管理系,64090139,鄭*婕,備取,—,—,未分發或放棄,4,國立高雄科技大學財務管理系(通過); 國立高雄科技大學財政稅務系(通過); 國立虎尾科技大學財務金融系(通過); 國立臺中科技大學財務金融系(通過)
CAND_1625,113,nkust_fm,國立高雄科技大學,財務管理系,國立高雄科技大學 財務管理系,64090144,周*如,備取,國立雲林科技大學,國立雲林科技大學企業管理系,其他學校錄取,5,"國立高雄科技大學財務管理系(通過); 國立雲林科技大學企業管理系(正取,分發); 國立高雄科技大學國際企業系(通過); 國立高雄科技大學金融系(備取); 國立臺中科技大學財務金融系(正取)"
CAND_1626,113,nkust_fm,國立高雄科技大學,財務管理系,國立高雄科技大學 財務管理系,64090303,黄*,備取,國立臺中科技大學,國立臺中科技大學財務金融系,其他學校錄取,2,"國立高雄科技大學財務管理系(通過); 國立臺中科技大學財務金融系(正取,分發)"
CAND_1627,113,nkust_fm,國立高雄科技大學,財務管理系,國立高雄科技大學 財務管理系,64090363,郭*育,備取,國立高雄科技大學,國立高雄科技大學航運管理系,原校系/本校留任,4,"國立高雄科技大學財務管理系(通過); 國立高雄科技大學金融系(通過); 國立高雄科技大學航運管理系(正取,分發); 國立臺灣海洋大學航運管理學系(通過)"
CAND_1628,113,nkust_fm,國立高雄科技大學,財務管理系,國立高雄科技大學 財務管理系,64090379,謝*婷,備取,國立臺北商業大學,國立臺北商業大學財政稅務系(臺北校區),其他學校錄取,6,"國立高雄科技大學財務管理系(通過); 國立雲林科技大學企業管理系(通過); 國立高雄科技大學金融系(通過); 國立臺北商業大學財政稅務系(臺北校區)(正取,分發); 國立臺北商業大學國際商務系(臺北校區)(通過); 國立臺北商業大學企業管理系(臺北校區)(通過)"
CAND_1629,113,nkust_fm,國立高雄科技大學,財務管理系,國立高雄科技大學 財務管理系,64090443,周*諺,備取,國立雲林科技大學,國立雲林科技大學企業管理系,其他學校錄取,4,"國立高雄科技大學財務管理系(通過); 國立雲林科技大學工業工程與管理系(備取); 國立雲林科技大學企業管理系(備取,分發); 國立高雄科技大學風險管理與保險系(通過)"
CAND_1630,113,nkust_fm,國立高雄科技大學,財務管理系,國立高雄科技大學 財務管理系,64090495,林*,備取,國立高雄科技大學,國立高雄科技大學資訊管理系,原校系/本校留任,5,"國立高雄科技大學財務管理系(通過); 國立雲林科技大學工業工程與管理系(備取); 國立雲林科技大學資訊管理系(備取); 國立高雄科技大學資訊管理系(備取,分發); 國立臺中教育大學國際企業學系(通過)"
CAND_1631,113,nkust_fm,國立高雄科技大學,財務管理系,國立高雄科技大學 財務管理系,64090575,許*,備取,國立雲林科技大學,國立雲林科技大學會計系,其他學校錄取,5,"國立高雄科技大學財務管理系(通過); 國立雲林科技大學會計系(正取,分發); 國立高雄科技大學會計資訊系(通過); 國立高雄科技大學財政稅務系(通過); 國立臺中科技大學會計資訊系(通過)"
CAND_1632,113,nkust_fm,國立高雄科技大學,財務管理系,國立高雄科技大學 財務管理系,64090611,粘*騰,備取,—,—,未分發或放棄,5,國立高雄科技大學財務管理系(通過); 國立高雄科技大學國際企業系(通過); 國立高雄科技大學金融系(通過); 國立勤益科技大學企業管理系(通過); 國立臺中科技大學財務金融系(通過)
CAND_1633,113,nkust_fm,國立高雄科技大學,財務管理系,國立高雄科技大學 財務管理系,65090014,A*,備取,—,—,未分發或放棄,1,國立高雄科技大學財務管理系(通過)
CAND_1634,113,nkust_fm,國立高雄科技大學,財務管理系,國立高雄科技大學 財務管理系,65090026,歐*廷,備取,—,—,未分發或放棄,2,國立高雄科技大學財務管理系(通過); 國立臺北商業大學企業管理系(臺北校區)(通過)
CAND_1635,113,nkust_fm,國立高雄科技大學,財務管理系,國立高雄科技大學 財務管理系,65090034,黄*瑄,備取,—,—,未分發或放棄,6,國立高雄科技大學財務管理系(通過); 國立雲林科技大學財務金融系(備取); 國立雲林科技大學國際管理學士學位學程(通過); 國立臺北科技大學經營管理系(通過); 國立高雄科技大學金融系(通過); 國立臺北商業大學財政稅務系(臺北校區)(通過)
CAND_1636,113,nkust_fm,國立高雄科技大學,財務管理系,國立高雄科技大學 財務管理系,65090094,梁*,備取,—,—,未分發或放棄,3,國立高雄科技大學財務管理系(通過); 國立雲林科技大學企業管理系(通過); 國立高雄科技大學行銷與流通管理系(通過)
CAND_1637,113,nkust_fm,國立高雄科技大學,財務管理系,國立高雄科技大學 財務管理系,66090201,林*熙,備取,國立臺中科技大學,國立臺中科技大學財務金融系,其他學校錄取,4,"國立高雄科技大學財務管理系(通過); 國立高雄科技大學金融系(備取); 國立高雄科技大學金融資訊系(備取); 國立臺中科技大學財務金融系(備取,分發)"
CAND_1638,113,nkust_fm,國立高雄科技大學,財務管理系,國立高雄科技大學 財務管理系,67090032,汪*,備取,國立臺中科技大學,國立臺中科技大學財務金融系,其他學校錄取,3,"國立高雄科技大學財務管理系(通過); 國立高雄科技大學資訊管理系(正取); 國立臺中科技大學財務金融系(正取,分發)"
CAND_1639,113,nkust_fm,國立高雄科技大學,財務管理系,國立高雄科技大學 財務管理系,67090147,林*妤,正取,國立高雄科技大學,國立高雄科技大學金融資訊系,原校系/本校留任,5,"國立高雄科技大學財務管理系(通過); 國立雲林科技大學企業管理系(正取); 國立高雄科技大學金融系(正取); 國立高雄科技大學金融資訊系(正取,分發); 國立臺中科技大學財務金融系(正取)"
CAND_1640,113,nkust_fm,國立高雄科技大學,財務管理系,國立高雄科技大學 財務管理系,67090150,蘇*岑,正取,國立雲林科技大學,國立雲林科技大學財務金融系,其他學校錄取,6,"國立高雄科技大學財務管理系(通過); 國立雲林科技大學財務金融系(正取,分發); 國立雲林科技大學會計系(正取); 國立高雄科技大學金融系(正取); 國立高雄科技大學財政稅務系(通過); 國立臺中科技大學財務金融系(通過)"
CAND_1641,113,nkust_fm,國立高雄科技大學,財務管理系,國立高雄科技大學 財務管理系,67090198,朱*瑄,備取,國立雲林科技大學,國立雲林科技大學企業管理系,其他學校錄取,5,"國立高雄科技大學財務管理系(通過); 國立雲林科技大學企業管理系(正取,分發); 國立高雄科技大學金融系(通過); 國立高雄科技大學財政稅務系(通過); 國立臺中科技大學財務金融系(通過)"
CAND_1642,113,nkust_fm,國立高雄科技大學,財務管理系,國立高雄科技大學 財務管理系,67090210,陳*慈,備取,國立雲林科技大學,國立雲林科技大學財務金融系,其他學校錄取,6,"國立高雄科技大學財務管理系(通過); 國立雲林科技大學企業管理系(通過); 國立雲林科技大學財務金融系(正取,分發); 國立高雄科技大學金融系(通過); 國立虎尾科技大學財務金融系(通過); 國立臺中科技大學財務金融系(通過)"
CAND_1643,113,nkust_fm,國立高雄科技大學,財務管理系,國立高雄科技大學 財務管理系,67090455,陳*甄,備取,國立臺中科技大學,國立臺中科技大學資訊管理系,其他學校錄取,4,"國立高雄科技大學財務管理系(通過); 國立雲林科技大學資訊管理系(備取); 國立高雄科技大學資訊管理系(通過); 國立臺中科技大學資訊管理系(正取,分發)"
CAND_1644,113,nkust_fm,國立高雄科技大學,財務管理系,國立高雄科技大學 財務管理系,68090581,林*彤,備取,—,—,未分發或放棄,5,國立高雄科技大學財務管理系(通過); 國立臺灣科技大學資訊管理系(通過); 國立雲林科技大學資訊管理系(通過); 國立雲林科技大學財務金融系(通過); 國立臺北商業大學財務金融系(臺北校區)(通過)
CAND_1645,113,nkust_fm,國立高雄科技大學,財務管理系,國立高雄科技大學 財務管理系,70090218,沈*翔,正取,國立高雄科技大學,國立高雄科技大學金融系,原校系/本校留任,2,"國立高雄科技大學財務管理系(通過); 國立高雄科技大學金融系(正取,分發)"
CAND_1646,113,nkust_fm,國立高雄科技大學,財務管理系,國立高雄科技大學 財務管理系,70090381,李*銘,備取,—,—,未分發或放棄,2,國立高雄科技大學財務管理系(通過); 國立高雄科技大學金融系(通過)
CAND_1647,113,nkust_fm,國立高雄科技大學,財務管理系,國立高雄科技大學 財務管理系,70090749,潘*鷹,備取,—,—,未分發或放棄,5,國立高雄科技大學財務管理系(通過); 國立高雄科技大學企業管理系(通過); 國立勤益科技大學企業管理系(通過); 國立臺中科技大學財務金融系(通過); 文藻外語大學翻譯系(通過)
CAND_1648,113,nkust_fm,國立高雄科技大學,財務管理系,國立高雄科技大學 財務管理系,70090770,考生*,備取,—,—,未分發或放棄,2,國立高雄科技大學財務管理系(通過); 國立臺中科技大學財務金融系(通過)
CAND_1649,113,nkust_fm,國立高雄科技大學,財務管理系,國立高雄科技大學 財務管理系,70090917,顏*芮,備取,—,—,未分發或放棄,1,國立高雄科技大學財務管理系(通過)
CAND_1650,113,nkust_fm,國立高雄科技大學,財務管理系,國立高雄科技大學 財務管理系,70091081,林*錦,備取,—,—,未分發或放棄,2,國立高雄科技大學財務管理系(通過); 國立高雄科技大學金融資訊系(通過)
CAND_1651,113,nkust_fm,國立高雄科技大學,財務管理系,國立高雄科技大學 財務管理系,70091089,維*彤,備取,國立臺北商業大學,國立臺北商業大學會計資訊系(臺北校區),其他學校錄取,3,"國立高雄科技大學財務管理系(通過); 國立雲林科技大學會計系(備取); 國立臺北商業大學會計資訊系(臺北校區)(備取,分發)"
CAND_1652,113,nkust_fm,國立高雄科技大學,財務管理系,國立高雄科技大學 財務管理系,71090118,葵*,正取,國立高雄科技大學,國立高雄科技大學金融系,原校系/本校留任,3,"國立高雄科技大學財務管理系(通過); 國立高雄科技大學金融系(正取,分發); 國立高雄科技大學財政稅務系(正取)"
CAND_1653,113,nkust_fm,國立高雄科技大學,財務管理系,國立高雄科技大學 財務管理系,71090289,涂*廷,備取,—,—,未分發或放棄,3,國立高雄科技大學財務管理系(通過); 國立雲林科技大學資訊管理系(通過); 國立高雄科技大學資訊管理系(通過)
CAND_1654,113,nkust_fm,國立高雄科技大學,財務管理系,國立高雄科技大學 財務管理系,76090008,黄*祐,備取,國立高雄科技大學,國立高雄科技大學企業管理系,原校系/本校留任,6,"國立高雄科技大學財務管理系(通過); 國立雲林科技大學文化資產維護系(通過); 國立屏東科技大學企業管理系(正取); 國立高雄科技大學企業管理系(正取,分發); 國立高雄科技大學金融系(備取); 國立臺中科技大學企業管理系(備取)"
CAND_1655,113,nkust_fm,國立高雄科技大學,財務管理系,國立高雄科技大學 財務管理系,76090017,歐*含,備取,國立高雄科技大學,國立高雄科技大學航運管理系,原校系/本校留任,6,"國立高雄科技大學財務管理系(通過); 國立高雄科技大學會計資訊系(通過); 國立高雄科技大學航運管理系(正取,分發); 國立澎湖科技大學行銷與物流管理系(正取); 樹德科技大學流通管理系(通過); 樹德科技大學企業管理系(正取)"
CAND_1656,113,nkust_fm,國立高雄科技大學,財務管理系,國立高雄科技大學 財務管理系,76090021,葵*小,備取,—,—,未分發或放棄,3,國立高雄科技大學財務管理系(通過); 國立高雄科技大學會計資訊系(通過); 國立高雄科技大學航運管理系(通過)
CAND_1657,113,nkust_fm,國立高雄科技大學,財務管理系,國立高雄科技大學 財務管理系,76090023,鄭*錦,備取,國立澎湖科技大學,國立澎湖科技大學行銷與物流管理系,其他學校錄取,5,"國立高雄科技大學財務管理系(通過); 國立屏東科技大學企業管理系(備取); 國立高雄科技大學金融系(備取); 國立高雄科技大學金融資訊系(備取); 國立澎湖科技大學行銷與物流管理系(正取,分發)"
CAND_1658,113,nkust_fm,國立高雄科技大學,財務管理系,國立高雄科技大學 財務管理系,76090024,楊*珍,備取,國立澎湖科技大學,國立澎湖科技大學行銷與物流管理系,其他學校錄取,6,"國立高雄科技大學財務管理系(通過); 國立雲林科技大學財務金融系(通過); 國立高雄科技大學企業管理系(備取); 國立高雄科技大學金融系(通過); 國立澎湖科技大學行銷與物流管理系(正取,分發); 國立臺北商業大學財務金融系(臺北校區)(通過)"
CAND_1659,113,nkust_fm,國立高雄科技大學,財務管理系,國立高雄科技大學 財務管理系,76090039,趙*,備取,—,—,未分發或放棄,4,國立高雄科技大學財務管理系(通過); 國立高雄科技大學金融資訊系(通過); 國立高雄科技大學智慧商務系(通過); 致理科技大學財務金融系(通過)
CAND_1660,113,nkust_fm,國立高雄科技大學,財務管理系,國立高雄科技大學 財務管理系,76090042,蕭*晴,備取,國立臺中科技大學,國立臺中科技大學企業管理系,其他學校錄取,5,"國立高雄科技大學財務管理系(通過); 國立高雄科技大學企業管理系(通過); 國立高雄科技大學金融資訊系(通過); 國立臺中科技大學企業管理系(備取,分發); 僑光科技大學行銷與流通管理系(備取)"
CAND_1661,115,ntub_fin,國立臺北商業大學,財務金融系(臺北校區),國立臺北商業大學 財務金融系(臺北校區),52090326,陳*筑,正取,國立臺北科技大學,國立臺北科技大學資訊與財金管理系,其他學校錄取,4,"國立臺北商業大學財務金融系(臺北校區)(正取); 國立臺灣科技大學企業管理系(通過); 國立臺北科技大學經營管理系(正取); 國立臺北科技大學資訊與財金管理系(正取,分發)"
CAND_1662,115,ntub_fin,國立臺北商業大學,財務金融系(臺北校區),國立臺北商業大學 財務金融系(臺北校區),56090057,吳*晴,正取,國立臺灣科技大學,國立臺灣科技大學企業管理系,其他學校錄取,6,"國立臺北商業大學財務金融系(臺北校區)(正取); 國立臺灣科技大學企業管理系(正取,分發); 國立臺北科技大學經營管理系(正取); 國立臺北科技大學資訊與財金管理系(正取); 國立臺北商業大學會計資訊系(臺北校區)(正取); 國立臺北商業大學財政稅務系(臺北校區)(通過)"
CAND_1663,115,ntub_fin,國立臺北商業大學,財務金融系(臺北校區),國立臺北商業大學 財務金融系(臺北校區),56090087,陳*筠,正取,國立臺灣科技大學,國立臺灣科技大學企業管理系,其他學校錄取,6,"國立臺北商業大學財務金融系(臺北校區)(正取); 國立臺灣科技大學企業管理系(正取,分發); 國立臺北科技大學經營管理系(正取); 國立臺北科技大學資訊與財金管理系(通過); 國立臺北商業大學財政稅務系(臺北校區)(通過); 國立臺北商業大學國際商務系(臺北校區)(正取)"
CAND_1664,115,ntub_fin,國立臺北商業大學,財務金融系(臺北校區),國立臺北商業大學 財務金融系(臺北校區),67090316,黄*永,正取,國立臺北商業大學,國立臺北商業大學財務金融系(臺北校區),原校系/本校留任,1,"國立臺北商業大學財務金融系(臺北校區)(正取,分發)"
CAND_1665,115,ntub_fin,國立臺北商業大學,財務金融系(臺北校區),國立臺北商業大學 財務金融系(臺北校區),68090617,維*,正取,國立臺北商業大學,國立臺北商業大學財務金融系(臺北校區),原校系/本校留任,6,"國立臺北商業大學財務金融系(臺北校區)(正取,分發); 國立臺灣科技大學資訊管理系(通過); 國立雲林科技大學財務金融系(通過); 國立臺北科技大學工業工程與管理系(通過); 國立臺北科技大學資訊與財金管理系(通過); 國立臺北商業大學資訊管理系(臺北校區)(通過)"
CAND_1666,115,ntub_fin,國立臺北商業大學,財務金融系(臺北校區),國立臺北商業大學 財務金融系(臺北校區),58090529,*潔,正取,國立臺北商業大學,國立臺北商業大學會計資訊系(臺北校區),原校系/本校留任,3,"國立臺北商業大學財務金融系(臺北校區)(正取); 國立雲林科技大學會計系(正取); 國立臺北商業大學會計資訊系(臺北校區)(正取,分發)"
CAND_1667,115,ntub_fin,國立臺北商業大學,財務金融系(臺北校區),國立臺北商業大學 財務金融系(臺北校區),67090106,何*儀,正取,國立臺北商業大學,國立臺北商業大學財務金融系(臺北校區),原校系/本校留任,4,"國立臺北商業大學財務金融系(臺北校區)(正取,分發); 國立臺灣科技大學企業管理系(備取); 國立高雄科技大學金融系(正取); 國立臺北商業大學財政稅務系(臺北校區)(正取)"
CAND_1668,115,ntub_fin,國立臺北商業大學,財務金融系(臺北校區),國立臺北商業大學 財務金融系(臺北校區),69090043,考生*,正取,國立臺北商業大學,國立臺北商業大學財務金融系(臺北校區),原校系/本校留任,4,"國立臺北商業大學財務金融系(臺北校區)(正取,分發); 國立高雄科技大學金融系(正取); 國立臺北商業大學會計資訊系(臺北校區)(正取); 國立臺北商業大學財政稅務系(臺北校區)(正取)"
CAND_1669,115,ntub_fin,國立臺北商業大學,財務金融系(臺北校區),國立臺北商業大學 財務金融系(臺北校區),58090528,A*如,正取,國立臺北科技大學,國立臺北科技大學資訊與財金管理系,其他學校錄取,6,"國立臺北商業大學財務金融系(臺北校區)(正取); 國立臺灣科技大學企業管理系(通過); 國立雲林科技大學財務金融系(通過); 國立臺北科技大學工業工程與管理系(正取); 國立臺北科技大學資訊與財金管理系(備取,分發); 國立臺北商業大學會計資訊系(臺北校區)(正取)"
CAND_1670,115,ntub_fin,國立臺北商業大學,財務金融系(臺北校區),國立臺北商業大學 財務金融系(臺北校區),56090171,許*翔,正取,國立臺北商業大學,國立臺北商業大學會計資訊系(臺北校區),原校系/本校留任,3,"國立臺北商業大學財務金融系(臺北校區)(正取); 國立臺北科技大學工業工程與管理系(通過); 國立臺北商業大學會計資訊系(臺北校區)(正取,分發)"
CAND_1671,115,ntub_fin,國立臺北商業大學,財務金融系(臺北校區),國立臺北商業大學 財務金融系(臺北校區),58090518,黄*,正取,國立臺北科技大學,國立臺北科技大學資訊與財金管理系,其他學校錄取,5,"國立臺北商業大學財務金融系(臺北校區)(正取); 國立臺灣科技大學企業管理系(通過); 國立臺北科技大學工業工程與管理系(正取); 國立臺北科技大學資訊與財金管理系(備取,分發); 國立臺北商業大學會計資訊系(臺北校區)(正取)"
CAND_1672,115,ntub_fin,國立臺北商業大學,財務金融系(臺北校區),國立臺北商業大學 財務金融系(臺北校區),57090293,楊*,正取,國立臺北商業大學,國立臺北商業大學財務金融系(臺北校區),原校系/本校留任,5,"國立臺北商業大學財務金融系(臺北校區)(正取,分發); 國立臺灣科技大學企業管理系(備取); 國立臺北科技大學工業工程與管理系(通過); 中原大學國際經營與貿易學系(備取); 中原大學資訊管理學系(備取)"
CAND_1673,115,ntub_fin,國立臺北商業大學,財務金融系(臺北校區),國立臺北商業大學 財務金融系(臺北校區),67090154,*茗,正取,國立臺北商業大學,國立臺北商業大學財務金融系(臺北校區),原校系/本校留任,5,"國立臺北商業大學財務金融系(臺北校區)(正取,分發); 國立雲林科技大學財務金融系(通過); 國立雲林科技大學會計系(通過); 國立高雄科技大學金融系(通過); 國立臺北商業大學財政稅務系(臺北校區)(通過)"
CAND_1674,115,ntub_fin,國立臺北商業大學,財務金融系(臺北校區),國立臺北商業大學 財務金融系(臺北校區),76090022,黄*瑜,正取,國立臺北科技大學,國立臺北科技大學資訊與財金管理系,其他學校錄取,4,"國立臺北商業大學財務金融系(臺北校區)(正取); 國立臺北科技大學經營管理系(正取); 國立臺北科技大學資訊與財金管理系(正取,分發); 國立臺北商業大學財政稅務系(臺北校區)(正取)"
CAND_1675,115,ntub_fin,國立臺北商業大學,財務金融系(臺北校區),國立臺北商業大學 財務金融系(臺北校區),76090003,*淇,正取,國立臺北商業大學,國立臺北商業大學財務金融系(臺北校區),原校系/本校留任,4,"國立臺北商業大學財務金融系(臺北校區)(正取,分發); 國立高雄科技大學財務管理系(正取); 國立臺北商業大學財政稅務系(臺北校區)(備取); 國立臺北商業大學企業管理系(臺北校區)(正取)"
CAND_1676,115,ntub_fin,國立臺北商業大學,財務金融系(臺北校區),國立臺北商業大學 財務金融系(臺北校區),78090017,陳*,正取,國立臺北科技大學,國立臺北科技大學經營管理系,其他學校錄取,6,"國立臺北商業大學財務金融系(臺北校區)(正取); 國立臺北科技大學經營管理系(備取,分發); 國立臺北科技大學資訊與財金管理系(備取); 國立臺北商業大學國際商務系(臺北校區)(正取); 國立臺北商業大學資訊管理系(臺北校區)(正取); 致理科技大學財務金融系(正取)"
CAND_1677,115,ntub_fin,國立臺北商業大學,財務金融系(臺北校區),國立臺北商業大學 財務金融系(臺北校區),76090034,*珵,正取,國立臺北商業大學,國立臺北商業大學財務金融系(臺北校區),原校系/本校留任,5,"國立臺北商業大學財務金融系(臺北校區)(正取,分發); 國立高雄科技大學財務管理系(備取); 國立高雄科技大學智慧商務系(通過); 國立臺北商業大學財政稅務系(臺北校區)(備取); 國立臺北商業大學企業管理系(臺北校區)(備取)"
CAND_1678,115,ntub_fin,國立臺北商業大學,財務金融系(臺北校區),國立臺北商業大學 財務金融系(臺北校區),77090012,陳*綺,正取,國立臺北科技大學,國立臺北科技大學資訊與財金管理系,其他學校錄取,4,"國立臺北商業大學財務金融系(臺北校區)(正取); 國立臺北科技大學經營管理系(正取); 國立臺北科技大學資訊與財金管理系(正取,分發); 國立彰化師範大學財務金融技術學系(正取)"
CAND_1679,115,ntub_fin,國立臺北商業大學,財務金融系(臺北校區),國立臺北商業大學 財務金融系(臺北校區),57090138,李*,正取,國立臺灣科技大學,國立臺灣科技大學企業管理系,其他學校錄取,6,"國立臺北商業大學財務金融系(臺北校區)(正取); 國立臺灣科技大學企業管理系(備取,分發); 國立臺北科技大學資訊與財金管理系(通過); 國立臺北商業大學會計資訊系(臺北校區)(通過); 國立臺北商業大學資訊管理系(臺北校區)(通過); 國立彰化師範大學財務金融技術學系(通過)"
CAND_1680,115,ntub_fin,國立臺北商業大學,財務金融系(臺北校區),國立臺北商業大學 財務金融系(臺北校區),56090144,簡*軒,備取,國立臺北商業大學,國立臺北商業大學會計資訊系(臺北校區),原校系/本校留任,2,"國立臺北商業大學財務金融系(臺北校區)(備取); 國立臺北商業大學會計資訊系(臺北校區)(正取,分發)"
CAND_1681,115,ntub_fin,國立臺北商業大學,財務金融系(臺北校區),國立臺北商業大學 財務金融系(臺北校區),57090637,鄒*宏,備取,國立臺北科技大學,國立臺北科技大學經營管理系,其他學校錄取,5,"國立臺北商業大學財務金融系(臺北校區)(備取); 國立臺北科技大學工業工程與管理系(備取); 國立臺北科技大學經營管理系(備取,分發); 國立臺北商業大學會計資訊系(臺北校區)(正取); 國立臺北商業大學財政稅務系(臺北校區)(通過)"
CAND_1682,115,ntub_fin,國立臺北商業大學,財務金融系(臺北校區),國立臺北商業大學 財務金融系(臺北校區),58090426,*恩,備取,國立臺北科技大學,國立臺北科技大學工業工程與管理系,其他學校錄取,5,"國立臺北商業大學財務金融系(臺北校區)(備取); 國立臺灣科技大學企業管理系(通過); 國立臺北科技大學工業工程與管理系(正取,分發); 國立臺北科技大學資訊與財金管理系(備取); 國立臺北商業大學資訊管理系(臺北校區)(通過)"
CAND_1683,115,ntub_fin,國立臺北商業大學,財務金融系(臺北校區),國立臺北商業大學 財務金融系(臺北校區),61090289,宋*瑄,備取,國立雲林科技大學,國立雲林科技大學財務金融系,其他學校錄取,6,"國立臺北商業大學財務金融系(臺北校區)(備取); 國立雲林科技大學財務金融系(正取,分發); 國立雲林科技大學會計系(正取); 國立臺北科技大學資訊與財金管理系(備取); 國立臺北商業大學會計資訊系(臺北校區)(備取); 國立臺北商業大學財政稅務系(臺北校區)(正取)"
CAND_1684,115,ntub_fin,國立臺北商業大學,財務金融系(臺北校區),國立臺北商業大學 財務金融系(臺北校區),61091100,陳*暟,備取,國立雲林科技大學,國立雲林科技大學財務金融系,其他學校錄取,3,"國立臺北商業大學財務金融系(臺北校區)(備取); 國立雲林科技大學財務金融系(正取,分發); 國立彰化師範大學財務金融技術學系(備取)"
CAND_1685,115,ntub_fin,國立臺北商業大學,財務金融系(臺北校區),國立臺北商業大學 財務金融系(臺北校區),59090321,葵*宇,備取,國立臺北科技大學,國立臺北科技大學資訊與財金管理系,其他學校錄取,5,"國立臺北商業大學財務金融系(臺北校區)(備取); 國立臺灣科技大學資訊管理系(通過); 國立臺北科技大學資訊與財金管理系(正取,分發); 國立臺北商業大學財政稅務系(臺北校區)(正取); 逢甲大學財務金融學系(通過)"
CAND_1686,115,ntub_fin,國立臺北商業大學,財務金融系(臺北校區),國立臺北商業大學 財務金融系(臺北校區),75090001,鄭*,備取,國立臺灣科技大學,國立臺灣科技大學企業管理系,其他學校錄取,6,"國立臺北商業大學財務金融系(臺北校區)(備取); 國立臺灣科技大學企業管理系(正取,分發); 國立雲林科技大學財務金融系(通過); 國立高雄科技大學金融系(備取); 國立臺北商業大學財政稅務系(臺北校區)(正取); 國立屏東大學財務金融學系(正取)"
CAND_1687,115,ntub_fin,國立臺北商業大學,財務金融系(臺北校區),國立臺北商業大學 財務金融系(臺北校區),78090009,林*,備取,國立臺北商業大學,國立臺北商業大學財務金融系(臺北校區),原校系/本校留任,5,"國立臺北商業大學財務金融系(臺北校區)(備取,分發); 國立臺北科技大學經營管理系(備取); 國立臺中科技大學財務金融系(正取); 國立臺北商業大學企業管理系(臺北校區)(備取); 國立臺北商業大學資訊管理系(臺北校區)(備取)"
CAND_1688,115,ntub_fin,國立臺北商業大學,財務金融系(臺北校區),國立臺北商業大學 財務金融系(臺北校區),76090058,吳*臻,備取,國立臺北商業大學,國立臺北商業大學財政稅務系(臺北校區),原校系/本校留任,6,"國立臺北商業大學財務金融系(臺北校區)(備取); 國立雲林科技大學財務金融系(通過); 國立臺北科技大學經營管理系(通過); 國立高雄科技大學財務管理系(通過); 國立臺中科技大學財務金融系(通過); 國立臺北商業大學財政稅務系(臺北校區)(備取,分發)"
CAND_1689,115,ntub_fin,國立臺北商業大學,財務金融系(臺北校區),國立臺北商業大學 財務金融系(臺北校區),76090047,李*蓉,備取,國立臺北科技大學,國立臺北科技大學工業工程與管理系,其他學校錄取,6,"國立臺北商業大學財務金融系(臺北校區)(備取); 國立雲林科技大學財務金融系(正取); 國立臺北科技大學工業工程與管理系(正取,分發); 國立臺中科技大學財務金融系(通過); 國立臺北商業大學會計資訊系(臺北校區)(備取); 國立臺北商業大學財政稅務系(臺北校區)(備取)"
CAND_1690,115,ntub_fin,國立臺北商業大學,財務金融系(臺北校區),國立臺北商業大學 財務金融系(臺北校區),77090011,楊*綸,備取,國立臺北商業大學,國立臺北商業大學財務金融系(臺北校區),原校系/本校留任,3,"國立臺北商業大學財務金融系(臺北校區)(備取,分發); 國立臺北商業大學財政稅務系(臺北校區)(正取); 國立臺北商業大學企業管理系(臺北校區)(正取)"
CAND_1691,115,ntub_fin,國立臺北商業大學,財務金融系(臺北校區),國立臺北商業大學 財務金融系(臺北校區),76090037,歐*聲,備取,國立臺北科技大學,國立臺北科技大學經營管理系,其他學校錄取,5,"國立臺北商業大學財務金融系(臺北校區)(備取); 國立臺北科技大學經營管理系(備取,分發); 國立高雄科技大學財務管理系(備取); 國立臺北商業大學財政稅務系(臺北校區)(備取); 國立臺北商業大學企業管理系(臺北校區)(備取)"
CAND_1692,115,ntub_fin,國立臺北商業大學,財務金融系(臺北校區),國立臺北商業大學 財務金融系(臺北校區),77090015,*揚,備取,國立臺北商業大學,國立臺北商業大學財政稅務系(臺北校區),原校系/本校留任,6,"國立臺北商業大學財務金融系(臺北校區)(備取); 國立臺北科技大學經營管理系(備取); 國立臺北科技大學資訊與財金管理系(通過); 國立臺北商業大學財政稅務系(臺北校區)(備取,分發); 國立臺北商業大學企業管理系(臺北校區)(通過); 國立彰化師範大學財務金融技術學系(備取)"
CAND_1693,115,ntub_fin,國立臺北商業大學,財務金融系(臺北校區),國立臺北商業大學 財務金融系(臺北校區),78090014,楊*毅,備取,國立臺北商業大學,國立臺北商業大學企業管理系(臺北校區),原校系/本校留任,6,"國立臺北商業大學財務金融系(臺北校區)(備取); 國立雲林科技大學企業管理系(正取); 國立臺北科技大學經營管理系(備取); 國立臺中科技大學財務金融系(通過); 國立臺北商業大學企業管理系(臺北校區)(備取,分發); 國立臺北商業大學資訊管理系(臺北校區)(備取)"
CAND_1694,115,ntub_fin,國立臺北商業大學,財務金融系(臺北校區),國立臺北商業大學 財務金融系(臺北校區),76090041,陳*汝,備取,國立雲林科技大學,國立雲林科技大學財務金融系,其他學校錄取,5,"國立臺北商業大學財務金融系(臺北校區)(備取); 國立雲林科技大學財務金融系(備取,分發); 國立高雄科技大學財務管理系(通過); 國立臺中科技大學財務金融系(通過); 國立臺北商業大學財政稅務系(臺北校區)(備取)"
CAND_1695,115,ntub_fin,國立臺北商業大學,財務金融系(臺北校區),國立臺北商業大學 財務金融系(臺北校區),77090010,邱*哈,備取,國立臺北科技大學,國立臺北科技大學經營管理系,其他學校錄取,6,"國立臺北商業大學財務金融系(臺北校區)(備取); 國立臺北科技大學經營管理系(備取,分發); 國立臺中科技大學財務金融系(通過); 國立臺北商業大學財政稅務系(臺北校區)(備取); 國立臺北商業大學企業管理系(臺北校區)(正取); 國立彰化師範大學財務金融技術學系(通過)"
CAND_1696,115,ntub_fin,國立臺北商業大學,財務金融系(臺北校區),國立臺北商業大學 財務金融系(臺北校區),77090019,許*女,備取,國立臺北商業大學,國立臺北商業大學企業管理系(臺北校區),原校系/本校留任,4,"國立臺北商業大學財務金融系(臺北校區)(備取); 國立臺中科技大學財務金融系(通過); 國立臺北商業大學企業管理系(臺北校區)(備取,分發); 國立金門大學企業管理學系(正取)"
CAND_1697,115,ntub_fin,國立臺北商業大學,財務金融系(臺北校區),國立臺北商業大學 財務金融系(臺北校區),77090013,陳*女,備取,—,—,未分發或放棄,5,國立臺北商業大學財務金融系(臺北校區)(備取); 國立臺北科技大學經營管理系(通過); 國立臺北商業大學財政稅務系(臺北校區)(備取); 國立臺北商業大學企業管理系(臺北校區)(備取); 國立彰化師範大學財務金融技術學系(通過)
CAND_1698,115,ntub_fin,國立臺北商業大學,財務金融系(臺北校區),國立臺北商業大學 財務金融系(臺北校區),51090088,*庭,備取,國立臺北科技大學,國立臺北科技大學工業工程與管理系,其他學校錄取,3,"國立臺北商業大學財務金融系(臺北校區)(通過); 國立臺北科技大學工業工程與管理系(正取,分發); 國立臺北商業大學會計資訊系(臺北校區)(通過)"
CAND_1699,115,ntub_fin,國立臺北商業大學,財務金融系(臺北校區),國立臺北商業大學 財務金融系(臺北校區),52090572,張*宇,備取,國立臺灣科技大學,國立臺灣科技大學資訊管理系,其他學校錄取,6,"國立臺北商業大學財務金融系(臺北校區)(通過); 國立臺灣科技大學資訊管理系(正取,分發); 國立臺北科技大學工業工程與管理系(正取); 國立臺北科技大學資訊與財金管理系(備取); 國立臺北商業大學會計資訊系(臺北校區)(通過); 國立臺北商業大學資訊管理系(臺北校區)(通過)"
CAND_1700,115,ntub_fin,國立臺北商業大學,財務金融系(臺北校區),國立臺北商業大學 財務金融系(臺北校區),56090105,李*祐,備取,國立臺灣科技大學,國立臺灣科技大學企業管理系,其他學校錄取,6,"國立臺北商業大學財務金融系(臺北校區)(通過); 國立臺灣科技大學企業管理系(正取,分發); 國立臺北科技大學經營管理系(正取); 國立臺北科技大學資訊與財金管理系(正取); 國立臺北商業大學國際商務系(臺北校區)(正取); 國立臺北商業大學企業管理系(臺北校區)(正取)"
CAND_1701,115,ntub_fin,國立臺北商業大學,財務金融系(臺北校區),國立臺北商業大學 財務金融系(臺北校區),56090186,林*歆,備取,—,—,未分發或放棄,6,國立臺北商業大學財務金融系(臺北校區)(通過); 國立高雄科技大學工業工程與管理系(通過); 國立高雄科技大學財務管理系(通過); 國立臺中科技大學財務金融系(通過); 國立臺北商業大學財政稅務系(臺北校區)(通過); 致理科技大學財務金融系(通過)
CAND_1702,115,ntub_fin,國立臺北商業大學,財務金融系(臺北校區),國立臺北商業大學 財務金融系(臺北校區),57090057,葵*,備取,國立臺灣科技大學,國立臺灣科技大學企業管理系,其他學校錄取,2,"國立臺北商業大學財務金融系(臺北校區)(通過); 國立臺灣科技大學企業管理系(備取,分發)"
CAND_1703,115,ntub_fin,國立臺北商業大學,財務金融系(臺北校區),國立臺北商業大學 財務金融系(臺北校區),57090325,*特,備取,—,—,未分發或放棄,6,國立臺北商業大學財務金融系(臺北校區)(通過); 國立雲林科技大學工業工程與管理系(通過); 國立雲林科技大學財務金融系(通過); 國立臺北科技大學工業工程與管理系(通過); 國立臺北科技大學資訊與財金管理系(通過); 國立臺北商業大學資訊管理系(臺北校區)(通過)
CAND_1704,115,ntub_fin,國立臺北商業大學,財務金融系(臺北校區),國立臺北商業大學 財務金融系(臺北校區),57090413,林*璇,備取,—,—,未分發或放棄,2,國立臺北商業大學財務金融系(臺北校區)(通過); 國立臺北科技大學資訊與財金管理系(通過)
CAND_1705,115,ntub_fin,國立臺北商業大學,財務金融系(臺北校區),國立臺北商業大學 財務金融系(臺北校區),57090767,*綺,備取,國立臺灣科技大學,國立臺灣科技大學企業管理系,其他學校錄取,6,"國立臺北商業大學財務金融系(臺北校區)(通過); 國立臺灣科技大學企業管理系(正取,分發); 國立臺北科技大學經營管理系(備取); 國立臺北科技大學資訊與財金管理系(備取); 國立臺北商業大學會計資訊系(臺北校區)(通過); 中原大學會計學系(正取)"
CAND_1706,115,ntub_fin,國立臺北商業大學,財務金融系(臺北校區),國立臺北商業大學 財務金融系(臺北校區),58090177,管*永,備取,國立臺北科技大學,國立臺北科技大學經營管理系,其他學校錄取,6,"國立臺北商業大學財務金融系(臺北校區)(通過); 國立臺灣科技大學企業管理系(通過); 國立臺北科技大學經營管理系(正取,分發); 國立臺北科技大學資訊與財金管理系(正取); 國立臺北商業大學國際商務系(臺北校區)(通過); 國立臺北商業大學企業管理系(臺北校區)(通過)"
CAND_1707,115,ntub_fin,國立臺北商業大學,財務金融系(臺北校區),國立臺北商業大學 財務金融系(臺北校區),58090185,邱*,備取,—,—,未分發或放棄,5,國立臺北商業大學財務金融系(臺北校區)(通過); 國立臺灣科技大學資訊管理系(通過); 國立臺北科技大學經營管理系(通過); 國立臺北科技大學資訊與財金管理系(備取); 國立臺北商業大學資訊管理系(臺北校區)(通過)
CAND_1708,115,ntub_fin,國立臺北商業大學,財務金融系(臺北校區),國立臺北商業大學 財務金融系(臺北校區),58090365,于*永,備取,國立臺北科技大學,國立臺北科技大學工業工程與管理系,其他學校錄取,4,"國立臺北商業大學財務金融系(臺北校區)(通過); 國立臺北科技大學工業工程與管理系(正取,分發); 國立臺北科技大學經營管理系(備取); 國立臺北商業大學財政稅務系(臺北校區)(通過)"
CAND_1709,115,ntub_fin,國立臺北商業大學,財務金融系(臺北校區),國立臺北商業大學 財務金融系(臺北校區),58090410,陳*,備取,國立臺北科技大學,國立臺北科技大學工業工程與管理系,其他學校錄取,3,"國立臺北商業大學財務金融系(臺北校區)(通過); 國立臺北科技大學工業工程與管理系(備取,分發); 國立臺北商業大學資訊管理系(臺北校區)(通過)"
CAND_1710,115,ntub_fin,國立臺北商業大學,財務金融系(臺北校區),國立臺北商業大學 財務金融系(臺北校區),58090527,*錡,備取,國立臺灣科技大學,國立臺灣科技大學企業管理系,其他學校錄取,5,"國立臺北商業大學財務金融系(臺北校區)(通過); 國立臺灣科技大學企業管理系(正取,分發); 國立雲林科技大學會計系(通過); 國立臺北科技大學經營管理系(正取); 國立臺北商業大學會計資訊系(臺北校區)(通過)"
CAND_1711,115,ntub_fin,國立臺北商業大學,財務金融系(臺北校區),國立臺北商業大學 財務金融系(臺北校區),58090538,范*榕,備取,國立臺北科技大學,國立臺北科技大學工業工程與管理系,其他學校錄取,4,"國立臺北商業大學財務金融系(臺北校區)(通過); 國立臺北科技大學工業工程與管理系(正取,分發); 國立臺北科技大學資訊與財金管理系(備取); 國立臺北商業大學會計資訊系(臺北校區)(通過)"
CAND_1712,115,ntub_fin,國立臺北商業大學,財務金融系(臺北校區),國立臺北商業大學 財務金融系(臺北校區),59090096,梁*媞,備取,—,—,未分發或放棄,3,國立臺北商業大學財務金融系(臺北校區)(通過); 國立臺北科技大學經營管理系(通過); 國立中興大學企業管理學系(通過)
CAND_1713,115,ntub_fin,國立臺北商業大學,財務金融系(臺北校區),國立臺北商業大學 財務金融系(臺北校區),59090335,吳*垣,備取,國立臺灣科技大學,國立臺灣科技大學資訊管理系,其他學校錄取,6,"國立臺北商業大學財務金融系(臺北校區)(通過); 國立臺灣科技大學企業管理系(備取); 國立臺灣科技大學資訊管理系(正取,分發); 國立臺北科技大學工業工程與管理系(正取); 國立臺北科技大學資訊與財金管理系(備取); 國立臺北商業大學資訊管理系(臺北校區)(通過)"
CAND_1714,115,ntub_fin,國立臺北商業大學,財務金融系(臺北校區),國立臺北商業大學 財務金融系(臺北校區),61090442,周*,備取,國立雲林科技大學,國立雲林科技大學會計系,其他學校錄取,6,"國立臺北商業大學財務金融系(臺北校區)(通過); 國立雲林科技大學會計系(正取,分發); 國立臺北科技大學資訊與財金管理系(通過); 國立高雄科技大學會計資訊系(通過); 國立臺北商業大學會計資訊系(臺北校區)(正取); 國立臺北商業大學財政稅務系(臺北校區)(通過)"
CAND_1715,115,ntub_fin,國立臺北商業大學,財務金融系(臺北校區),國立臺北商業大學 財務金融系(臺北校區),61090705,*綾,備取,國立雲林科技大學,國立雲林科技大學財務金融系,其他學校錄取,6,"國立臺北商業大學財務金融系(臺北校區)(通過); 國立雲林科技大學財務金融系(正取,分發); 國立雲林科技大學會計系(正取); 國立臺北科技大學工業工程與管理系(通過); 國立臺北商業大學會計資訊系(臺北校區)(通過); 國立彰化師範大學財務金融技術學系(通過)"
CAND_1716,115,ntub_fin,國立臺北商業大學,財務金融系(臺北校區),國立臺北商業大學 財務金融系(臺北校區),61091220,林*,備取,—,—,未分發或放棄,3,國立臺北商業大學財務金融系(臺北校區)(通過); 國立臺灣科技大學企業管理系(通過); 國立臺北科技大學工業工程與管理系(備取)
CAND_1717,115,ntub_fin,國立臺北商業大學,財務金融系(臺北校區),國立臺北商業大學 財務金融系(臺北校區),61091223,考生*,備取,國立臺北科技大學,國立臺北科技大學資訊與財金管理系,其他學校錄取,6,"國立臺北商業大學財務金融系(臺北校區)(通過); 國立臺灣科技大學企業管理系(備取); 國立雲林科技大學財務金融系(通過); 國立臺北科技大學經營管理系(正取); 國立臺北科技大學資訊與財金管理系(備取,分發); 國立臺北商業大學國際商務系(臺北校區)(通過)"
CAND_1718,115,ntub_fin,國立臺北商業大學,財務金融系(臺北校區),國立臺北商業大學 財務金融系(臺北校區),61091352,許*閔,備取,國立臺灣科技大學,國立臺灣科技大學資訊管理系,其他學校錄取,4,"國立臺北商業大學財務金融系(臺北校區)(通過); 國立臺灣科技大學資訊管理系(正取,分發); 國立臺北商業大學會計資訊系(臺北校區)(正取); 國立臺北商業大學資訊管理系(臺北校區)(正取)"
CAND_1719,115,ntub_fin,國立臺北商業大學,財務金融系(臺北校區),國立臺北商業大學 財務金融系(臺北校區),9066609,考生*,備取,國立臺北科技大學,國立臺北科技大學資訊與財金管理系,其他學校錄取,4,"國立臺北商業大學財務金融系(臺北校區)(通過); 國立臺灣科技大學企業管理系(通過); 國立臺北科技大學工業工程與管理系(正取); 國立臺北科技大學資訊與財金管理系(備取,分發)"
CAND_1720,115,ntub_fin,國立臺北商業大學,財務金融系(臺北校區),國立臺北商業大學 財務金融系(臺北校區),64090102,林*叡,備取,國立臺北商業大學,國立臺北商業大學會計資訊系(臺北校區),原校系/本校留任,4,"國立臺北商業大學財務金融系(臺北校區)(通過); 國立雲林科技大學會計系(正取); 國立臺中科技大學會計資訊系(通過); 國立臺北商業大學會計資訊系(臺北校區)(正取,分發)"
CAND_1721,115,ntub_fin,國立臺北商業大學,財務金融系(臺北校區),國立臺北商業大學 財務金融系(臺北校區),64090327,林*儀,備取,—,—,未分發或放棄,3,國立臺北商業大學財務金融系(臺北校區)(通過); 國立雲林科技大學財務金融系(通過); 國立臺北商業大學財政稅務系(臺北校區)(通過)
CAND_1722,115,ntub_fin,國立臺北商業大學,財務金融系(臺北校區),國立臺北商業大學 財務金融系(臺北校區),68090193,游*芳,備取,國立臺北科技大學,國立臺北科技大學工業工程與管理系,其他學校錄取,3,"國立臺北商業大學財務金融系(臺北校區)(通過); 國立臺北科技大學工業工程與管理系(正取,分發); 國立臺北科技大學資訊與財金管理系(正取)"
CAND_1723,115,ntub_fin,國立臺北商業大學,財務金融系(臺北校區),國立臺北商業大學 財務金融系(臺北校區),68090553,*豪,備取,—,—,未分發或放棄,5,國立臺北商業大學財務金融系(臺北校區)(通過); 國立臺北科技大學工業工程與管理系(通過); 國立高雄科技大學工業工程與管理系(通過); 國立高雄科技大學運籌管理系(通過); 國立臺北商業大學會計資訊系(臺北校區)(通過)
CAND_1724,115,ntub_fin,國立臺北商業大學,財務金融系(臺北校區),國立臺北商業大學 財務金融系(臺北校區),77090004,*宇,備取,—,—,未分發或放棄,3,國立臺北商業大學財務金融系(臺北校區)(通過); 國立臺中科技大學財務金融系(通過); 國立臺北商業大學企業管理系(臺北校區)(通過)
CAND_1725,115,ntub_fin,國立臺北商業大學,財務金融系(臺北校區),國立臺北商業大學 財務金融系(臺北校區),78090003,張*煜,備取,國立臺北科技大學,國立臺北科技大學資訊與財金管理系,其他學校錄取,6,"國立臺北商業大學財務金融系(臺北校區)(通過); 國立臺北科技大學經營管理系(正取); 國立臺北科技大學資訊與財金管理系(正取,分發); 國立臺中科技大學企業管理系(正取); 國立臺北商業大學企業管理系(臺北校區)(正取); 國立臺北商業大學資訊管理系(臺北校區)(備取)"
CAND_1726,115,ntub_fin,國立臺北商業大學,財務金融系(臺北校區),國立臺北商業大學 財務金融系(臺北校區),78090004,陳*廷,備取,—,—,未分發或放棄,5,國立臺北商業大學財務金融系(臺北校區)(通過); 國立雲林科技大學企業管理系(備取); 國立臺中科技大學企業管理系(備取); 國立臺北商業大學企業管理系(臺北校區)(備取); 國立臺北商業大學資訊管理系(臺北校區)(通過)
CAND_1727,115,ntub_fin,國立臺北商業大學,財務金融系(臺北校區),國立臺北商業大學 財務金融系(臺北校區),78090012,郭*程,備取,國立臺中科技大學,國立臺中科技大學多媒體設計系,其他學校錄取,6,"國立臺北商業大學財務金融系(臺北校區)(通過); 國立雲林科技大學文化資產維護系(備取); 國立臺中科技大學多媒體設計系(備取,分發); 朝陽科技大學財務金融系(備取); 元培醫事科技大學視光系(備取); 致理科技大學行銷與流通管理系(正取)"
CAND_1728,114,ntub_fin,國立臺北商業大學,財務金融系(臺北校區),國立臺北商業大學 財務金融系(臺北校區),70091073,李*,正取,國立臺北科技大學,國立臺北科技大學資訊與財金管理系,其他學校錄取,3,"國立臺北商業大學財務金融系(臺北校區)(正取); 國立雲林科技大學財務金融系(正取); 國立臺北科技大學資訊與財金管理系(正取,分發)"
CAND_1729,114,ntub_fin,國立臺北商業大學,財務金融系(臺北校區),國立臺北商業大學 財務金融系(臺北校區),61091753,*真,正取,國立臺北商業大學,國立臺北商業大學財務金融系(臺北校區),原校系/本校留任,1,"國立臺北商業大學財務金融系(臺北校區)(正取,分發)"
CAND_1730,114,ntub_fin,國立臺北商業大學,財務金融系(臺北校區),國立臺北商業大學 財務金融系(臺北校區),55090041,*玲,正取,國立臺北商業大學,國立臺北商業大學財務金融系(臺北校區),原校系/本校留任,1,"國立臺北商業大學財務金融系(臺北校區)(正取,分發)"
CAND_1731,114,ntub_fin,國立臺北商業大學,財務金融系(臺北校區),國立臺北商業大學 財務金融系(臺北校區),58090145,許*恩,正取,國立臺北科技大學,國立臺北科技大學資訊與財金管理系,其他學校錄取,2,"國立臺北商業大學財務金融系(臺北校區)(正取); 國立臺北科技大學資訊與財金管理系(備取,分發)"
CAND_1732,114,ntub_fin,國立臺北商業大學,財務金融系(臺北校區),國立臺北商業大學 財務金融系(臺北校區),61090965,賴*毓,正取,國立雲林科技大學,國立雲林科技大學財務金融系,其他學校錄取,4,"國立臺北商業大學財務金融系(臺北校區)(正取); 國立雲林科技大學財務金融系(正取,分發); 國立臺北科技大學工業工程與管理系(通過); 國立彰化師範大學財務金融技術學系(正取)"
CAND_1733,114,ntub_fin,國立臺北商業大學,財務金融系(臺北校區),國立臺北商業大學 財務金融系(臺北校區),58090025,胡*婷,正取,國立臺灣科技大學,國立臺灣科技大學企業管理系,其他學校錄取,4,"國立臺北商業大學財務金融系(臺北校區)(正取); 國立臺灣科技大學企業管理系(備取,分發); 國立雲林科技大學企業管理系(通過); 國立雲林科技大學財務金融系(正取)"
CAND_1734,114,ntub_fin,國立臺北商業大學,財務金融系(臺北校區),國立臺北商業大學 財務金融系(臺北校區),58090245,涂*婷,正取,國立臺北商業大學,國立臺北商業大學財務金融系(臺北校區),原校系/本校留任,5,"國立臺北商業大學財務金融系(臺北校區)(正取,分發); 國立臺灣科技大學企業管理系(備取); 國立雲林科技大學財務金融系(通過); 國立臺北科技大學經營管理系(備取); 國立彰化師範大學財務金融技術學系(通過)"
CAND_1735,114,ntub_fin,國立臺北商業大學,財務金融系(臺北校區),國立臺北商業大學 財務金融系(臺北校區),57090134,范*慈,正取,國立臺北商業大學,國立臺北商業大學財務金融系(臺北校區),原校系/本校留任,5,"國立臺北商業大學財務金融系(臺北校區)(正取,分發); 國立臺北科技大學經營管理系(備取); 國立高雄科技大學金融系(通過); 國立高雄科技大學財政稅務系(通過); 國立彰化師範大學財務金融技術學系(備取)"
CAND_1736,114,ntub_fin,國立臺北商業大學,財務金融系(臺北校區),國立臺北商業大學 財務金融系(臺北校區),57090437,*喬,正取,國立臺北科技大學,國立臺北科技大學經營管理系,其他學校錄取,2,"國立臺北商業大學財務金融系(臺北校區)(正取); 國立臺北科技大學經營管理系(正取,分發)"
CAND_1737,114,ntub_fin,國立臺北商業大學,財務金融系(臺北校區),國立臺北商業大學 財務金融系(臺北校區),54090051,林*,正取,國立臺北商業大學,國立臺北商業大學財務金融系(臺北校區),原校系/本校留任,1,"國立臺北商業大學財務金融系(臺北校區)(正取,分發)"
CAND_1738,114,ntub_fin,國立臺北商業大學,財務金融系(臺北校區),國立臺北商業大學 財務金融系(臺北校區),76090048,李*訓,正取,國立臺北商業大學,國立臺北商業大學財務金融系(臺北校區),原校系/本校留任,6,"國立臺北商業大學財務金融系(臺北校區)(正取,分發); 國立雲林科技大學財務金融系(正取); 國立屏東科技大學企業管理系(通過); 國立臺北科技大學資訊與財金管理系(通過); 國立高雄科技大學金融資訊系(正取); 國立臺中科技大學財務金融系(正取)"
CAND_1739,114,ntub_fin,國立臺北商業大學,財務金融系(臺北校區),國立臺北商業大學 財務金融系(臺北校區),76090044,吳*,正取,國立臺北科技大學,國立臺北科技大學資訊與財金管理系,其他學校錄取,3,"國立臺北商業大學財務金融系(臺北校區)(正取); 國立臺北科技大學經營管理系(備取); 國立臺北科技大學資訊與財金管理系(正取,分發)"
CAND_1740,114,ntub_fin,國立臺北商業大學,財務金融系(臺北校區),國立臺北商業大學 財務金融系(臺北校區),77090012,*元,正取,國立臺北商業大學,國立臺北商業大學財務金融系(臺北校區),原校系/本校留任,3,"國立臺北商業大學財務金融系(臺北校區)(正取,分發); 國立雲林科技大學財務金融系(正取); 國立臺中科技大學財務金融系(正取)"
CAND_1741,114,ntub_fin,國立臺北商業大學,財務金融系(臺北校區),國立臺北商業大學 財務金融系(臺北校區),61091685,林*,備取,國立雲林科技大學,國立雲林科技大學財務金融系,其他學校錄取,5,"國立臺北商業大學財務金融系(臺北校區)(備取); 國立雲林科技大學企業管理系(通過); 國立雲林科技大學財務金融系(正取,分發); 國立高雄科技大學財政稅務系(通過); 國立臺中科技大學財務金融系(通過)"
CAND_1742,114,ntub_fin,國立臺北商業大學,財務金融系(臺北校區),國立臺北商業大學 財務金融系(臺北校區),51090036,陳*恩,備取,國立臺北商業大學,國立臺北商業大學財務金融系(臺北校區),原校系/本校留任,3,"國立臺北商業大學財務金融系(臺北校區)(備取,分發); 國立臺北科技大學經營管理系(正取); 國立彰化師範大學財務金融技術學系(通過)"
CAND_1743,114,ntub_fin,國立臺北商業大學,財務金融系(臺北校區),國立臺北商業大學 財務金融系(臺北校區),61091219,陳*希,備取,國立臺北商業大學,國立臺北商業大學財務金融系(臺北校區),原校系/本校留任,1,"國立臺北商業大學財務金融系(臺北校區)(備取,分發)"
CAND_1744,114,ntub_fin,國立臺北商業大學,財務金融系(臺北校區),國立臺北商業大學 財務金融系(臺北校區),76090030,顏*廷,備取,國立高雄科技大學,國立高雄科技大學會計資訊系,其他學校錄取,5,"國立臺北商業大學財務金融系(臺北校區)(備取); 國立雲林科技大學財務金融系(備取); 國立高雄科技大學會計資訊系(正取,分發); 國立高雄科技大學金融資訊系(備取); 國立臺中科技大學會計資訊系(正取)"
CAND_1745,114,ntub_fin,國立臺北商業大學,財務金融系(臺北校區),國立臺北商業大學 財務金融系(臺北校區),76090001,許*有,備取,國立雲林科技大學,國立雲林科技大學財務金融系,其他學校錄取,6,"國立臺北商業大學財務金融系(臺北校區)(備取); 國立雲林科技大學財務金融系(備取,分發); 國立高雄科技大學財務管理系(通過); 國立高雄科技大學金融資訊系(通過); 國立臺中科技大學財務金融系(通過); 國立屏東大學財務金融學系(正取)"
CAND_1746,114,ntub_fin,國立臺北商業大學,財務金融系(臺北校區),國立臺北商業大學 財務金融系(臺北校區),52090114,葵*,備取,國立臺灣科技大學,國立臺灣科技大學企業管理系,其他學校錄取,3,"國立臺北商業大學財務金融系(臺北校區)(通過); 國立臺灣科技大學企業管理系(正取,分發); 國立臺北科技大學資訊與財金管理系(備取)"
CAND_1747,114,ntub_fin,國立臺北商業大學,財務金融系(臺北校區),國立臺北商業大學 財務金融系(臺北校區),52090422,李*靚,備取,—,—,未分發或放棄,5,國立臺北商業大學財務金融系(臺北校區)(通過); 國立臺灣科技大學企業管理系(通過); 國立雲林科技大學財務金融系(通過); 國立臺北科技大學經營管理系(通過); 國立臺北科技大學資訊與財金管理系(通過)
CAND_1748,114,ntub_fin,國立臺北商業大學,財務金融系(臺北校區),國立臺北商業大學 財務金融系(臺北校區),55090161,蘇*女,備取,國立臺灣科技大學,國立臺灣科技大學資訊管理系,其他學校錄取,6,"國立臺北商業大學財務金融系(臺北校區)(通過); 國立臺灣科技大學企業管理系(通過); 國立臺灣科技大學資訊管理系(正取,分發); 國立臺北科技大學經營管理系(通過); 國立臺北科技大學資訊與財金管理系(通過); 國立政治大學金融學系(正取)"
CAND_1749,114,ntub_fin,國立臺北商業大學,財務金融系(臺北校區),國立臺北商業大學 財務金融系(臺北校區),57090089,黄*,備取,—,—,未分發或放棄,2,國立臺北商業大學財務金融系(臺北校區)(通過); 國立臺北科技大學經營管理系(通過)
CAND_1750,114,ntub_fin,國立臺北商業大學,財務金融系(臺北校區),國立臺北商業大學 財務金融系(臺北校區),57090382,考生*,備取,—,—,未分發或放棄,4,國立臺北商業大學財務金融系(臺北校區)(通過); 國立臺灣科技大學企業管理系(通過); 國立臺北科技大學經營管理系(通過); 國立臺北科技大學資訊與財金管理系(通過)
CAND_1751,114,ntub_fin,國立臺北商業大學,財務金融系(臺北校區),國立臺北商業大學 財務金融系(臺北校區),58090257,彭*斐,備取,國立臺灣科技大學,國立臺灣科技大學企業管理系,其他學校錄取,3,"國立臺北商業大學財務金融系(臺北校區)(通過); 國立臺灣科技大學企業管理系(正取,分發); 國立臺北科技大學經營管理系(通過)"
CAND_1752,114,ntub_fin,國立臺北商業大學,財務金融系(臺北校區),國立臺北商業大學 財務金融系(臺北校區),59090001,吳*木,備取,—,—,未分發或放棄,3,國立臺北商業大學財務金融系(臺北校區)(通過); 國立臺灣科技大學資訊管理系(備取); 國立臺北科技大學資訊與財金管理系(通過)
CAND_1753,114,ntub_fin,國立臺北商業大學,財務金融系(臺北校區),國立臺北商業大學 財務金融系(臺北校區),60090037,連*淂,備取,—,—,未分發或放棄,4,國立臺北商業大學財務金融系(臺北校區)(通過); 國立臺灣科技大學企業管理系(通過); 國立臺北科技大學工業工程與管理系(正取); 國立臺北科技大學資訊與財金管理系(通過)
CAND_1754,114,ntub_fin,國立臺北商業大學,財務金融系(臺北校區),國立臺北商業大學 財務金融系(臺北校區),61090459,吳*綺,備取,國立臺灣科技大學,國立臺灣科技大學企業管理系,其他學校錄取,5,"國立臺北商業大學財務金融系(臺北校區)(通過); 國立臺灣科技大學企業管理系(正取,分發); 國立臺北科技大學工業工程與管理系(通過); 國立臺北科技大學經營管理系(通過); 國立中興大學企業管理學系(通過)"
CAND_1755,114,ntub_fin,國立臺北商業大學,財務金融系(臺北校區),國立臺北商業大學 財務金融系(臺北校區),61090661,葵*威,備取,國立臺灣科技大學,國立臺灣科技大學企業管理系,其他學校錄取,3,"國立臺北商業大學財務金融系(臺北校區)(通過); 國立臺灣科技大學企業管理系(正取,分發); 國立雲林科技大學財務金融系(通過)"
CAND_1756,114,ntub_fin,國立臺北商業大學,財務金融系(臺北校區),國立臺北商業大學 財務金融系(臺北校區),61091517,游*女,備取,國立臺北科技大學,國立臺北科技大學工業工程與管理系,其他學校錄取,4,"國立臺北商業大學財務金融系(臺北校區)(通過); 國立臺灣科技大學企業管理系(通過); 國立臺北科技大學工業工程與管理系(正取,分發); 國立臺北科技大學資訊與財金管理系(正取)"
CAND_1757,114,ntub_fin,國立臺北商業大學,財務金融系(臺北校區),國立臺北商業大學 財務金融系(臺北校區),61091541,陳*庭,備取,—,—,未分發或放棄,2,國立臺北商業大學財務金融系(臺北校區)(通過); 國立高雄科技大學財務管理系(通過)
CAND_1758,114,ntub_fin,國立臺北商業大學,財務金融系(臺北校區),國立臺北商業大學 財務金融系(臺北校區),61091577,張*渝,備取,國立臺灣科技大學,國立臺灣科技大學企業管理系,其他學校錄取,4,"國立臺北商業大學財務金融系(臺北校區)(通過); 國立臺灣科技大學企業管理系(正取,分發); 國立雲林科技大學財務金融系(通過); 國立臺北科技大學經營管理系(通過)"
CAND_1759,114,ntub_fin,國立臺北商業大學,財務金融系(臺北校區),國立臺北商業大學 財務金融系(臺北校區),61091713,熊*淇,備取,—,—,未分發或放棄,4,國立臺北商業大學財務金融系(臺北校區)(通過); 國立臺灣科技大學企業管理系(通過); 國立臺北科技大學工業工程與管理系(正取); 國立臺北科技大學經營管理系(通過)
CAND_1760,114,ntub_fin,國立臺北商業大學,財務金融系(臺北校區),國立臺北商業大學 財務金融系(臺北校區),63090445,翁*,備取,國立雲林科技大學,國立雲林科技大學財務金融系,其他學校錄取,4,"國立臺北商業大學財務金融系(臺北校區)(通過); 國立雲林科技大學財務金融系(正取,分發); 國立雲林科技大學會計系(正取); 國立臺中科技大學財務金融系(通過)"
CAND_1761,114,ntub_fin,國立臺北商業大學,財務金融系(臺北校區),國立臺北商業大學 財務金融系(臺北校區),64090203,*晴,備取,國立臺灣科技大學,國立臺灣科技大學企業管理系,其他學校錄取,5,"國立臺北商業大學財務金融系(臺北校區)(通過); 國立臺灣科技大學企業管理系(正取,分發); 國立臺北科技大學經營管理系(通過); 國立臺北科技大學資訊與財金管理系(通過); 國立中正大學經濟學系(通過)"
CAND_1762,114,ntub_fin,國立臺北商業大學,財務金融系(臺北校區),國立臺北商業大學 財務金融系(臺北校區),64090507,林*廷,備取,國立臺北科技大學,國立臺北科技大學經營管理系,其他學校錄取,6,"國立臺北商業大學財務金融系(臺北校區)(通過); 國立臺灣科技大學企業管理系(通過); 國立雲林科技大學資訊管理系(通過); 國立雲林科技大學財務金融系(正取); 國立臺北科技大學工業工程與管理系(備取); 國立臺北科技大學經營管理系(備取,分發)"
CAND_1763,114,ntub_fin,國立臺北商業大學,財務金融系(臺北校區),國立臺北商業大學 財務金融系(臺北校區),68090077,*暐,備取,—,—,未分發或放棄,5,國立臺北商業大學財務金融系(臺北校區)(通過); 國立雲林科技大學財務金融系(通過); 國立臺北科技大學工業工程與管理系(通過); 國立臺北科技大學資訊與財金管理系(備取); 國立彰化師範大學財務金融技術學系(通過)
CAND_1764,114,ntub_fin,國立臺北商業大學,財務金融系(臺北校區),國立臺北商業大學 財務金融系(臺北校區),68090117,邱*,備取,—,—,未分發或放棄,4,國立臺北商業大學財務金融系(臺北校區)(通過); 國立雲林科技大學財務金融系(通過); 國立臺北科技大學工業工程與管理系(通過); 國立彰化師範大學財務金融技術學系(通過)
CAND_1765,114,ntub_fin,國立臺北商業大學,財務金融系(臺北校區),國立臺北商業大學 財務金融系(臺北校區),70090329,李*明,備取,—,—,未分發或放棄,5,國立臺北商業大學財務金融系(臺北校區)(通過); 國立臺灣科技大學企業管理系(備取); 國立臺灣科技大學資訊管理系(通過); 國立臺北科技大學經營管理系(通過); 國立臺北科技大學資訊與財金管理系(通過)
CAND_1766,114,ntub_fin,國立臺北商業大學,財務金融系(臺北校區),國立臺北商業大學 財務金融系(臺北校區),70090869,盧*銓,備取,—,—,未分發或放棄,4,國立臺北商業大學財務金融系(臺北校區)(通過); 國立雲林科技大學財務金融系(通過); 國立雲林科技大學國際管理學士學位學程(通過); 國立臺北科技大學經營管理系(通過)
CAND_1767,114,ntub_fin,國立臺北商業大學,財務金融系(臺北校區),國立臺北商業大學 財務金融系(臺北校區),77090006,林*晴,備取,國立金門大學,國立金門大學企業管理學系,其他學校錄取,3,"國立臺北商業大學財務金融系(臺北校區)(通過); 國立金門大學企業管理學系(正取,分發); 國立金門大學觀光管理學系(備取)"
CAND_1768,113,ntub_fin,國立臺北商業大學,財務金融系(臺北校區),國立臺北商業大學 財務金融系(臺北校區),76090053,涂*,正取,國立中央大學,國立中央大學財務金融學系,其他學校錄取,3,"國立臺北商業大學財務金融系(臺北校區)(正取); 國立臺北科技大學資訊與財金管理系(正取); 國立中央大學財務金融學系(正取,分發)"
CAND_1769,113,ntub_fin,國立臺北商業大學,財務金融系(臺北校區),國立臺北商業大學 財務金融系(臺北校區),57090031,李*縈,正取,國立臺灣科技大學,國立臺灣科技大學企業管理系,其他學校錄取,3,"國立臺北商業大學財務金融系(臺北校區)(正取); 國立臺灣科技大學企業管理系(正取,分發); 國立臺北科技大學經營管理系(通過)"
CAND_1770,113,ntub_fin,國立臺北商業大學,財務金融系(臺北校區),國立臺北商業大學 財務金融系(臺北校區),76090006,*俐,正取,國立臺北科技大學,國立臺北科技大學資訊與財金管理系,其他學校錄取,4,"國立臺北商業大學財務金融系(臺北校區)(正取); 國立臺灣科技大學企業管理系(正取); 國立臺北科技大學經營管理系(正取); 國立臺北科技大學資訊與財金管理系(正取,分發)"
CAND_1771,113,ntub_fin,國立臺北商業大學,財務金融系(臺北校區),國立臺北商業大學 財務金融系(臺北校區),58090397,林*岑,正取,國立臺北商業大學,國立臺北商業大學財務金融系(臺北校區),原校系/本校留任,3,"國立臺北商業大學財務金融系(臺北校區)(正取,分發); 國立臺灣科技大學企業管理系(通過); 國立臺北科技大學工業工程與管理系(通過)"
CAND_1772,113,ntub_fin,國立臺北商業大學,財務金融系(臺北校區),國立臺北商業大學 財務金融系(臺北校區),59090024,*女,正取,國立臺灣科技大學,國立臺灣科技大學企業管理系,其他學校錄取,4,"國立臺北商業大學財務金融系(臺北校區)(正取); 國立臺灣科技大學企業管理系(正取,分發); 國立臺北科技大學經營管理系(正取); 國立臺北科技大學資訊與財金管理系(正取)"
CAND_1773,113,ntub_fin,國立臺北商業大學,財務金融系(臺北校區),國立臺北商業大學 財務金融系(臺北校區),66090209,*芩,正取,國立臺北科技大學,國立臺北科技大學資訊與財金管理系,其他學校錄取,3,"國立臺北商業大學財務金融系(臺北校區)(正取); 國立臺灣科技大學企業管理系(通過); 國立臺北科技大學資訊與財金管理系(正取,分發)"
CAND_1774,113,ntub_fin,國立臺北商業大學,財務金融系(臺北校區),國立臺北商業大學 財務金融系(臺北校區),61091691,黄*雅,正取,國立雲林科技大學,國立雲林科技大學財務金融系,其他學校錄取,5,"國立臺北商業大學財務金融系(臺北校區)(正取); 國立雲林科技大學財務金融系(正取,分發); 國立雲林科技大學會計系(正取); 國立高雄科技大學金融系(正取); 國立臺北商業大學財政稅務系(臺北校區)(正取)"
CAND_1775,113,ntub_fin,國立臺北商業大學,財務金融系(臺北校區),國立臺北商業大學 財務金融系(臺北校區),58090069,*筠,正取,國立臺灣科技大學,國立臺灣科技大學企業管理系,其他學校錄取,5,"國立臺北商業大學財務金融系(臺北校區)(正取); 國立臺灣科技大學企業管理系(正取,分發); 國立雲林科技大學財務金融系(正取); 國立臺北科技大學經營管理系(備取); 國立臺北商業大學財政稅務系(臺北校區)(正取)"
CAND_1776,113,ntub_fin,國立臺北商業大學,財務金融系(臺北校區),國立臺北商業大學 財務金融系(臺北校區),68090117,林*靄,正取,國立臺灣科技大學,國立臺灣科技大學企業管理系,其他學校錄取,5,"國立臺北商業大學財務金融系(臺北校區)(正取); 國立臺灣科技大學企業管理系(正取,分發); 國立臺北科技大學資訊與財金管理系(通過); 國立臺北商業大學財政稅務系(臺北校區)(通過); 國立臺北商業大學國際商務系(臺北校區)(通過)"
CAND_1777,113,ntub_fin,國立臺北商業大學,財務金融系(臺北校區),國立臺北商業大學 財務金融系(臺北校區),64090008,葉*宇,正取,國立雲林科技大學,國立雲林科技大學財務金融系,其他學校錄取,4,"國立臺北商業大學財務金融系(臺北校區)(正取); 國立雲林科技大學財務金融系(正取,分發); 國立臺中科技大學財務金融系(通過); 國立彰化師範大學財務金融技術學系(通過)"
CAND_1778,113,ntub_fin,國立臺北商業大學,財務金融系(臺北校區),國立臺北商業大學 財務金融系(臺北校區),61091233,維*,正取,國立臺北商業大學,國立臺北商業大學會計資訊系(臺北校區),原校系/本校留任,4,"國立臺北商業大學財務金融系(臺北校區)(正取); 國立雲林科技大學財務金融系(通過); 國立雲林科技大學會計系(通過); 國立臺北商業大學會計資訊系(臺北校區)(正取,分發)"
CAND_1779,113,ntub_fin,國立臺北商業大學,財務金融系(臺北校區),國立臺北商業大學 財務金融系(臺北校區),64090344,張*𡤃,正取,國立臺北商業大學,國立臺北商業大學財務金融系(臺北校區),原校系/本校留任,4,"國立臺北商業大學財務金融系(臺北校區)(正取,分發); 國立雲林科技大學會計系(通過); 國立臺北商業大學財政稅務系(臺北校區)(通過); 國立彰化師範大學財務金融技術學系(通過)"
CAND_1780,113,ntub_fin,國立臺北商業大學,財務金融系(臺北校區),國立臺北商業大學 財務金融系(臺北校區),56090508,邱*媗,正取,國立臺北科技大學,國立臺北科技大學資訊與財金管理系,其他學校錄取,6,"國立臺北商業大學財務金融系(臺北校區)(正取); 國立臺灣科技大學企業管理系(備取); 國立臺北科技大學經營管理系(正取); 國立臺北科技大學資訊與財金管理系(正取,分發); 國立臺北商業大學會計資訊系(臺北校區)(正取); 國立臺北商業大學財政稅務系(臺北校區)(正取)"
CAND_1781,113,ntub_fin,國立臺北商業大學,財務金融系(臺北校區),國立臺北商業大學 財務金融系(臺北校區),76090004,許*,正取,國立臺灣科技大學,國立臺灣科技大學企業管理系,其他學校錄取,6,"國立臺北商業大學財務金融系(臺北校區)(正取); 國立臺灣科技大學企業管理系(正取,分發); 國立臺灣科技大學資訊管理系(正取); 國立臺北科技大學經營管理系(正取); 國立臺北科技大學資訊與財金管理系(備取); 國立臺北商業大學會計資訊系(臺北校區)(正取)"
CAND_1782,113,ntub_fin,國立臺北商業大學,財務金融系(臺北校區),國立臺北商業大學 財務金融系(臺北校區),76090035,鄭*筠,正取,國立臺北商業大學,國立臺北商業大學財務金融系(臺北校區),原校系/本校留任,6,"國立臺北商業大學財務金融系(臺北校區)(正取,分發); 國立臺北科技大學經營管理系(正取); 國立高雄科技大學金融系(正取); 國立高雄科技大學會計資訊系(正取); 國立臺北商業大學會計資訊系(臺北校區)(備取); 國立臺北商業大學財政稅務系(臺北校區)(正取)"
CAND_1783,113,ntub_fin,國立臺北商業大學,財務金融系(臺北校區),國立臺北商業大學 財務金融系(臺北校區),78090020,陳*女,正取,國立臺北商業大學,國立臺北商業大學會計資訊系(臺北校區),原校系/本校留任,4,"國立臺北商業大學財務金融系(臺北校區)(正取); 國立高雄科技大學財政稅務系(通過); 國立臺中科技大學財務金融系(正取); 國立臺北商業大學會計資訊系(臺北校區)(正取,分發)"
CAND_1784,113,ntub_fin,國立臺北商業大學,財務金融系(臺北校區),國立臺北商業大學 財務金融系(臺北校區),77090022,葉*均,正取,國立臺北科技大學,國立臺北科技大學資訊與財金管理系,其他學校錄取,6,"國立臺北商業大學財務金融系(臺北校區)(正取); 國立臺北科技大學經營管理系(正取); 國立臺北科技大學資訊與財金管理系(正取,分發); 國立臺北商業大學會計資訊系(臺北校區)(正取); 國立臺北商業大學財政稅務系(臺北校區)(正取); 國立金門大學企業管理學系(備取)"
CAND_1785,113,ntub_fin,國立臺北商業大學,財務金融系(臺北校區),國立臺北商業大學 財務金融系(臺北校區),77090010,陳*君,正取,國立臺中科技大學,國立臺中科技大學財務金融系,其他學校錄取,6,"國立臺北商業大學財務金融系(臺北校區)(正取); 國立雲林科技大學財務金融系(通過); 國立臺中科技大學財務金融系(正取,分發); 國立臺北商業大學財政稅務系(臺北校區)(備取); 國立臺北商業大學企業管理系(臺北校區)(備取); 國立金門大學企業管理學系(備取)"
CAND_1786,113,ntub_fin,國立臺北商業大學,財務金融系(臺北校區),國立臺北商業大學 財務金融系(臺北校區),64090279,沈*臻,備取,國立臺北商業大學,國立臺北商業大學財務金融系(臺北校區),原校系/本校留任,4,"國立臺北商業大學財務金融系(臺北校區)(備取,分發); 國立雲林科技大學資訊管理系(通過); 國立雲林科技大學財務金融系(正取); 國立臺北商業大學國際商務系(臺北校區)(通過)"
CAND_1787,113,ntub_fin,國立臺北商業大學,財務金融系(臺北校區),國立臺北商業大學 財務金融系(臺北校區),64090331,黄*瑄,備取,國立臺北商業大學,國立臺北商業大學財務金融系(臺北校區),原校系/本校留任,4,"國立臺北商業大學財務金融系(臺北校區)(備取,分發); 國立雲林科技大學財務金融系(正取); 國立臺北商業大學財政稅務系(臺北校區)(正取); 國立臺北商業大學國際商務系(臺北校區)(通過)"
CAND_1788,113,ntub_fin,國立臺北商業大學,財務金融系(臺北校區),國立臺北商業大學 財務金融系(臺北校區),52090177,葵*頡,備取,國立臺北科技大學,國立臺北科技大學經營管理系,其他學校錄取,4,"國立臺北商業大學財務金融系(臺北校區)(備取); 國立臺北科技大學經營管理系(正取,分發); 國立臺北商業大學會計資訊系(臺北校區)(通過); 國立臺北商業大學財政稅務系(臺北校區)(通過)"
CAND_1789,113,ntub_fin,國立臺北商業大學,財務金融系(臺北校區),國立臺北商業大學 財務金融系(臺北校區),61091265,陳*瑄,備取,國立臺北商業大學,國立臺北商業大學國際商務系(臺北校區),原校系/本校留任,5,"國立臺北商業大學財務金融系(臺北校區)(備取); 國立雲林科技大學財務金融系(正取); 國立高雄科技大學國際企業系(正取); 國立臺中科技大學國際貿易與經營系(正取); 國立臺北商業大學國際商務系(臺北校區)(正取,分發)"
CAND_1790,113,ntub_fin,國立臺北商業大學,財務金融系(臺北校區),國立臺北商業大學 財務金融系(臺北校區),61091217,魏*君,備取,國立臺北商業大學,國立臺北商業大學財務金融系(臺北校區),原校系/本校留任,5,"國立臺北商業大學財務金融系(臺北校區)(備取,分發); 國立臺北科技大學資訊與財金管理系(備取); 國立臺北商業大學會計資訊系(臺北校區)(通過); 國立臺北商業大學商業設計管理系(桃園校區)(通過); 國立臺灣藝術大學圖文傳播藝術學系(通過)"
CAND_1791,113,ntub_fin,國立臺北商業大學,財務金融系(臺北校區),國立臺北商業大學 財務金融系(臺北校區),61091713,俞*,備取,國立臺北商業大學,國立臺北商業大學財務金融系(臺北校區),原校系/本校留任,1,"國立臺北商業大學財務金融系(臺北校區)(備取,分發)"
CAND_1792,113,ntub_fin,國立臺北商業大學,財務金融系(臺北校區),國立臺北商業大學 財務金融系(臺北校區),64090367,林*,備取,國立臺北商業大學,國立臺北商業大學財務金融系(臺北校區),原校系/本校留任,4,"國立臺北商業大學財務金融系(臺北校區)(備取,分發); 國立雲林科技大學財務金融系(備取); 國立雲林科技大學會計系(備取); 國立臺北商業大學會計資訊系(臺北校區)(備取)"
CAND_1793,113,ntub_fin,國立臺北商業大學,財務金融系(臺北校區),國立臺北商業大學 財務金融系(臺北校區),61090829,考生*,備取,國立臺北商業大學,國立臺北商業大學財務金融系(臺北校區),原校系/本校留任,3,"國立臺北商業大學財務金融系(臺北校區)(備取,分發); 國立臺灣科技大學企業管理系(通過); 國立中興大學應用經濟學系(通過)"
CAND_1794,113,ntub_fin,國立臺北商業大學,財務金融系(臺北校區),國立臺北商業大學 財務金融系(臺北校區),65090073,郭*瑜,備取,國立臺北商業大學,國立臺北商業大學國際商務系(臺北校區),原校系/本校留任,4,"國立臺北商業大學財務金融系(臺北校區)(備取); 國立臺北科技大學工業工程與管理系(通過); 國立臺北商業大學國際商務系(臺北校區)(正取,分發); 國立臺北商業大學資訊管理系(臺北校區)(通過)"
CAND_1795,113,ntub_fin,國立臺北商業大學,財務金融系(臺北校區),國立臺北商業大學 財務金融系(臺北校區),52090437,考生*,備取,國立臺北科技大學,國立臺北科技大學工業工程與管理系,其他學校錄取,5,"國立臺北商業大學財務金融系(臺北校區)(備取); 國立臺灣科技大學企業管理系(備取); 國立雲林科技大學財務金融系(通過); 國立臺北科技大學工業工程與管理系(正取,分發); 國立臺北商業大學國際商務系(臺北校區)(正取)"
CAND_1796,113,ntub_fin,國立臺北商業大學,財務金融系(臺北校區),國立臺北商業大學 財務金融系(臺北校區),65090017,林*筑,備取,國立臺北商業大學,國立臺北商業大學財務金融系(臺北校區),原校系/本校留任,6,"國立臺北商業大學財務金融系(臺北校區)(備取,分發); 國立雲林科技大學企業管理系(通過); 國立雲林科技大學財務金融系(通過); 國立高雄科技大學風險管理與保險系(通過); 國立高雄科技大學財政稅務系(通過); 國立臺北商業大學財政稅務系(臺北校區)(通過)"
CAND_1797,113,ntub_fin,國立臺北商業大學,財務金融系(臺北校區),國立臺北商業大學 財務金融系(臺北校區),76090036,*真,備取,國立臺北商業大學,國立臺北商業大學財務金融系(臺北校區),原校系/本校留任,6,"國立臺北商業大學財務金融系(臺北校區)(備取,分發); 國立臺灣科技大學企業管理系(通過); 國立臺北科技大學經營管理系(通過); 國立臺北科技大學資訊與財金管理系(通過); 國立臺北商業大學國際商務系(臺北校區)(正取); 國立臺北商業大學企業管理系(臺北校區)(正取)"
CAND_1798,113,ntub_fin,國立臺北商業大學,財務金融系(臺北校區),國立臺北商業大學 財務金融系(臺北校區),76090045,陳*翔,備取,國立臺灣科技大學,國立臺灣科技大學資訊管理系,其他學校錄取,5,"國立臺北商業大學財務金融系(臺北校區)(備取); 國立臺灣科技大學企業管理系(備取); 國立臺灣科技大學資訊管理系(備取,分發); 國立臺北科技大學經營管理系(備取); 國立臺北科技大學資訊與財金管理系(通過)"
CAND_1799,113,ntub_fin,國立臺北商業大學,財務金融系(臺北校區),國立臺北商業大學 財務金融系(臺北校區),76090044,陳*智,備取,—,—,未分發或放棄,6,國立臺北商業大學財務金融系(臺北校區)(備取); 國立臺灣科技大學企業管理系(通過); 國立臺北科技大學經營管理系(通過); 國立高雄科技大學金融系(通過); 國立臺北商業大學財政稅務系(臺北校區)(通過); 國立臺北商業大學國際商務系(臺北校區)(通過)
CAND_1800,113,ntub_fin,國立臺北商業大學,財務金融系(臺北校區),國立臺北商業大學 財務金融系(臺北校區),76090049,陳*佑,備取,國立臺北科技大學,國立臺北科技大學經營管理系,其他學校錄取,6,"國立臺北商業大學財務金融系(臺北校區)(備取); 國立雲林科技大學企業管理系(備取); 國立雲林科技大學會計系(通過); 國立臺北科技大學經營管理系(備取,分發); 國立臺北商業大學會計資訊系(臺北校區)(備取); 國立臺北商業大學財政稅務系(臺北校區)(備取)"
CAND_1801,113,ntub_fin,國立臺北商業大學,財務金融系(臺北校區),國立臺北商業大學 財務金融系(臺北校區),76090032,*柔,備取,國立高雄科技大學,國立高雄科技大學金融系,其他學校錄取,6,"國立臺北商業大學財務金融系(臺北校區)(備取); 國立雲林科技大學財務金融系(備取); 國立高雄科技大學企業管理系(正取); 國立高雄科技大學金融系(備取,分發); 國立高雄科技大學財務管理系(備取); 國立臺北商業大學財政稅務系(臺北校區)(備取)"
CAND_1802,113,ntub_fin,國立臺北商業大學,財務金融系(臺北校區),國立臺北商業大學 財務金融系(臺北校區),76090028,林*秀,備取,國立高雄科技大學,國立高雄科技大學金融資訊系,其他學校錄取,6,"國立臺北商業大學財務金融系(臺北校區)(備取); 國立雲林科技大學財務金融系(備取); 國立高雄科技大學金融系(正取); 國立高雄科技大學財務管理系(正取); 國立高雄科技大學金融資訊系(正取,分發); 國立臺中科技大學多媒體設計系(通過)"
CAND_1803,113,ntub_fin,國立臺北商業大學,財務金融系(臺北校區),國立臺北商業大學 財務金融系(臺北校區),76090052,陳*,備取,國立高雄科技大學,國立高雄科技大學企業管理系,其他學校錄取,6,"國立臺北商業大學財務金融系(臺北校區)(備取); 國立臺北科技大學經營管理系(通過); 國立高雄科技大學企業管理系(備取,分發); 國立高雄科技大學金融系(備取); 國立高雄科技大學金融資訊系(備取); 國立臺北商業大學財政稅務系(臺北校區)(備取)"
CAND_1804,113,ntub_fin,國立臺北商業大學,財務金融系(臺北校區),國立臺北商業大學 財務金融系(臺北校區),78090021,陳*,備取,國立臺北商業大學,國立臺北商業大學財務金融系(臺北校區),原校系/本校留任,5,"國立臺北商業大學財務金融系(臺北校區)(備取,分發); 國立高雄科技大學金融系(通過); 國立臺北商業大學會計資訊系(臺北校區)(通過); 朝陽科技大學財務金融系(通過); 致理科技大學會計資訊系(通過)"
CAND_1805,113,ntub_fin,國立臺北商業大學,財務金融系(臺北校區),國立臺北商業大學 財務金融系(臺北校區),78090001,吳*,備取,國立臺北商業大學,國立臺北商業大學企業管理系(臺北校區),原校系/本校留任,5,"國立臺北商業大學財務金融系(臺北校區)(備取); 國立高雄科技大學金融系(正取); 國立高雄科技大學財政稅務系(正取); 國立臺中科技大學財務金融系(備取); 國立臺北商業大學企業管理系(臺北校區)(正取,分發)"
CAND_1806,113,ntub_fin,國立臺北商業大學,財務金融系(臺北校區),國立臺北商業大學 財務金融系(臺北校區),78090018,賴*女,備取,國立臺中科技大學,國立臺中科技大學財務金融系,其他學校錄取,4,"國立臺北商業大學財務金融系(臺北校區)(備取); 國立高雄科技大學金融系(通過); 國立臺中科技大學財務金融系(備取,分發); 國立臺北商業大學企業管理系(臺北校區)(通過)"
CAND_1807,113,ntub_fin,國立臺北商業大學,財務金融系(臺北校區),國立臺北商業大學 財務金融系(臺北校區),77090025,考生*,備取,國立金門大學,國立金門大學企業管理學系,其他學校錄取,4,"國立臺北商業大學財務金融系(臺北校區)(備取); 國立臺北商業大學會計資訊系(臺北校區)(備取); 國立臺北商業大學企業管理系(臺北校區)(備取); 國立金門大學企業管理學系(備取,分發)"
CAND_1808,113,ntub_fin,國立臺北商業大學,財務金融系(臺北校區),國立臺北商業大學 財務金融系(臺北校區),77090021,葵*鴻,備取,國立臺北商業大學,國立臺北商業大學財務金融系(臺北校區),原校系/本校留任,6,"國立臺北商業大學財務金融系(臺北校區)(備取,分發); 國立臺北科技大學經營管理系(備取); 國立臺北科技大學資訊與財金管理系(通過); 國立臺中科技大學財務金融系(備取); 國立臺北商業大學財政稅務系(臺北校區)(備取); 國立臺北商業大學企業管理系(臺北校區)(備取)"
CAND_1809,113,ntub_fin,國立臺北商業大學,財務金融系(臺北校區),國立臺北商業大學 財務金融系(臺北校區),77090017,許*岑,備取,國立臺北商業大學,國立臺北商業大學會計資訊系(臺北校區),原校系/本校留任,5,"國立臺北商業大學財務金融系(臺北校區)(備取); 國立勤益科技大學企業管理系(正取); 國立臺中科技大學財務金融系(通過); 國立臺北商業大學會計資訊系(臺北校區)(備取,分發); 國立臺北商業大學企業管理系(臺北校區)(備取)"
CAND_1810,113,ntub_fin,國立臺北商業大學,財務金融系(臺北校區),國立臺北商業大學 財務金融系(臺北校區),77090004,李*純,備取,國立金門大學,國立金門大學企業管理學系,其他學校錄取,5,"國立臺北商業大學財務金融系(臺北校區)(備取); 國立臺北科技大學經營管理系(備取); 國立臺北科技大學資訊與財金管理系(通過); 國立臺北商業大學財政稅務系(臺北校區)(備取); 國立金門大學企業管理學系(正取,分發)"
CAND_1811,113,ntub_fin,國立臺北商業大學,財務金融系(臺北校區),國立臺北商業大學 財務金融系(臺北校區),56090456,邱*,備取,國立臺灣科技大學,國立臺灣科技大學企業管理系,其他學校錄取,4,"國立臺北商業大學財務金融系(臺北校區)(通過); 國立臺灣科技大學企業管理系(正取,分發); 國立臺北科技大學經營管理系(正取); 國立臺北科技大學資訊與財金管理系(正取)"
CAND_1812,113,ntub_fin,國立臺北商業大學,財務金融系(臺北校區),國立臺北商業大學 財務金融系(臺北校區),57090455,*宏,備取,—,—,未分發或放棄,3,國立臺北商業大學財務金融系(臺北校區)(通過); 國立臺灣科技大學企業管理系(通過); 國立臺北科技大學工業工程與管理系(通過)
CAND_1813,113,ntub_fin,國立臺北商業大學,財務金融系(臺北校區),國立臺北商業大學 財務金融系(臺北校區),59090096,葵*郡,備取,—,—,未分發或放棄,4,國立臺北商業大學財務金融系(臺北校區)(通過); 國立臺灣科技大學企業管理系(通過); 國立臺北科技大學資訊與財金管理系(通過); 國立成功大學會計學系(通過)
CAND_1814,113,ntub_fin,國立臺北商業大學,財務金融系(臺北校區),國立臺北商業大學 財務金融系(臺北校區),59090317,*潔,備取,—,—,未分發或放棄,4,國立臺北商業大學財務金融系(臺北校區)(通過); 國立臺灣科技大學企業管理系(通過); 國立臺北科技大學經營管理系(通過); 國立臺北科技大學資訊與財金管理系(通過)
CAND_1815,113,ntub_fin,國立臺北商業大學,財務金融系(臺北校區),國立臺北商業大學 財務金融系(臺北校區),59090381,楊*倫,備取,國立臺灣科技大學,國立臺灣科技大學企業管理系,其他學校錄取,5,"國立臺北商業大學財務金融系(臺北校區)(通過); 國立臺灣科技大學企業管理系(正取,分發); 國立臺灣科技大學資訊管理系(通過); 國立臺北科技大學工業工程與管理系(通過); 國立臺北科技大學資訊與財金管理系(通過)"
CAND_1816,113,ntub_fin,國立臺北商業大學,財務金融系(臺北校區),國立臺北商業大學 財務金融系(臺北校區),59090421,陳*婷,備取,—,—,未分發或放棄,4,國立臺北商業大學財務金融系(臺北校區)(通過); 國立臺灣科技大學企業管理系(通過); 國立臺北科技大學經營管理系(備取); 國立臺北商業大學企業管理系(臺北校區)(備取)
CAND_1817,113,ntub_fin,國立臺北商業大學,財務金融系(臺北校區),國立臺北商業大學 財務金融系(臺北校區),61090050,陳*旭,備取,國立臺北科技大學,國立臺北科技大學資訊與財金管理系,其他學校錄取,5,"國立臺北商業大學財務金融系(臺北校區)(通過); 國立臺灣科技大學資訊管理系(通過); 國立雲林科技大學資訊管理系(通過); 國立臺北科技大學工業工程與管理系(通過); 國立臺北科技大學資訊與財金管理系(正取,分發)"
CAND_1818,113,ntub_fin,國立臺北商業大學,財務金融系(臺北校區),國立臺北商業大學 財務金融系(臺北校區),61090192,陳*展,備取,國立臺灣科技大學,國立臺灣科技大學資訊管理系,其他學校錄取,4,"國立臺北商業大學財務金融系(臺北校區)(通過); 國立臺灣科技大學資訊管理系(正取,分發); 國立臺北科技大學資訊與財金管理系(通過); 國立臺北商業大學資訊管理系(臺北校區)(通過)"
CAND_1819,113,ntub_fin,國立臺北商業大學,財務金融系(臺北校區),國立臺北商業大學 財務金融系(臺北校區),61090613,楊*汝,備取,國立臺北科技大學,國立臺北科技大學經營管理系,其他學校錄取,4,"國立臺北商業大學財務金融系(臺北校區)(通過); 國立臺灣科技大學企業管理系(備取); 國立臺北科技大學經營管理系(備取,分發); 國立臺北商業大學財政稅務系(臺北校區)(通過)"
CAND_1820,113,ntub_fin,國立臺北商業大學,財務金融系(臺北校區),國立臺北商業大學 財務金融系(臺北校區),64090195,張*柴,備取,國立臺灣科技大學,國立臺灣科技大學企業管理系,其他學校錄取,4,"國立臺北商業大學財務金融系(臺北校區)(通過); 國立臺灣科技大學企業管理系(正取,分發); 國立臺北商業大學會計資訊系(臺北校區)(正取); 國立臺北商業大學財政稅務系(臺北校區)(正取)"
CAND_1821,113,ntub_fin,國立臺北商業大學,財務金融系(臺北校區),國立臺北商業大學 財務金融系(臺北校區),65090037,吳*,備取,—,—,未分發或放棄,3,國立臺北商業大學財務金融系(臺北校區)(通過); 國立臺北科技大學資訊與財金管理系(通過); 國立臺北商業大學會計資訊系(臺北校區)(通過)
CAND_1822,113,ntub_fin,國立臺北商業大學,財務金融系(臺北校區),國立臺北商業大學 財務金融系(臺北校區),66090097,*軒,備取,國立臺北科技大學,國立臺北科技大學資訊與財金管理系,其他學校錄取,2,"國立臺北商業大學財務金融系(臺北校區)(通過); 國立臺北科技大學資訊與財金管理系(正取,分發)"
CAND_1823,113,ntub_fin,國立臺北商業大學,財務金融系(臺北校區),國立臺北商業大學 財務金融系(臺北校區),68090581,林*彤,備取,—,—,未分發或放棄,5,國立臺北商業大學財務金融系(臺北校區)(通過); 國立臺灣科技大學資訊管理系(通過); 國立雲林科技大學資訊管理系(通過); 國立雲林科技大學財務金融系(通過); 國立高雄科技大學財務管理系(通過)
CAND_1824,113,ntub_fin,國立臺北商業大學,財務金融系(臺北校區),國立臺北商業大學 財務金融系(臺北校區),70090217,陳*璇,備取,—,—,未分發或放棄,1,國立臺北商業大學財務金融系(臺北校區)(通過)
CAND_1825,113,ntub_fin,國立臺北商業大學,財務金融系(臺北校區),國立臺北商業大學 財務金融系(臺北校區),70090633,葵*盈,備取,國立臺灣科技大學,國立臺灣科技大學資訊管理系,其他學校錄取,5,"國立臺北商業大學財務金融系(臺北校區)(通過); 國立臺灣科技大學企業管理系(備取); 國立臺灣科技大學資訊管理系(正取,分發); 國立臺北科技大學經營管理系(通過); 國立臺北科技大學資訊與財金管理系(備取)"
CAND_1826,113,ntub_fin,國立臺北商業大學,財務金融系(臺北校區),國立臺北商業大學 財務金融系(臺北校區),76090024,楊*珍,備取,國立澎湖科技大學,國立澎湖科技大學行銷與物流管理系,其他學校錄取,6,"國立臺北商業大學財務金融系(臺北校區)(通過); 國立雲林科技大學財務金融系(通過); 國立高雄科技大學企業管理系(備取); 國立高雄科技大學金融系(通過); 國立高雄科技大學財務管理系(通過); 國立澎湖科技大學行銷與物流管理系(正取,分發)"
CAND_1827,113,ntub_fin,國立臺北商業大學,財務金融系(臺北校區),國立臺北商業大學 財務金融系(臺北校區),77090013,鄭*,備取,國立臺中科技大學,國立臺中科技大學休閒事業經營系,其他學校錄取,5,"國立臺北商業大學財務金融系(臺北校區)(通過); 國立勤益科技大學企業管理系(備取); 國立臺中科技大學休閒事業經營系(正取,分發); 國立臺北商業大學財政稅務系(臺北校區)(通過); 國立金門大學觀光管理學系(備取)"
CAND_1828,115,nfu_fin,國立虎尾科技大學,財務金融系(商管群),國立虎尾科技大學 財務金融系(商管群),68530065,潘*琪,正取,國立高雄科技大學,國立高雄科技大學金融系,其他學校錄取,3,"國立虎尾科技大學財務金融系(正取); 國立雲林科技大學工業工程與管理系(備取); 國立高雄科技大學金融系(備取,分發)"
CAND_1829,115,nfu_fin,國立虎尾科技大學,財務金融系(商管群),國立虎尾科技大學 財務金融系(商管群),67090254,徐*,正取,國立雲林科技大學,國立雲林科技大學企業管理系,其他學校錄取,5,"國立虎尾科技大學財務金融系(正取); 國立雲林科技大學企業管理系(正取,分發); 國立高雄科技大學國際企業系(通過); 國立高雄科技大學行銷與流通管理系(正取); 國立高雄科技大學金融系(正取)"
CAND_1830,115,nfu_fin,國立虎尾科技大學,財務金融系(商管群),國立虎尾科技大學 財務金融系(商管群),67090107,許*邦,正取,國立虎尾科技大學,國立虎尾科技大學財務金融系,原校系/本校留任,3,"國立虎尾科技大學財務金融系(正取,分發); 國立高雄科技大學國際企業系(正取); 國立高雄科技大學航運管理系(正取)"
CAND_1831,115,nfu_fin,國立虎尾科技大學,財務金融系(商管群),國立虎尾科技大學 財務金融系(商管群),68530074,顏*宇,正取,國立虎尾科技大學,國立虎尾科技大學財務金融系,原校系/本校留任,3,"國立虎尾科技大學財務金融系(正取,分發); 國立屏東科技大學財務金融國際學士學位學程(通過); 國立屏東大學財務金融學系(正取)"
CAND_1832,115,nfu_fin,國立虎尾科技大學,財務金融系(商管群),國立虎尾科技大學 財務金融系(商管群),68530071,陳*永,正取,國立高雄科技大學,國立高雄科技大學財政稅務系,其他學校錄取,5,"國立虎尾科技大學財務金融系(正取); 國立高雄科技大學金融系(備取); 國立高雄科技大學財政稅務系(備取,分發); 國立高雄科技大學智慧商務系(通過); 國立虎尾科技大學企業管理系(通過)"
CAND_1833,115,nfu_fin,國立虎尾科技大學,財務金融系(商管群),國立虎尾科技大學 財務金融系(商管群),57090175,陳*,正取,—,—,未分發或放棄,5,國立虎尾科技大學財務金融系(正取); 國立勤益科技大學企業管理系(正取); 國立臺中科技大學企業管理系(正取); 明新科技大學財務金融系智慧理財組(通過); 中原大學國際經營與貿易學系(正取)
CAND_1834,115,nfu_fin,國立虎尾科技大學,財務金融系(商管群),國立虎尾科技大學 財務金融系(商管群),61090167,熊*淇,正取,—,—,未分發或放棄,1,國立虎尾科技大學財務金融系(正取)
CAND_1835,115,nfu_fin,國立虎尾科技大學,財務金融系(商管群),國立虎尾科技大學 財務金融系(商管群),55090097,許*婕,正取,國立虎尾科技大學,國立虎尾科技大學財務金融系,原校系/本校留任,2,"國立虎尾科技大學財務金融系(正取,分發); 國立虎尾科技大學企業管理系(正取)"
CAND_1836,115,nfu_fin,國立虎尾科技大學,財務金融系(商管群),國立虎尾科技大學 財務金融系(商管群),61090115,*綺,正取,國立臺中科技大學,國立臺中科技大學財務金融系,其他學校錄取,2,"國立虎尾科技大學財務金融系(正取); 國立臺中科技大學財務金融系(正取,分發)"
CAND_1837,115,nfu_fin,國立虎尾科技大學,財務金融系(商管群),國立虎尾科技大學 財務金融系(商管群),61090953,黄*勛,正取,國立虎尾科技大學,國立虎尾科技大學財務金融系,原校系/本校留任,2,"國立虎尾科技大學財務金融系(正取,分發); 國立虎尾科技大學工業管理系(正取)"
CAND_1838,115,nfu_fin,國立虎尾科技大學,財務金融系(商管群),國立虎尾科技大學 財務金融系(商管群),61090434,陳*,正取,國立屏東大學,國立屏東大學財務金融學系,其他學校錄取,3,"國立虎尾科技大學財務金融系(正取); 國立高雄科技大學金融系(備取); 國立屏東大學財務金融學系(正取,分發)"
CAND_1839,115,nfu_fin,國立虎尾科技大學,財務金融系(商管群),國立虎尾科技大學 財務金融系(商管群),57090037,辜*晴,正取,國立臺中科技大學,國立臺中科技大學保險金融管理系,其他學校錄取,3,"國立虎尾科技大學財務金融系(正取); 國立臺中科技大學保險金融管理系(正取,分發); 國立臺北商業大學商業設計管理系(桃園校區)(正取)"
CAND_1840,115,nfu_fin,國立虎尾科技大學,財務金融系(商管群),國立虎尾科技大學 財務金融系(商管群),61090008,邱*,正取,國立臺中科技大學,國立臺中科技大學財務金融系,其他學校錄取,4,"國立虎尾科技大學財務金融系(正取); 國立高雄科技大學行銷與流通管理系(正取); 國立高雄科技大學航運管理系(通過); 國立臺中科技大學財務金融系(備取,分發)"
CAND_1841,115,nfu_fin,國立虎尾科技大學,財務金融系(商管群),國立虎尾科技大學 財務金融系(商管群),65090363,林*汝,正取,國立臺中科技大學,國立臺中科技大學會計資訊系,其他學校錄取,4,"國立虎尾科技大學財務金融系(正取); 國立高雄科技大學會計資訊系(備取); 國立虎尾科技大學企業管理系(通過); 國立臺中科技大學會計資訊系(正取,分發)"
CAND_1842,115,nfu_fin,國立虎尾科技大學,財務金融系(商管群),國立虎尾科技大學 財務金融系(商管群),64090563,許*綾,正取,國立臺中科技大學,國立臺中科技大學會計資訊系,其他學校錄取,4,"國立虎尾科技大學財務金融系(正取); 國立高雄科技大學會計資訊系(通過); 國立虎尾科技大學企業管理系(通過); 國立臺中科技大學會計資訊系(備取,分發)"
CAND_1843,115,nfu_fin,國立虎尾科技大學,財務金融系(商管群),國立虎尾科技大學 財務金融系(商管群),61091158,宋*庭,正取,國立高雄科技大學,國立高雄科技大學財政稅務系,其他學校錄取,4,"國立虎尾科技大學財務金融系(正取); 國立高雄科技大學金融系(備取); 國立高雄科技大學財政稅務系(正取,分發); 國立虎尾科技大學企業管理系(正取)"
CAND_1844,115,nfu_fin,國立虎尾科技大學,財務金融系(商管群),國立虎尾科技大學 財務金融系(商管群),58090214,吳*芦,正取,國立臺中科技大學,國立臺中科技大學財政稅務系,其他學校錄取,2,"國立虎尾科技大學財務金融系(正取); 國立臺中科技大學財政稅務系(正取,分發)"
CAND_1845,115,nfu_fin,國立虎尾科技大學,財務金融系(商管群),國立虎尾科技大學 財務金融系(商管群),61090610,陳*妤,正取,國立高雄科技大學,國立高雄科技大學會計資訊系,其他學校錄取,5,"國立虎尾科技大學財務金融系(正取); 國立高雄科技大學行銷與流通管理系(正取); 國立高雄科技大學會計資訊系(備取,分發); 國立高雄科技大學航運管理系(備取); 國立勤益科技大學行銷與流通管理系(正取)"
CAND_1846,115,nfu_fin,國立虎尾科技大學,財務金融系(商管群),國立虎尾科技大學 財務金融系(商管群),64090078,柯*梃,正取,國立虎尾科技大學,國立虎尾科技大學財務金融系,原校系/本校留任,3,"國立虎尾科技大學財務金融系(正取,分發); 國立虎尾科技大學企業管理系(通過); 靜宜大學財務金融學系(通過)"
CAND_1847,115,nfu_fin,國立虎尾科技大學,財務金融系(商管群),國立虎尾科技大學 財務金融系(商管群),56090350,林*穎,正取,國立虎尾科技大學,國立虎尾科技大學財務金融系,原校系/本校留任,3,"國立虎尾科技大學財務金融系(正取,分發); 國立臺中科技大學財政稅務系(通過); 致理科技大學財務金融系(通過)"
CAND_1848,115,nfu_fin,國立虎尾科技大學,財務金融系(商管群),國立虎尾科技大學 財務金融系(商管群),61090116,梁*心,正取,國立臺中科技大學,國立臺中科技大學企業管理系,其他學校錄取,3,"國立虎尾科技大學財務金融系(正取); 國立高雄科技大學行銷與流通管理系(正取); 國立臺中科技大學企業管理系(正取,分發)"
CAND_1849,115,nfu_fin,國立虎尾科技大學,財務金融系(商管群),國立虎尾科技大學 財務金融系(商管群),57090106,*妤,正取,—,—,未分發或放棄,2,國立虎尾科技大學財務金融系(正取); 國立臺中科技大學財務金融系(正取)
CAND_1850,115,nfu_fin,國立虎尾科技大學,財務金融系(商管群),國立虎尾科技大學 財務金融系(商管群),66090122,*淳,正取,國立高雄科技大學,國立高雄科技大學金融系,其他學校錄取,2,"國立虎尾科技大學財務金融系(正取); 國立高雄科技大學金融系(正取,分發)"
CAND_1851,115,nfu_fin,國立虎尾科技大學,財務金融系(商管群),國立虎尾科技大學 財務金融系(商管群),58090095,梁*珊,正取,國立臺中科技大學,國立臺中科技大學財務金融系,其他學校錄取,6,"國立虎尾科技大學財務金融系(正取); 國立勤益科技大學企業管理系(正取); 國立臺中科技大學財務金融系(備取,分發); 朝陽科技大學財務金融系(通過); 致理科技大學財務金融系(通過); 中原大學會計學系(通過)"
CAND_1852,115,nfu_fin,國立虎尾科技大學,財務金融系(商管群),國立虎尾科技大學 財務金融系(商管群),70090741,姜*女,正取,逢甲大學,逢甲大學會計學系,其他學校錄取,2,"國立虎尾科技大學財務金融系(正取); 逢甲大學會計學系(備取,分發)"
CAND_1853,115,nfu_fin,國立虎尾科技大學,財務金融系(商管群),國立虎尾科技大學 財務金融系(商管群),57090779,邱*,正取,國立虎尾科技大學,國立虎尾科技大學財務金融系,原校系/本校留任,1,"國立虎尾科技大學財務金融系(正取,分發)"
CAND_1854,115,nfu_fin,國立虎尾科技大學,財務金融系(商管群),國立虎尾科技大學 財務金融系(商管群),59090113,林*誼,正取,國立臺灣海洋大學,國立臺灣海洋大學海洋經營管理學士學位學程,其他學校錄取,3,"國立虎尾科技大學財務金融系(正取); 國立臺中科技大學財務金融系(正取); 國立臺灣海洋大學海洋經營管理學士學位學程(備取,分發)"
CAND_1855,115,nfu_fin,國立虎尾科技大學,財務金融系(商管群),國立虎尾科技大學 財務金融系(商管群),64090300,陳*永,正取,國立臺中科技大學,國立臺中科技大學國際貿易與經營系,其他學校錄取,6,"國立虎尾科技大學財務金融系(正取); 國立虎尾科技大學企業管理系(正取); 國立勤益科技大學行銷與流通管理系(正取); 國立臺中科技大學國際貿易與經營系(正取,分發); 逢甲大學會計學系(正取); 靜宜大學國際企業學系(正取)"
CAND_1856,115,nfu_fin,國立虎尾科技大學,財務金融系(商管群),國立虎尾科技大學 財務金融系(商管群),65090156,周*穎,正取,國立虎尾科技大學,國立虎尾科技大學財務金融系,原校系/本校留任,2,"國立虎尾科技大學財務金融系(正取,分發); 國立虎尾科技大學企業管理系(通過)"
CAND_1857,115,nfu_fin,國立虎尾科技大學,財務金融系(商管群),國立虎尾科技大學 財務金融系(商管群),61091009,張*,正取,國立虎尾科技大學,國立虎尾科技大學財務金融系,原校系/本校留任,3,"國立虎尾科技大學財務金融系(正取,分發); 國立高雄科技大學應用日語系(通過); 國立虎尾科技大學工業管理系(正取)"
CAND_1858,115,nfu_fin,國立虎尾科技大學,財務金融系(商管群),國立虎尾科技大學 財務金融系(商管群),68090038,張*柔,正取,國立虎尾科技大學,國立虎尾科技大學財務金融系,原校系/本校留任,5,"國立虎尾科技大學財務金融系(正取,分發); 國立高雄科技大學金融系(備取); 國立高雄科技大學會計資訊系(備取); 國立高雄科技大學財政稅務系(正取); 國立虎尾科技大學企業管理系(正取)"
CAND_1859,115,nfu_fin,國立虎尾科技大學,財務金融系(商管群),國立虎尾科技大學 財務金融系(商管群),59090151,*凱,正取,國立臺中科技大學,國立臺中科技大學財政稅務系,其他學校錄取,2,"國立虎尾科技大學財務金融系(正取); 國立臺中科技大學財政稅務系(正取,分發)"
CAND_1860,115,nfu_fin,國立虎尾科技大學,財務金融系(商管群),國立虎尾科技大學 財務金融系(商管群),57090875,*瑄,正取,國立虎尾科技大學,國立虎尾科技大學財務金融系,原校系/本校留任,2,"國立虎尾科技大學財務金融系(正取,分發); 國立虎尾科技大學企業管理系(通過)"
CAND_1861,115,nfu_fin,國立虎尾科技大學,財務金融系(商管群),國立虎尾科技大學 財務金融系(商管群),61091206,林*勛,正取,國立高雄科技大學,國立高雄科技大學財務管理系,其他學校錄取,4,"國立虎尾科技大學財務金融系(正取); 國立高雄科技大學風險管理與保險系(正取); 國立高雄科技大學財務管理系(正取,分發); 國立虎尾科技大學企業管理系(備取)"
CAND_1862,115,nfu_fin,國立虎尾科技大學,財務金融系(商管群),國立虎尾科技大學 財務金融系(商管群),55090483,林*,正取,國立臺中科技大學,國立臺中科技大學國際貿易與經營系,其他學校錄取,3,"國立虎尾科技大學財務金融系(正取); 國立臺中科技大學國際貿易與經營系(備取,分發); 銘傳大學會計學系(台北校區)(通過)"
CAND_1863,115,nfu_fin,國立虎尾科技大學,財務金融系(商管群),國立虎尾科技大學 財務金融系(商管群),64090588,張*語,正取,國立虎尾科技大學,國立虎尾科技大學財務金融系,原校系/本校留任,4,"國立虎尾科技大學財務金融系(正取,分發); 國立高雄科技大學運籌管理系(備取); 國立虎尾科技大學工業管理系(正取); 國立勤益科技大學工業工程與管理系(正取)"
CAND_1864,115,nfu_fin,國立虎尾科技大學,財務金融系(商管群),國立虎尾科技大學 財務金融系(商管群),56090039,郭*,備取,國立高雄科技大學,國立高雄科技大學行銷與流通管理系,其他學校錄取,4,"國立虎尾科技大學財務金融系(備取); 國立高雄科技大學運籌管理系(正取); 國立高雄科技大學行銷與流通管理系(正取,分發); 國立臺中科技大學財務金融系(備取)"
CAND_1865,115,nfu_fin,國立虎尾科技大學,財務金融系(商管群),國立虎尾科技大學 財務金融系(商管群),61090850,陳*妤,備取,國立虎尾科技大學,國立虎尾科技大學財務金融系,原校系/本校留任,3,"國立虎尾科技大學財務金融系(備取,分發); 逢甲大學會計學系(備取); 靜宜大學財務金融學系(正取)"
CAND_1866,115,nfu_fin,國立虎尾科技大學,財務金融系(商管群),國立虎尾科技大學 財務金融系(商管群),61090709,葵*庭,備取,國立虎尾科技大學,國立虎尾科技大學財務金融系,原校系/本校留任,3,"國立虎尾科技大學財務金融系(備取,分發); 國立臺北護理健康大學健康事業管理系(正取); 致理科技大學財務金融系(通過)"
CAND_1867,115,nfu_fin,國立虎尾科技大學,財務金融系(商管群),國立虎尾科技大學 財務金融系(商管群),57090347,*華,備取,國立虎尾科技大學,國立虎尾科技大學財務金融系,原校系/本校留任,3,"國立虎尾科技大學財務金融系(備取,分發); 國立高雄科技大學會計資訊系(備取); 國立臺中科技大學會計資訊系(備取)"
CAND_1868,115,nfu_fin,國立虎尾科技大學,財務金融系(商管群),國立虎尾科技大學 財務金融系(商管群),58090211,鄭*妤,備取,國立臺中科技大學,國立臺中科技大學國際貿易與經營系,其他學校錄取,4,"國立虎尾科技大學財務金融系(備取); 國立高雄科技大學運籌管理系(正取); 國立勤益科技大學工業工程與管理系(通過); 國立臺中科技大學國際貿易與經營系(正取,分發)"
CAND_1869,115,nfu_fin,國立虎尾科技大學,財務金融系(商管群),國立虎尾科技大學 財務金融系(商管群),68530040,葵*妤,備取,國立高雄科技大學,國立高雄科技大學行銷與流通管理系,其他學校錄取,3,"國立虎尾科技大學財務金融系(備取); 國立高雄科技大學行銷與流通管理系(正取,分發); 國立虎尾科技大學工業管理系(通過)"
CAND_1870,115,nfu_fin,國立虎尾科技大學,財務金融系(商管群),國立虎尾科技大學 財務金融系(商管群),56090011,陳*佑,備取,國立虎尾科技大學,國立虎尾科技大學財務金融系,原校系/本校留任,4,"國立虎尾科技大學財務金融系(備取,分發); 國立高雄科技大學會計資訊系(通過); 國立勤益科技大學行銷與流通管理系(通過); 國立臺中科技大學財政稅務系(正取)"
CAND_1871,115,nfu_fin,國立虎尾科技大學,財務金融系(商管群),國立虎尾科技大學 財務金融系(商管群),63090333,温*妍,備取,國立虎尾科技大學,國立虎尾科技大學財務金融系,原校系/本校留任,1,"國立虎尾科技大學財務金融系(備取,分發)"
CAND_1872,115,nfu_fin,國立虎尾科技大學,財務金融系(商管群),國立虎尾科技大學 財務金融系(商管群),61090478,江*,備取,國立虎尾科技大學,國立虎尾科技大學財務金融系,原校系/本校留任,4,"國立虎尾科技大學財務金融系(備取,分發); 國立高雄科技大學會計資訊系(備取); 國立虎尾科技大學工業管理系(通過); 國立勤益科技大學工業工程與管理系(正取)"
CAND_1873,115,nfu_fin,國立虎尾科技大學,財務金融系(商管群),國立虎尾科技大學 財務金融系(商管群),64090531,張*諄,備取,國立虎尾科技大學,國立虎尾科技大學財務金融系,原校系/本校留任,4,"國立虎尾科技大學財務金融系(備取,分發); 國立屏東科技大學工業管理系(通過); 國立屏東科技大學企業管理系(通過); 國立臺中科技大學財政稅務系(通過)"
CAND_1874,115,nfu_fin,國立虎尾科技大學,財務金融系(商管群),國立虎尾科技大學 財務金融系(商管群),52090030,陳*,備取,國立臺北護理健康大學,國立臺北護理健康大學生死與健康心理諮商系,其他學校錄取,2,"國立虎尾科技大學財務金融系(通過); 國立臺北護理健康大學生死與健康心理諮商系(備取,分發)"
CAND_1875,115,nfu_fin,國立虎尾科技大學,財務金融系(商管群),國立虎尾科技大學 財務金融系(商管群),52090282,*恩,備取,國立高雄科技大學,國立高雄科技大學金融資訊系,其他學校錄取,3,"國立虎尾科技大學財務金融系(通過); 國立高雄科技大學風險管理與保險系(備取); 國立高雄科技大學金融資訊系(備取,分發)"
CAND_1876,115,nfu_fin,國立虎尾科技大學,財務金融系(商管群),國立虎尾科技大學 財務金融系(商管群),53090024,黄*,備取,銘傳大學,銘傳大學國際企業學系(台北校區),其他學校錄取,4,"國立虎尾科技大學財務金融系(通過); 國立勤益科技大學工業工程與管理系(通過); 國立臺中科技大學財務金融系(正取); 銘傳大學國際企業學系(台北校區)(備取,分發)"
CAND_1877,115,nfu_fin,國立虎尾科技大學,財務金融系(商管群),國立虎尾科技大學 財務金融系(商管群),55090199,張*祁,備取,—,—,未分發或放棄,4,國立虎尾科技大學財務金融系(通過); 國立高雄科技大學行銷與流通管理系(通過); 國立高雄科技大學會計資訊系(通過); 國立臺中科技大學國際貿易與經營系(備取)
CAND_1878,115,nfu_fin,國立虎尾科技大學,財務金融系(商管群),國立虎尾科技大學 財務金融系(商管群),55090242,*婷,備取,國立臺中科技大學,國立臺中科技大學資訊管理系,其他學校錄取,5,"國立虎尾科技大學財務金融系(通過); 國立高雄科技大學資訊管理系(備取); 國立高雄科技大學財政稅務系(正取); 國立臺中科技大學資訊管理系(正取,分發); 銘傳大學國際企業學系(台北校區)(通過)"
CAND_1879,115,nfu_fin,國立虎尾科技大學,財務金融系(商管群),國立虎尾科技大學 財務金融系(商管群),56090043,考生*,備取,—,—,未分發或放棄,3,國立虎尾科技大學財務金融系(通過); 國立勤益科技大學企業管理系(通過); 國立聯合大學經營管理學系(通過)
CAND_1880,115,nfu_fin,國立虎尾科技大學,財務金融系(商管群),國立虎尾科技大學 財務金融系(商管群),56090093,李*,備取,國立高雄科技大學,國立高雄科技大學行銷與流通管理系,其他學校錄取,5,"國立虎尾科技大學財務金融系(通過); 國立高雄科技大學運籌管理系(正取); 國立高雄科技大學行銷與流通管理系(正取,分發); 國立勤益科技大學企業管理系(通過); 國立臺中科技大學財政稅務系(通過)"
CAND_1881,115,nfu_fin,國立虎尾科技大學,財務金融系(商管群),國立虎尾科技大學 財務金融系(商管群),56090103,邱*,備取,國立臺北護理健康大學,國立臺北護理健康大學生死與健康心理諮商系,其他學校錄取,4,"國立虎尾科技大學財務金融系(通過); 國立高雄科技大學人力資源發展系(通過); 國立臺北護理健康大學生死與健康心理諮商系(正取,分發); 國立臺中科技大學會計資訊系(備取)"
CAND_1882,115,nfu_fin,國立虎尾科技大學,財務金融系(商管群),國立虎尾科技大學 財務金融系(商管群),56090395,邱*愷,備取,—,—,未分發或放棄,2,國立虎尾科技大學財務金融系(通過); 國立高雄科技大學風險管理與保險系(正取)
CAND_1883,115,nfu_fin,國立虎尾科技大學,財務金融系(商管群),國立虎尾科技大學 財務金融系(商管群),57090042,李*容,備取,—,—,未分發或放棄,3,國立虎尾科技大學財務金融系(通過); 國立高雄科技大學運籌管理系(通過); 致理科技大學財務金融系(通過)
CAND_1884,115,nfu_fin,國立虎尾科技大學,財務金融系(商管群),國立虎尾科技大學 財務金融系(商管群),57090091,林*歆,備取,國立臺中科技大學,國立臺中科技大學保險金融管理系,其他學校錄取,5,"國立虎尾科技大學財務金融系(通過); 國立高雄科技大學運籌管理系(通過); 國立臺中科技大學保險金融管理系(正取,分發); 國立宜蘭大學應用經濟與管理學系(通過); 逢甲大學合作經濟暨社會事業經營學系(通過)"
CAND_1885,115,nfu_fin,國立虎尾科技大學,財務金融系(商管群),國立虎尾科技大學 財務金融系(商管群),57090154,郭*,備取,—,—,未分發或放棄,4,國立虎尾科技大學財務金融系(通過); 國立高雄科技大學會計資訊系(通過); 國立臺中科技大學應用統計系(通過); 中原大學會計學系(通過)
CAND_1886,115,nfu_fin,國立虎尾科技大學,財務金融系(商管群),國立虎尾科技大學 財務金融系(商管群),57090313,陳*澄,備取,國立高雄科技大學,國立高雄科技大學會計資訊系,其他學校錄取,5,"國立虎尾科技大學財務金融系(通過); 國立高雄科技大學會計資訊系(備取,分發); 國立臺中科技大學會計資訊系(正取); 中原大學會計學系(正取); 逢甲大學會計學系(通過)"
CAND_1887,115,nfu_fin,國立虎尾科技大學,財務金融系(商管群),國立虎尾科技大學 財務金融系(商管群),57090363,吳*么,備取,國立高雄科技大學,國立高雄科技大學金融系,其他學校錄取,5,"國立虎尾科技大學財務金融系(通過); 國立高雄科技大學金融系(備取,分發); 國立高雄科技大學財政稅務系(正取); 國立臺中科技大學國際貿易與經營系(通過); 國立宜蘭大學應用經濟與管理學系(通過)"
CAND_1888,115,nfu_fin,國立虎尾科技大學,財務金融系(商管群),國立虎尾科技大學 財務金融系(商管群),57090671,周*珊,備取,—,—,未分發或放棄,6,國立虎尾科技大學財務金融系(通過); 國立虎尾科技大學企業管理系(通過); 國立勤益科技大學企業管理系(通過); 國立臺北護理健康大學健康事業管理系(通過); 國立臺北護理健康大學健康事業管理系(通過); 國立臺中科技大學財務金融系(通過)
CAND_1889,115,nfu_fin,國立虎尾科技大學,財務金融系(商管群),國立虎尾科技大學 財務金融系(商管群),57090713,管*妮,備取,—,—,未分發或放棄,6,國立虎尾科技大學財務金融系(通過); 國立雲林科技大學企業管理系(通過); 國立雲林科技大學財務金融系(通過); 國立虎尾科技大學企業管理系(通過); 國立勤益科技大學企業管理系(通過); 國立臺中科技大學財務金融系(通過)
CAND_1890,115,nfu_fin,國立虎尾科技大學,財務金融系(商管群),國立虎尾科技大學 財務金融系(商管群),57090725,*婕,備取,—,—,未分發或放棄,4,國立虎尾科技大學財務金融系(通過); 國立高雄科技大學行銷與流通管理系(通過); 國立虎尾科技大學企業管理系(通過); 國立勤益科技大學行銷與流通管理系(通過)
CAND_1891,115,nfu_fin,國立虎尾科技大學,財務金融系(商管群),國立虎尾科技大學 財務金融系(商管群),58090531,李*,備取,國立臺中科技大學,國立臺中科技大學國際貿易與經營系,其他學校錄取,2,"國立虎尾科技大學財務金融系(通過); 國立臺中科技大學國際貿易與經營系(正取,分發)"
CAND_1892,115,nfu_fin,國立虎尾科技大學,財務金融系(商管群),國立虎尾科技大學 財務金融系(商管群),58090553,林*昕,備取,—,—,未分發或放棄,2,國立虎尾科技大學財務金融系(通過); 國立勤益科技大學資訊管理系(通過)
CAND_1893,115,nfu_fin,國立虎尾科技大學,財務金融系(商管群),國立虎尾科技大學 財務金融系(商管群),59090093,葵*,備取,國立勤益科技大學,國立勤益科技大學資訊管理系,其他學校錄取,4,"國立虎尾科技大學財務金融系(通過); 國立高雄科技大學資訊管理系(通過); 國立虎尾科技大學資訊管理系(通過); 國立勤益科技大學資訊管理系(備取,分發)"
CAND_1894,115,nfu_fin,國立虎尾科技大學,財務金融系(商管群),國立虎尾科技大學 財務金融系(商管群),59090368,謝*J,備取,—,—,未分發或放棄,2,國立虎尾科技大學財務金融系(通過); 國立臺中科技大學會計資訊系(通過)
CAND_1895,115,nfu_fin,國立虎尾科技大學,財務金融系(商管群),國立虎尾科技大學 財務金融系(商管群),61090076,陳*錡,備取,國立臺中科技大學,國立臺中科技大學國際貿易與經營系,其他學校錄取,4,"國立虎尾科技大學財務金融系(通過); 國立高雄科技大學商務資訊應用系(通過); 國立勤益科技大學行銷與流通管理系(通過); 國立臺中科技大學國際貿易與經營系(正取,分發)"
CAND_1896,115,nfu_fin,國立虎尾科技大學,財務金融系(商管群),國立虎尾科技大學 財務金融系(商管群),61090085,鄒*,備取,—,—,未分發或放棄,2,國立虎尾科技大學財務金融系(通過); 國立臺中科技大學財務金融系(通過)
CAND_1897,115,nfu_fin,國立虎尾科技大學,財務金融系(商管群),國立虎尾科技大學 財務金融系(商管群),61090110,許*,備取,—,—,未分發或放棄,3,國立虎尾科技大學財務金融系(通過); 國立高雄科技大學金融系(備取); 國立高雄科技大學航運管理系(備取)
CAND_1898,115,nfu_fin,國立虎尾科技大學,財務金融系(商管群),國立虎尾科技大學 財務金融系(商管群),61090126,考生*,備取,—,—,未分發或放棄,3,國立虎尾科技大學財務金融系(通過); 國立高雄科技大學財政稅務系(通過); 國立臺中科技大學財務金融系(通過)
CAND_1899,115,nfu_fin,國立虎尾科技大學,財務金融系(商管群),國立虎尾科技大學 財務金融系(商管群),61090150,宋*禛,備取,—,—,未分發或放棄,3,國立虎尾科技大學財務金融系(通過); 國立高雄科技大學會計資訊系(正取); 國立臺中科技大學會計資訊系(正取)
CAND_1900,115,nfu_fin,國立虎尾科技大學,財務金融系(商管群),國立虎尾科技大學 財務金融系(商管群),61090161,陳*璇,備取,—,—,未分發或放棄,2,國立虎尾科技大學財務金融系(通過); 國立虎尾科技大學應用外語系(通過)
CAND_1901,115,nfu_fin,國立虎尾科技大學,財務金融系(商管群),國立虎尾科技大學 財務金融系(商管群),61090206,林*女,備取,國立臺中科技大學,國立臺中科技大學企業管理系,其他學校錄取,2,"國立虎尾科技大學財務金融系(通過); 國立臺中科技大學企業管理系(正取,分發)"
CAND_1902,115,nfu_fin,國立虎尾科技大學,財務金融系(商管群),國立虎尾科技大學 財務金融系(商管群),61090282,*婷,備取,—,—,未分發或放棄,3,國立虎尾科技大學財務金融系(通過); 國立高雄科技大學國際企業系(通過); 國立高雄科技大學財政稅務系(通過)
CAND_1903,115,nfu_fin,國立虎尾科技大學,財務金融系(商管群),國立虎尾科技大學 財務金融系(商管群),61090285,陳*羽,備取,國立高雄科技大學,國立高雄科技大學運籌管理系,其他學校錄取,2,"國立虎尾科技大學財務金融系(通過); 國立高雄科技大學運籌管理系(正取,分發)"
CAND_1904,115,nfu_fin,國立虎尾科技大學,財務金融系(商管群),國立虎尾科技大學 財務金融系(商管群),61090294,魏*玲,備取,—,—,未分發或放棄,4,國立虎尾科技大學財務金融系(通過); 國立高雄科技大學財政稅務系(通過); 國立高雄科技大學智慧商務系(通過); 國立臺中科技大學國際貿易與經營系(通過)
CAND_1905,115,nfu_fin,國立虎尾科技大學,財務金融系(商管群),國立虎尾科技大學 財務金融系(商管群),61090377,魏*𡤃,備取,國立臺中科技大學,國立臺中科技大學財務金融系,其他學校錄取,6,"國立虎尾科技大學財務金融系(通過); 國立雲林科技大學財務金融系(備取); 國立雲林科技大學會計系(通過); 國立高雄科技大學會計資訊系(通過); 國立高雄科技大學金融資訊系(正取); 國立臺中科技大學財務金融系(正取,分發)"
CAND_1906,115,nfu_fin,國立虎尾科技大學,財務金融系(商管群),國立虎尾科技大學 財務金融系(商管群),61090516,葵*瑜,備取,國立臺中科技大學,國立臺中科技大學會計資訊系,其他學校錄取,4,"國立虎尾科技大學財務金融系(通過); 國立高雄科技大學會計資訊系(通過); 國立臺中科技大學會計資訊系(正取,分發); 逢甲大學會計學系(通過)"
CAND_1907,115,nfu_fin,國立虎尾科技大學,財務金融系(商管群),國立虎尾科技大學 財務金融系(商管群),61090787,楊*,備取,—,—,未分發或放棄,3,國立虎尾科技大學財務金融系(通過); 國立勤益科技大學企業管理系(通過); 國立臺中科技大學會計資訊系(通過)
CAND_1908,115,nfu_fin,國立虎尾科技大學,財務金融系(商管群),國立虎尾科技大學 財務金融系(商管群),61090809,楊*瑜,備取,—,—,未分發或放棄,1,國立虎尾科技大學財務金融系(通過)
CAND_1909,115,nfu_fin,國立虎尾科技大學,財務金融系(商管群),國立虎尾科技大學 財務金融系(商管群),61090882,鄒*渝,備取,國立臺中科技大學,國立臺中科技大學國際貿易與經營系,其他學校錄取,5,"國立虎尾科技大學財務金融系(通過); 國立虎尾科技大學企業管理系(通過); 國立臺中科技大學國際貿易與經營系(正取,分發); 逢甲大學國際經營與貿易學系(備取); 逢甲大學經濟學系(通過)"
CAND_1910,115,nfu_fin,國立虎尾科技大學,財務金融系(商管群),國立虎尾科技大學 財務金融系(商管群),61091151,吳*書,備取,—,—,未分發或放棄,2,國立虎尾科技大學財務金融系(通過); 國立高雄科技大學金融系(通過)
CAND_1911,115,nfu_fin,國立虎尾科技大學,財務金融系(商管群),國立虎尾科技大學 財務金融系(商管群),62090055,賴*,備取,國立臺中科技大學,國立臺中科技大學財務金融系,其他學校錄取,3,"國立虎尾科技大學財務金融系(通過); 國立高雄科技大學金融系(備取); 國立臺中科技大學財務金融系(正取,分發)"
CAND_1912,115,nfu_fin,國立虎尾科技大學,財務金融系(商管群),國立虎尾科技大學 財務金融系(商管群),62090107,*汝,備取,國立臺中科技大學,國立臺中科技大學國際貿易與經營系,其他學校錄取,3,"國立虎尾科技大學財務金融系(通過); 國立臺中科技大學國際貿易與經營系(正取,分發); 逢甲大學國際經營與貿易學系(通過)"
CAND_1913,115,nfu_fin,國立虎尾科技大學,財務金融系(商管群),國立虎尾科技大學 財務金融系(商管群),63090209,*溎,備取,國立臺中科技大學,國立臺中科技大學會計資訊系,其他學校錄取,6,"國立虎尾科技大學財務金融系(通過); 國立雲林科技大學會計系(備取); 國立高雄科技大學會計資訊系(備取); 國立高雄科技大學財政稅務系(正取); 國立臺中科技大學會計資訊系(正取,分發); 逢甲大學會計學系(正取)"
CAND_1914,115,nfu_fin,國立虎尾科技大學,財務金融系(商管群),國立虎尾科技大學 財務金融系(商管群),63090356,林*鈞,備取,國立雲林科技大學,國立雲林科技大學會計系,其他學校錄取,5,"國立虎尾科技大學財務金融系(通過); 國立雲林科技大學會計系(備取,分發); 國立高雄科技大學會計資訊系(正取); 國立勤益科技大學資訊管理系(通過); 國立臺中科技大學會計資訊系(正取)"
CAND_1915,115,nfu_fin,國立虎尾科技大學,財務金融系(商管群),國立虎尾科技大學 財務金融系(商管群),63090357,余*,備取,國立臺中科技大學,國立臺中科技大學會計資訊系,其他學校錄取,5,"國立虎尾科技大學財務金融系(通過); 國立虎尾科技大學工業管理系(通過); 國立勤益科技大學工業工程與管理系(正取); 國立臺中科技大學會計資訊系(正取,分發); 朝陽科技大學財務金融系(通過)"
CAND_1916,115,nfu_fin,國立虎尾科技大學,財務金融系(商管群),國立虎尾科技大學 財務金融系(商管群),64090072,*婕,備取,—,—,未分發或放棄,3,國立虎尾科技大學財務金融系(通過); 國立高雄餐旅大學航空暨運輸服務管理系(通過); 國立臺中科技大學財政稅務系(通過)
CAND_1917,115,nfu_fin,國立虎尾科技大學,財務金融系(商管群),國立虎尾科技大學 財務金融系(商管群),64090516,*婷,備取,—,—,未分發或放棄,3,國立虎尾科技大學財務金融系(通過); 國立高雄科技大學企業管理系(通過); 國立臺中科技大學財政稅務系(通過)
CAND_1918,115,nfu_fin,國立虎尾科技大學,財務金融系(商管群),國立虎尾科技大學 財務金融系(商管群),64090577,陳*謙,備取,—,—,未分發或放棄,3,國立虎尾科技大學財務金融系(通過); 國立高雄科技大學行銷與流通管理系(通過); 國立高雄科技大學金融系(備取)
CAND_1919,115,nfu_fin,國立虎尾科技大學,財務金融系(商管群),國立虎尾科技大學 財務金融系(商管群),65090102,袁*棋,備取,國立雲林科技大學,國立雲林科技大學財務金融系,其他學校錄取,5,"國立虎尾科技大學財務金融系(通過); 國立雲林科技大學資訊管理系(通過); 國立雲林科技大學財務金融系(正取,分發); 國立高雄科技大學財務管理系(正取); 國立臺中科技大學財務金融系(通過)"
CAND_1920,115,nfu_fin,國立虎尾科技大學,財務金融系(商管群),國立虎尾科技大學 財務金融系(商管群),65090144,*晨,備取,國立臺中科技大學,國立臺中科技大學保險金融管理系,其他學校錄取,4,"國立虎尾科技大學財務金融系(通過); 國立高雄科技大學人力資源發展系(通過); 國立高雄科技大學供應鏈管理系(通過); 國立臺中科技大學保險金融管理系(正取,分發)"
CAND_1921,115,nfu_fin,國立虎尾科技大學,財務金融系(商管群),國立虎尾科技大學 財務金融系(商管群),65090150,*穎,備取,國立雲林科技大學,國立雲林科技大學國際管理學士學位學程,其他學校錄取,5,"國立虎尾科技大學財務金融系(通過); 國立雲林科技大學國際管理學士學位學程(正取,分發); 國立高雄科技大學財政稅務系(通過); 國立臺中科技大學財務金融系(正取); 朝陽科技大學財務金融系(通過)"
CAND_1922,115,nfu_fin,國立虎尾科技大學,財務金融系(商管群),國立虎尾科技大學 財務金融系(商管群),65090154,張*,備取,國立高雄科技大學,國立高雄科技大學供應鏈管理系,其他學校錄取,4,"國立虎尾科技大學財務金融系(通過); 國立高雄科技大學行銷與流通管理系(正取); 國立高雄科技大學供應鏈管理系(正取,分發); 國立勤益科技大學行銷與流通管理系(通過)"
CAND_1923,115,nfu_fin,國立虎尾科技大學,財務金融系(商管群),國立虎尾科技大學 財務金融系(商管群),65090200,黄*玲,備取,—,—,未分發或放棄,4,國立虎尾科技大學財務金融系(通過); 國立高雄科技大學金融系(備取); 國立勤益科技大學企業管理系(通過); 國立臺中科技大學財政稅務系(通過)
CAND_1924,115,nfu_fin,國立虎尾科技大學,財務金融系(商管群),國立虎尾科技大學 財務金融系(商管群),65090240,葵*,備取,國立臺中科技大學,國立臺中科技大學保險金融管理系,其他學校錄取,6,"國立虎尾科技大學財務金融系(通過); 國立高雄科技大學風險管理與保險系(備取); 國立高雄科技大學財務管理系(通過); 國立高雄科技大學航運管理系(通過); 國立勤益科技大學行銷與流通管理系(通過); 國立臺中科技大學保險金融管理系(正取,分發)"
CAND_1925,115,nfu_fin,國立虎尾科技大學,財務金融系(商管群),國立虎尾科技大學 財務金融系(商管群),65090300,*茜,備取,國立高雄科技大學,國立高雄科技大學會計資訊系,其他學校錄取,4,"國立虎尾科技大學財務金融系(通過); 國立高雄科技大學會計資訊系(備取,分發); 國立高雄科技大學財政稅務系(備取); 國立臺中科技大學國際貿易與經營系(通過)"
CAND_1926,115,nfu_fin,國立虎尾科技大學,財務金融系(商管群),國立虎尾科技大學 財務金融系(商管群),65090366,趙*,備取,國立高雄科技大學,國立高雄科技大學財政稅務系,其他學校錄取,5,"國立虎尾科技大學財務金融系(通過); 國立高雄科技大學會計資訊系(備取); 國立高雄科技大學財政稅務系(正取,分發); 國立虎尾科技大學工業管理系(通過); 國立臺中科技大學會計資訊系(通過)"
CAND_1927,115,nfu_fin,國立虎尾科技大學,財務金融系(商管群),國立虎尾科技大學 財務金融系(商管群),66090183,張*筑,備取,—,—,未分發或放棄,2,國立虎尾科技大學財務金融系(通過); 國立虎尾科技大學資訊管理系(通過)
CAND_1928,115,nfu_fin,國立虎尾科技大學,財務金融系(商管群),國立虎尾科技大學 財務金融系(商管群),66090202,考生*,備取,—,—,未分發或放棄,2,國立虎尾科技大學財務金融系(通過); 國立勤益科技大學資訊管理系(通過)
CAND_1929,115,nfu_fin,國立虎尾科技大學,財務金融系(商管群),國立虎尾科技大學 財務金融系(商管群),67090037,江*,備取,國立高雄科技大學,國立高雄科技大學金融系,其他學校錄取,4,"國立虎尾科技大學財務金融系(通過); 國立高雄科技大學金融系(正取,分發); 國立高雄科技大學金融資訊系(正取); 國立臺中科技大學財務金融系(正取)"
CAND_1930,115,nfu_fin,國立虎尾科技大學,財務金融系(商管群),國立虎尾科技大學 財務金融系(商管群),67090041,李*宇,備取,—,—,未分發或放棄,4,國立虎尾科技大學財務金融系(通過); 國立高雄科技大學金融系(通過); 國立高雄科技大學財務管理系(通過); 國立高雄科技大學金融資訊系(通過)
CAND_1931,115,nfu_fin,國立虎尾科技大學,財務金融系(商管群),國立虎尾科技大學 財務金融系(商管群),67090200,李*佑,備取,—,—,未分發或放棄,4,國立虎尾科技大學財務金融系(通過); 國立高雄科技大學金融系(通過); 國立高雄科技大學金融資訊系(通過); 國立臺中科技大學財務金融系(通過)
CAND_1932,115,nfu_fin,國立虎尾科技大學,財務金融系(商管群),國立虎尾科技大學 財務金融系(商管群),67090260,蕭*諺,備取,國立高雄科技大學,國立高雄科技大學航運管理系,其他學校錄取,4,"國立虎尾科技大學財務金融系(通過); 國立高雄科技大學國際企業系(備取); 國立高雄科技大學航運管理系(正取,分發); 國立臺中科技大學國際貿易與經營系(正取)"
CAND_1933,115,nfu_fin,國立虎尾科技大學,財務金融系(商管群),國立虎尾科技大學 財務金融系(商管群),67090331,簡*津,備取,—,—,未分發或放棄,2,國立虎尾科技大學財務金融系(通過); 國立臺中科技大學財務金融系(通過)
CAND_1934,115,nfu_fin,國立虎尾科技大學,財務金融系(商管群),國立虎尾科技大學 財務金融系(商管群),67090363,陳*硯,備取,國立高雄科技大學,國立高雄科技大學會計資訊系,其他學校錄取,5,"國立虎尾科技大學財務金融系(通過); 國立高雄科技大學會計資訊系(備取,分發); 國立高雄科技大學金融資訊系(通過); 國立臺中科技大學會計資訊系(備取); 國立屏東大學會計學系(通過)"
CAND_1935,115,nfu_fin,國立虎尾科技大學,財務金融系(商管群),國立虎尾科技大學 財務金融系(商管群),68090416,陳*翊,備取,國立高雄科技大學,國立高雄科技大學行銷與流通管理系,其他學校錄取,3,"國立虎尾科技大學財務金融系(通過); 國立高雄科技大學行銷與流通管理系(正取,分發); 國立高雄科技大學金融資訊系(通過)"
CAND_1936,115,nfu_fin,國立虎尾科技大學,財務金融系(商管群),國立虎尾科技大學 財務金融系(商管群),68090418,吳*純,備取,國立高雄科技大學,國立高雄科技大學行銷與流通管理系,其他學校錄取,5,"國立虎尾科技大學財務金融系(通過); 國立高雄科技大學運籌管理系(通過); 國立高雄科技大學行銷與流通管理系(正取,分發); 國立勤益科技大學企業管理系(通過); 國立臺中科技大學財政稅務系(通過)"
CAND_1937,115,nfu_fin,國立虎尾科技大學,財務金融系(商管群),國立虎尾科技大學 財務金融系(商管群),68090548,郭*婷,備取,—,—,未分發或放棄,2,國立虎尾科技大學財務金融系(通過); 國立臺中科技大學財政稅務系(通過)
CAND_1938,115,nfu_fin,國立虎尾科技大學,財務金融系(商管群),國立虎尾科技大學 財務金融系(商管群),68530010,楊*愷,備取,國立高雄科技大學,國立高雄科技大學資訊管理系,其他學校錄取,4,"國立虎尾科技大學財務金融系(通過); 國立雲林科技大學資訊管理系(備取); 國立高雄科技大學資訊管理系(正取,分發); 國立臺中科技大學財務金融系(通過)"
CAND_1939,115,nfu_fin,國立虎尾科技大學,財務金融系(商管群),國立虎尾科技大學 財務金融系(商管群),68530077,楊*,備取,國立高雄科技大學,國立高雄科技大學航運管理系,其他學校錄取,3,"國立虎尾科技大學財務金融系(通過); 國立高雄科技大學航運管理系(正取,分發); 國立高雄科技大學商務資訊應用系(正取)"
CAND_1940,115,nfu_fin,國立虎尾科技大學,財務金融系(商管群),國立虎尾科技大學 財務金融系(商管群),68530080,梁*,備取,國立高雄科技大學,國立高雄科技大學資訊管理系,其他學校錄取,5,"國立虎尾科技大學財務金融系(通過); 國立雲林科技大學資訊管理系(通過); 國立雲林科技大學財務金融系(通過); 國立高雄科技大學資訊管理系(正取,分發); 國立高雄科技大學財務管理系(備取)"
CAND_1941,115,nfu_fin,國立虎尾科技大學,財務金融系(商管群),國立虎尾科技大學 財務金融系(商管群),68530084,陳*琦,備取,國立高雄科技大學,國立高雄科技大學行銷與流通管理系,其他學校錄取,3,"國立虎尾科技大學財務金融系(通過); 國立高雄科技大學行銷與流通管理系(正取,分發); 國立臺中科技大學財務金融系(備取)"
CAND_1942,115,nfu_fin,國立虎尾科技大學,財務金融系(商管群),國立虎尾科技大學 財務金融系(商管群),69090063,吳*慈,備取,—,—,未分發或放棄,3,國立虎尾科技大學財務金融系(通過); 國立高雄科技大學會計資訊系(通過); 國立臺中科技大學財務金融系(通過)
CAND_1943,115,nfu_fin,國立虎尾科技大學,財務金融系(商管群),國立虎尾科技大學 財務金融系(商管群),70090025,周*欣,備取,—,—,未分發或放棄,3,國立虎尾科技大學財務金融系(通過); 國立虎尾科技大學企業管理系(通過); 國立臺中科技大學企業管理系(通過)
CAND_1944,115,nfu_fin,國立虎尾科技大學,財務金融系(商管群),國立虎尾科技大學 財務金融系(商管群),70090069,陳*蓉,備取,—,—,未分發或放棄,4,國立虎尾科技大學財務金融系(通過); 國立雲林科技大學財務金融系(通過); 國立高雄科技大學財務管理系(通過); 國立臺中科技大學財務金融系(通過)
CAND_1945,115,nfu_fin,國立虎尾科技大學,財務金融系(商管群),國立虎尾科技大學 財務金融系(商管群),70090389,*茹,備取,—,—,未分發或放棄,3,國立虎尾科技大學財務金融系(通過); 國立雲林科技大學會計系(通過); 國立臺中科技大學會計資訊系(通過)
CAND_1946,115,nfu_fin,國立虎尾科技大學,財務金融系(商管群),國立虎尾科技大學 財務金融系(商管群),73090013,黄*輝,備取,—,—,未分發或放棄,4,國立虎尾科技大學財務金融系(通過); 國立勤益科技大學行銷與流通管理系(通過); 朝陽科技大學財務金融系(通過); 南臺科技大學財務金融系(通過)
CAND_1947,114,nfu_fin,國立虎尾科技大學,財務金融系(資電類),國立虎尾科技大學 財務金融系(資電類),61040399,張*,正取,國立虎尾科技大學,國立虎尾科技大學財務金融系,原校系/本校留任,1,"國立虎尾科技大學財務金融系(正取,分發)"
CAND_1948,114,nfu_fin,國立虎尾科技大學,財務金融系(資電類),國立虎尾科技大學 財務金融系(資電類),61040582,陳*珮,正取,國立虎尾科技大學,國立虎尾科技大學資訊工程系(資安人才),原校系/本校留任,5,"國立虎尾科技大學財務金融系(正取); 國立雲林科技大學資訊管理系(資安人才)(通過); 國立高雄科技大學智慧商務系(備取); 國立高雄科技大學商務資訊應用系(正取); 國立虎尾科技大學資訊工程系(資安人才)(備取,分發)"
CAND_1949,114,nfu_fin,國立虎尾科技大學,財務金融系(資電類),國立虎尾科技大學 財務金融系(資電類),64040106,黄*銘,備取,—,—,未分發或放棄,1,國立虎尾科技大學財務金融系(備取)
CAND_1950,114,nfu_fin,國立虎尾科技大學,財務金融系(資電類),國立虎尾科技大學 財務金融系(資電類),68040105,*軒,備取,國立高雄科技大學,國立高雄科技大學商務資訊應用系,其他學校錄取,2,"國立虎尾科技大學財務金融系(備取); 國立高雄科技大學商務資訊應用系(正取,分發)"
CAND_1951,114,nfu_fin,國立虎尾科技大學,財務金融系(資電類),國立虎尾科技大學 財務金融系(資電類),52040649,謝*妤,備取,德明財經科技大學,德明財經科技大學財務金融系,其他學校錄取,5,"國立虎尾科技大學財務金融系(通過); 健行科技大學財務金融系投資理財組(備取); 德明財經科技大學財務金融系(正取,分發); 醒吾科技大學企業管理系(正取); 致理科技大學商務科技管理系(正取)"
CAND_1952,114,nfu_fin,國立虎尾科技大學,財務金融系(資電類),國立虎尾科技大學 財務金融系(資電類),64040004,李*叡,備取,—,—,未分發或放棄,1,國立虎尾科技大學財務金融系(通過)
CAND_1953,114,nfu_fin,國立虎尾科技大學,財務金融系(資電類),國立虎尾科技大學 財務金融系(資電類),67040006,*公,備取,—,—,未分發或放棄,2,國立虎尾科技大學財務金融系(通過); 國立臺中科技大學多媒體設計系(通過)
CAND_1954,114,nfu_fin,國立虎尾科技大學,財務金融系(商管群),國立虎尾科技大學 財務金融系(商管群),61090383,*璇,正取,國立雲林科技大學,國立雲林科技大學財務金融系,其他學校錄取,4,"國立虎尾科技大學財務金融系(正取); 國立雲林科技大學財務金融系(正取,分發); 國立高雄科技大學財務管理系(正取); 國立臺中科技大學財務金融系(正取)"
CAND_1955,114,nfu_fin,國立虎尾科技大學,財務金融系(商管群),國立虎尾科技大學 財務金融系(商管群),67090290,黄*靜,正取,國立雲林科技大學,國立雲林科技大學會計系,其他學校錄取,6,"國立虎尾科技大學財務金融系(正取); 國立雲林科技大學會計系(正取,分發); 國立高雄科技大學會計資訊系(正取); 國立高雄科技大學金融資訊系(正取); 國立臺中科技大學會計資訊系(正取); 國立屏東大學會計學系(正取)"
CAND_1956,114,nfu_fin,國立虎尾科技大學,財務金融系(商管群),國立虎尾科技大學 財務金融系(商管群),68090134,鄒*琦,正取,國立臺中科技大學,國立臺中科技大學財務金融系,其他學校錄取,4,"國立虎尾科技大學財務金融系(正取); 國立高雄科技大學金融系(通過); 國立高雄科技大學財政稅務系(通過); 國立臺中科技大學財務金融系(正取,分發)"
CAND_1957,114,nfu_fin,國立虎尾科技大學,財務金融系(商管群),國立虎尾科技大學 財務金融系(商管群),68090130,楊*,正取,國立雲林科技大學,國立雲林科技大學財務金融系,其他學校錄取,6,"國立虎尾科技大學財務金融系(正取); 國立雲林科技大學企業管理系(正取); 國立雲林科技大學財務金融系(正取,分發); 國立高雄科技大學金融系(正取); 國立高雄科技大學財政稅務系(正取); 國立彰化師範大學財務金融技術學系(備取)"
CAND_1958,114,nfu_fin,國立虎尾科技大學,財務金融系(商管群),國立虎尾科技大學 財務金融系(商管群),61090607,陳*瑀,正取,國立臺中科技大學,國立臺中科技大學會計資訊系,其他學校錄取,2,"國立虎尾科技大學財務金融系(正取); 國立臺中科技大學會計資訊系(正取,分發)"
CAND_1959,114,nfu_fin,國立虎尾科技大學,財務金融系(商管群),國立虎尾科技大學 財務金融系(商管群),61090815,維*熒,正取,國立雲林科技大學,國立雲林科技大學會計系,其他學校錄取,6,"國立虎尾科技大學財務金融系(正取); 國立雲林科技大學財務金融系(正取); 國立雲林科技大學會計系(正取,分發); 國立高雄科技大學會計資訊系(正取); 國立臺中科技大學財務金融系(正取); 國立臺北商業大學財政稅務系(臺北校區)(正取)"
CAND_1960,114,nfu_fin,國立虎尾科技大學,財務金融系(商管群),國立虎尾科技大學 財務金融系(商管群),61091275,黄*妮,正取,國立虎尾科技大學,國立虎尾科技大學財務金融系,原校系/本校留任,3,"國立虎尾科技大學財務金融系(正取,分發); 國立高雄科技大學財政稅務系(正取); 國立屏東大學財務金融學系(正取)"
CAND_1961,114,nfu_fin,國立虎尾科技大學,財務金融系(商管群),國立虎尾科技大學 財務金融系(商管群),61091511,林*育,正取,國立虎尾科技大學,國立虎尾科技大學資訊管理系,原校系/本校留任,3,"國立虎尾科技大學財務金融系(正取); 國立虎尾科技大學資訊管理系(正取,分發); 國立臺中科技大學會計資訊系(備取)"
CAND_1962,114,nfu_fin,國立虎尾科技大學,財務金融系(商管群),國立虎尾科技大學 財務金融系(商管群),69090061,史*甄,正取,國立虎尾科技大學,國立虎尾科技大學財務金融系,原校系/本校留任,1,"國立虎尾科技大學財務金融系(正取,分發)"
CAND_1963,114,nfu_fin,國立虎尾科技大學,財務金融系(商管群),國立虎尾科技大學 財務金融系(商管群),61090679,李*妍,正取,國立高雄科技大學,國立高雄科技大學財務管理系,其他學校錄取,5,"國立虎尾科技大學財務金融系(正取); 國立高雄科技大學風險管理與保險系(通過); 國立高雄科技大學財務管理系(正取,分發); 國立虎尾科技大學工業管理系(通過); 國立臺中科技大學財務金融系(正取)"
CAND_1964,114,nfu_fin,國立虎尾科技大學,財務金融系(商管群),國立虎尾科技大學 財務金融系(商管群),70090069,*雅,正取,國立虎尾科技大學,國立虎尾科技大學財務金融系,原校系/本校留任,2,"國立虎尾科技大學財務金融系(正取,分發); 朝陽科技大學財務金融系(通過)"
CAND_1965,114,nfu_fin,國立虎尾科技大學,財務金融系(商管群),國立虎尾科技大學 財務金融系(商管群),63090293,林*女,正取,國立臺中科技大學,國立臺中科技大學國際貿易與經營系,其他學校錄取,3,"國立虎尾科技大學財務金融系(正取); 國立臺中科技大學國際貿易與經營系(正取,分發); 南臺科技大學國際企業系(正取)"
CAND_1966,114,nfu_fin,國立虎尾科技大學,財務金融系(商管群),國立虎尾科技大學 財務金融系(商管群),57090875,黄*晴,正取,國立臺中科技大學,國立臺中科技大學保險金融管理系,其他學校錄取,3,"國立虎尾科技大學財務金融系(正取); 國立臺中科技大學保險金融管理系(正取,分發); 致理科技大學財務金融系(正取)"
CAND_1967,114,nfu_fin,國立虎尾科技大學,財務金融系(商管群),國立虎尾科技大學 財務金融系(商管群),69090011,*慈,正取,國立虎尾科技大學,國立虎尾科技大學財務金融系,原校系/本校留任,2,"國立虎尾科技大學財務金融系(正取,分發); 國立屏東大學財務金融學系(通過)"
CAND_1968,114,nfu_fin,國立虎尾科技大學,財務金融系(商管群),國立虎尾科技大學 財務金融系(商管群),64090133,許*芳,正取,—,—,未分發或放棄,1,國立虎尾科技大學財務金融系(正取)
CAND_1969,114,nfu_fin,國立虎尾科技大學,財務金融系(商管群),國立虎尾科技大學 財務金融系(商管群),66090462,許*誠,正取,國立虎尾科技大學,國立虎尾科技大學財務金融系,原校系/本校留任,3,"國立虎尾科技大學財務金融系(正取,分發); 國立勤益科技大學企業管理系(通過); 國立臺中科技大學財務金融系(正取)"
CAND_1970,114,nfu_fin,國立虎尾科技大學,財務金融系(商管群),國立虎尾科技大學 財務金融系(商管群),67090156,賴*洋,正取,國立虎尾科技大學,國立虎尾科技大學財務金融系,原校系/本校留任,1,"國立虎尾科技大學財務金融系(正取,分發)"
CAND_1971,114,nfu_fin,國立虎尾科技大學,財務金融系(商管群),國立虎尾科技大學 財務金融系(商管群),61090665,張*宏,正取,國立雲林科技大學,國立雲林科技大學財務金融系,其他學校錄取,6,"國立虎尾科技大學財務金融系(正取); 國立雲林科技大學財務金融系(備取,分發); 國立雲林科技大學會計系(通過); 國立高雄科技大學金融系(正取); 國立高雄科技大學財務管理系(備取); 國立高雄科技大學金融資訊系(正取)"
CAND_1972,114,nfu_fin,國立虎尾科技大學,財務金融系(商管群),國立虎尾科技大學 財務金融系(商管群),68090670,*甄,正取,—,—,未分發或放棄,1,國立虎尾科技大學財務金融系(正取)
CAND_1973,114,nfu_fin,國立虎尾科技大學,財務金融系(商管群),國立虎尾科技大學 財務金融系(商管群),68090141,陳*瑀,正取,國立臺中科技大學,國立臺中科技大學財政稅務系,其他學校錄取,2,"國立虎尾科技大學財務金融系(正取); 國立臺中科技大學財政稅務系(正取,分發)"
CAND_1974,114,nfu_fin,國立虎尾科技大學,財務金融系(商管群),國立虎尾科技大學 財務金融系(商管群),61091351,*婕,正取,—,—,未分發或放棄,3,國立虎尾科技大學財務金融系(正取); 國立高雄科技大學行銷與流通管理系(通過); 國立勤益科技大學行銷與流通管理系(通過)
CAND_1975,114,nfu_fin,國立虎尾科技大學,財務金融系(商管群),國立虎尾科技大學 財務金融系(商管群),64090029,紀*翊,正取,國立臺中科技大學,國立臺中科技大學會計資訊系,其他學校錄取,4,"國立虎尾科技大學財務金融系(正取); 國立臺中科技大學會計資訊系(備取,分發); 中原大學會計學系(備取); 靜宜大學財務金融學系(正取)"
CAND_1976,114,nfu_fin,國立虎尾科技大學,財務金融系(商管群),國立虎尾科技大學 財務金融系(商管群),61091375,*哈,正取,國立屏東大學,國立屏東大學財務金融學系,其他學校錄取,4,"國立虎尾科技大學財務金融系(正取); 國立屏東科技大學財務金融國際學士學位學程(通過); 國立高雄科技大學財政稅務系(備取); 國立屏東大學財務金融學系(正取,分發)"
CAND_1977,114,nfu_fin,國立虎尾科技大學,財務金融系(商管群),國立虎尾科技大學 財務金融系(商管群),57090911,邱*筳,正取,中原大學,中原大學會計學系,其他學校錄取,4,"國立虎尾科技大學財務金融系(正取); 致理科技大學財務金融系(正取); 中原大學會計學系(正取,分發); 銘傳大學會計學系(台北校區)(通過)"
CAND_1978,114,nfu_fin,國立虎尾科技大學,財務金融系(商管群),國立虎尾科技大學 財務金融系(商管群),67090041,考生*,正取,—,—,未分發或放棄,1,國立虎尾科技大學財務金融系(正取)
CAND_1979,114,nfu_fin,國立虎尾科技大學,財務金融系(商管群),國立虎尾科技大學 財務金融系(商管群),65090069,趙*釩,正取,國立臺中科技大學,國立臺中科技大學會計資訊系,其他學校錄取,2,"國立虎尾科技大學財務金融系(正取); 國立臺中科技大學會計資訊系(備取,分發)"
CAND_1980,114,nfu_fin,國立虎尾科技大學,財務金融系(商管群),國立虎尾科技大學 財務金融系(商管群),68090218,趙*,正取,國立臺中科技大學,國立臺中科技大學保險金融管理系,其他學校錄取,2,"國立虎尾科技大學財務金融系(正取); 國立臺中科技大學保險金融管理系(備取,分發)"
CAND_1981,114,nfu_fin,國立虎尾科技大學,財務金融系(商管群),國立虎尾科技大學 財務金融系(商管群),70090713,顏*君,正取,國立高雄科技大學,國立高雄科技大學運籌管理系,其他學校錄取,4,"國立虎尾科技大學財務金融系(正取); 國立高雄科技大學運籌管理系(正取,分發); 國立臺中科技大學財政稅務系(正取); 國立屏東大學企業管理學系(通過)"
CAND_1982,114,nfu_fin,國立虎尾科技大學,財務金融系(商管群),國立虎尾科技大學 財務金融系(商管群),52090099,林*女,正取,國立虎尾科技大學,國立虎尾科技大學財務金融系,原校系/本校留任,2,"國立虎尾科技大學財務金融系(正取,分發); 國立臺中科技大學財務金融系(備取)"
CAND_1983,114,nfu_fin,國立虎尾科技大學,財務金融系(商管群),國立虎尾科技大學 財務金融系(商管群),58090533,黄*瑜,正取,國立虎尾科技大學,國立虎尾科技大學財務金融系,原校系/本校留任,5,"國立虎尾科技大學財務金融系(正取,分發); 國立高雄科技大學風險管理與保險系(通過); 國立高雄科技大學會計資訊系(通過); 國立臺中科技大學會計資訊系(備取); 南臺科技大學財務金融系(通過)"
CAND_1984,114,nfu_fin,國立虎尾科技大學,財務金融系(商管群),國立虎尾科技大學 財務金融系(商管群),67090258,張*,正取,國立高雄科技大學,國立高雄科技大學金融資訊系,其他學校錄取,3,"國立虎尾科技大學財務金融系(正取); 國立屏東科技大學財務金融國際學士學位學程(通過); 國立高雄科技大學金融資訊系(備取,分發)"
CAND_1985,114,nfu_fin,國立虎尾科技大學,財務金融系(商管群),國立虎尾科技大學 財務金融系(商管群),70090006,魏*倢,備取,國立高雄科技大學,國立高雄科技大學財政稅務系,其他學校錄取,3,"國立虎尾科技大學財務金融系(備取); 國立高雄科技大學財政稅務系(正取,分發); 國立勤益科技大學企業管理系(通過)"
CAND_1986,114,nfu_fin,國立虎尾科技大學,財務金融系(商管群),國立虎尾科技大學 財務金融系(商管群),59090228,許*,備取,國立虎尾科技大學,國立虎尾科技大學財務金融系,原校系/本校留任,2,"國立虎尾科技大學財務金融系(備取,分發); 國立臺中科技大學保險金融管理系(備取)"
CAND_1987,114,nfu_fin,國立虎尾科技大學,財務金融系(商管群),國立虎尾科技大學 財務金融系(商管群),61090190,邱*筑,備取,國立虎尾科技大學,國立虎尾科技大學財務金融系,原校系/本校留任,2,"國立虎尾科技大學財務金融系(備取,分發); 國立臺中科技大學財政稅務系(正取)"
CAND_1988,114,nfu_fin,國立虎尾科技大學,財務金融系(商管群),國立虎尾科技大學 財務金融系(商管群),65090316,林*,備取,國立臺中科技大學,國立臺中科技大學財政稅務系,其他學校錄取,4,"國立虎尾科技大學財務金融系(備取); 國立高雄科技大學運籌管理系(通過); 國立虎尾科技大學應用外語系(通過); 國立臺中科技大學財政稅務系(正取,分發)"
CAND_1989,114,nfu_fin,國立虎尾科技大學,財務金融系(商管群),國立虎尾科技大學 財務金融系(商管群),56090264,閻*,備取,國立臺中科技大學,國立臺中科技大學會計資訊系,其他學校錄取,5,"國立虎尾科技大學財務金融系(備取); 國立高雄科技大學會計資訊系(備取); 國立高雄科技大學財政稅務系(備取); 國立勤益科技大學企業管理系(通過); 國立臺中科技大學會計資訊系(備取,分發)"
CAND_1990,114,nfu_fin,國立虎尾科技大學,財務金融系(商管群),國立虎尾科技大學 財務金融系(商管群),52090521,林*凱,備取,國立虎尾科技大學,國立虎尾科技大學財務金融系,原校系/本校留任,1,"國立虎尾科技大學財務金融系(備取,分發)"
CAND_1991,114,nfu_fin,國立虎尾科技大學,財務金融系(商管群),國立虎尾科技大學 財務金融系(商管群),52090506,印*妏,備取,國立高雄科技大學,國立高雄科技大學人力資源發展系,其他學校錄取,4,"國立虎尾科技大學財務金融系(備取); 國立雲林科技大學文化資產維護系(備取); 國立高雄科技大學人力資源發展系(正取,分發); 國立臺北護理健康大學生死與健康心理諮商系(通過)"
CAND_1992,114,nfu_fin,國立虎尾科技大學,財務金融系(商管群),國立虎尾科技大學 財務金融系(商管群),56090170,葵*威,備取,—,—,未分發或放棄,3,國立虎尾科技大學財務金融系(備取); 國立屏東科技大學財務金融國際學士學位學程(通過); 國立勤益科技大學企業管理系(通過)
CAND_1993,114,nfu_fin,國立虎尾科技大學,財務金融系(商管群),國立虎尾科技大學 財務金融系(商管群),61091265,魏*祥,備取,國立虎尾科技大學,國立虎尾科技大學財務金融系,原校系/本校留任,2,"國立虎尾科技大學財務金融系(備取,分發); 國立臺中科技大學財政稅務系(備取)"
CAND_1994,114,nfu_fin,國立虎尾科技大學,財務金融系(商管群),國立虎尾科技大學 財務金融系(商管群),51090267,高*,備取,—,—,未分發或放棄,4,國立虎尾科技大學財務金融系(通過); 國立雲林科技大學會計系(備取); 國立臺中科技大學會計資訊系(通過); 國立臺北商業大學會計資訊系(臺北校區)(備取)
CAND_1995,114,nfu_fin,國立虎尾科技大學,財務金融系(商管群),國立虎尾科技大學 財務金融系(商管群),52090306,陳*淇,備取,—,—,未分發或放棄,1,國立虎尾科技大學財務金融系(通過)
CAND_1996,114,nfu_fin,國立虎尾科技大學,財務金融系(商管群),國立虎尾科技大學 財務金融系(商管群),52090473,維*婕,備取,國立臺中科技大學,國立臺中科技大學保險金融管理系,其他學校錄取,4,"國立虎尾科技大學財務金融系(通過); 國立高雄科技大學風險管理與保險系(通過); 國立勤益科技大學企業管理系(備取); 國立臺中科技大學保險金融管理系(正取,分發)"
CAND_1997,114,nfu_fin,國立虎尾科技大學,財務金融系(商管群),國立虎尾科技大學 財務金融系(商管群),54090033,陳*融,備取,—,—,未分發或放棄,3,國立虎尾科技大學財務金融系(通過); 國立高雄科技大學航運管理系(通過); 國立臺中科技大學會計資訊系(通過)
CAND_1998,114,nfu_fin,國立虎尾科技大學,財務金融系(商管群),國立虎尾科技大學 財務金融系(商管群),56090063,黄*,備取,國立臺北商業大學,國立臺北商業大學國際商務系(臺北校區),其他學校錄取,6,"國立虎尾科技大學財務金融系(通過); 國立高雄科技大學風險管理與保險系(正取); 國立高雄科技大學航運管理系(通過); 國立臺北護理健康大學健康事業管理系(正取); 國立臺中科技大學保險金融管理系(正取); 國立臺北商業大學國際商務系(臺北校區)(備取,分發)"
CAND_1999,114,nfu_fin,國立虎尾科技大學,財務金融系(商管群),國立虎尾科技大學 財務金融系(商管群),56090110,維*亞,備取,—,—,未分發或放棄,5,國立虎尾科技大學財務金融系(通過); 國立雲林科技大學企業管理系(通過); 國立虎尾科技大學企業管理系(通過); 國立臺中科技大學財務金融系(通過); 致理科技大學財務金融系(通過)
CAND_2000,114,nfu_fin,國立虎尾科技大學,財務金融系(商管群),國立虎尾科技大學 財務金融系(商管群),57090042,*晴,備取,國立臺中科技大學,國立臺中科技大學企業管理系,其他學校錄取,3,"國立虎尾科技大學財務金融系(通過); 國立勤益科技大學企業管理系(備取); 國立臺中科技大學企業管理系(正取,分發)"
CAND_2001,114,nfu_fin,國立虎尾科技大學,財務金融系(商管群),國立虎尾科技大學 財務金融系(商管群),57090078,張*葳,備取,中原大學,中原大學國際經營與貿易學系,其他學校錄取,3,"國立虎尾科技大學財務金融系(通過); 國立臺中科技大學國際貿易與經營系(正取); 中原大學國際經營與貿易學系(備取,分發)"
CAND_2002,114,nfu_fin,國立虎尾科技大學,財務金融系(商管群),國立虎尾科技大學 財務金融系(商管群),57090106,吳*盲,備取,—,—,未分發或放棄,4,國立虎尾科技大學財務金融系(通過); 國立勤益科技大學企業管理系(通過); 國立臺中科技大學財務金融系(備取); 銘傳大學企業管理學系(台北校區)(正取)
CAND_2003,114,nfu_fin,國立虎尾科技大學,財務金融系(商管群),國立虎尾科技大學 財務金融系(商管群),57090850,陳*慈,備取,國立臺中科技大學,國立臺中科技大學財務金融系,其他學校錄取,4,"國立虎尾科技大學財務金融系(通過); 國立屏東科技大學財務金融國際學士學位學程(通過); 國立臺北護理健康大學高齡健康照護系(通過); 國立臺中科技大學財務金融系(正取,分發)"
CAND_2004,114,nfu_fin,國立虎尾科技大學,財務金融系(商管群),國立虎尾科技大學 財務金融系(商管群),57090873,維*婷,備取,國立高雄科技大學,國立高雄科技大學風險管理與保險系,其他學校錄取,5,"國立虎尾科技大學財務金融系(通過); 國立高雄科技大學風險管理與保險系(正取,分發); 國立勤益科技大學企業管理系(通過); 德明財經科技大學風險管理與財富規劃系(通過); 實踐大學風險管理與保險學系(臺北校區)(通過)"
CAND_2005,114,nfu_fin,國立虎尾科技大學,財務金融系(商管群),國立虎尾科技大學 財務金融系(商管群),58090156,賴*,備取,國立臺中科技大學,國立臺中科技大學財務金融系,其他學校錄取,4,"國立虎尾科技大學財務金融系(通過); 國立高雄科技大學財務管理系(正取); 國立高雄科技大學金融資訊系(正取); 國立臺中科技大學財務金融系(備取,分發)"
CAND_2006,114,nfu_fin,國立虎尾科技大學,財務金融系(商管群),國立虎尾科技大學 財務金融系(商管群),58090529,歐*彤,備取,—,—,未分發或放棄,3,國立虎尾科技大學財務金融系(通過); 國立勤益科技大學行銷與流通管理系(通過); 國立臺中科技大學財務金融系(通過)
CAND_2007,114,nfu_fin,國立虎尾科技大學,財務金融系(商管群),國立虎尾科技大學 財務金融系(商管群),59090073,胡*𢁅,備取,國立臺中科技大學,國立臺中科技大學財政稅務系,其他學校錄取,2,"國立虎尾科技大學財務金融系(通過); 國立臺中科技大學財政稅務系(備取,分發)"
CAND_2008,114,nfu_fin,國立虎尾科技大學,財務金融系(商管群),國立虎尾科技大學 財務金融系(商管群),59090080,黄*豪,備取,國立虎尾科技大學,國立虎尾科技大學工業管理系,原校系/本校留任,2,"國立虎尾科技大學財務金融系(通過); 國立虎尾科技大學工業管理系(正取,分發)"
CAND_2009,114,nfu_fin,國立虎尾科技大學,財務金融系(商管群),國立虎尾科技大學 財務金融系(商管群),59090244,徐*女,備取,中原大學,中原大學會計學系,其他學校錄取,4,"國立虎尾科技大學財務金融系(通過); 國立臺中科技大學保險金融管理系(通過); 中原大學會計學系(備取,分發); 逢甲大學風險管理與保險學系(正取)"
CAND_2010,114,nfu_fin,國立虎尾科技大學,財務金融系(商管群),國立虎尾科技大學 財務金融系(商管群),59090353,陳*妮,備取,逢甲大學,逢甲大學國際經營與貿易學系,其他學校錄取,4,"國立虎尾科技大學財務金融系(通過); 國立高雄科技大學行銷與流通管理系(正取); 國立臺中科技大學國際貿易與經營系(備取); 逢甲大學國際經營與貿易學系(備取,分發)"
CAND_2011,114,nfu_fin,國立虎尾科技大學,財務金融系(商管群),國立虎尾科技大學 財務金融系(商管群),60090008,林*呈,備取,—,—,未分發或放棄,1,國立虎尾科技大學財務金融系(通過)
CAND_2012,114,nfu_fin,國立虎尾科技大學,財務金融系(商管群),國立虎尾科技大學 財務金融系(商管群),60090158,彭*誠,備取,—,—,未分發或放棄,3,國立虎尾科技大學財務金融系(通過); 國立虎尾科技大學企業管理系(通過); 國立臺中科技大學會計資訊系(通過)
CAND_2013,114,nfu_fin,國立虎尾科技大學,財務金融系(商管群),國立虎尾科技大學 財務金融系(商管群),61090343,李*宏,備取,—,—,未分發或放棄,2,國立虎尾科技大學財務金融系(通過); 國立臺中科技大學財務金融系(備取)
CAND_2014,114,nfu_fin,國立虎尾科技大學,財務金融系(商管群),國立虎尾科技大學 財務金融系(商管群),61090375,謝*,備取,國立高雄科技大學,國立高雄科技大學行銷與流通管理系,其他學校錄取,4,"國立虎尾科技大學財務金融系(通過); 國立高雄科技大學行銷與流通管理系(正取,分發); 國立虎尾科技大學企業管理系(正取); 國立臺北商業大學商業設計管理系(桃園校區)(通過)"
CAND_2015,114,nfu_fin,國立虎尾科技大學,財務金融系(商管群),國立虎尾科技大學 財務金融系(商管群),61090509,考生*,備取,國立雲林科技大學,國立雲林科技大學文化資產維護系,其他學校錄取,4,"國立虎尾科技大學財務金融系(通過); 國立雲林科技大學文化資產維護系(正取,分發); 國立高雄科技大學財政稅務系(通過); 國立虎尾科技大學工業管理系(通過)"
CAND_2016,114,nfu_fin,國立虎尾科技大學,財務金融系(商管群),國立虎尾科技大學 財務金融系(商管群),61090619,*瑛,備取,—,—,未分發或放棄,2,國立虎尾科技大學財務金融系(通過); 國立臺中科技大學會計資訊系(通過)
CAND_2017,114,nfu_fin,國立虎尾科技大學,財務金融系(商管群),國立虎尾科技大學 財務金融系(商管群),61090655,葵*,備取,國立高雄科技大學,國立高雄科技大學資訊管理系,其他學校錄取,3,"國立虎尾科技大學財務金融系(通過); 國立高雄科技大學資訊管理系(正取,分發); 國立虎尾科技大學企業管理系(正取)"
CAND_2018,114,nfu_fin,國立虎尾科技大學,財務金融系(商管群),國立虎尾科技大學 財務金融系(商管群),61090819,張*亦,備取,—,—,未分發或放棄,4,國立虎尾科技大學財務金融系(通過); 國立高雄科技大學行銷與流通管理系(通過); 國立高雄科技大學會計資訊系(通過); 國立臺中科技大學會計資訊系(通過)
CAND_2019,114,nfu_fin,國立虎尾科技大學,財務金融系(商管群),國立虎尾科技大學 財務金融系(商管群),61090827,黄*穎,備取,國立臺中科技大學,國立臺中科技大學會計資訊系,其他學校錄取,5,"國立虎尾科技大學財務金融系(通過); 國立勤益科技大學行銷與流通管理系(通過); 國立臺中科技大學會計資訊系(正取,分發); 逢甲大學會計學系(正取); 靜宜大學會計學系(通過)"
CAND_2020,114,nfu_fin,國立虎尾科技大學,財務金融系(商管群),國立虎尾科技大學 財務金融系(商管群),61090899,游*婷,備取,逢甲大學,逢甲大學會計學系,其他學校錄取,4,"國立虎尾科技大學財務金融系(通過); 國立高雄科技大學會計資訊系(通過); 國立臺中科技大學會計資訊系(備取); 逢甲大學會計學系(正取,分發)"
CAND_2021,114,nfu_fin,國立虎尾科技大學,財務金融系(商管群),國立虎尾科技大學 財務金融系(商管群),61091031,游*諺,備取,—,—,未分發或放棄,5,國立虎尾科技大學財務金融系(通過); 國立雲林科技大學財務金融系(通過); 國立雲林科技大學會計系(通過); 國立高雄科技大學金融系(通過); 國立臺中科技大學財務金融系(通過)
CAND_2022,114,nfu_fin,國立虎尾科技大學,財務金融系(商管群),國立虎尾科技大學 財務金融系(商管群),61091053,*祐,備取,—,—,未分發或放棄,5,國立虎尾科技大學財務金融系(通過); 國立屏東科技大學社會工作系(通過); 國立臺中科技大學財政稅務系(通過); 國立屏東大學不動產經營學系(通過); 國立屏東大學行銷與流通管理學系(通過)
CAND_2023,114,nfu_fin,國立虎尾科技大學,財務金融系(商管群),國立虎尾科技大學 財務金融系(商管群),61091127,張*淩,備取,國立高雄科技大學,國立高雄科技大學航運管理系,其他學校錄取,2,"國立虎尾科技大學財務金融系(通過); 國立高雄科技大學航運管理系(正取,分發)"
CAND_2024,114,nfu_fin,國立虎尾科技大學,財務金融系(商管群),國立虎尾科技大學 財務金融系(商管群),61091171,黄*,備取,—,—,未分發或放棄,3,國立虎尾科技大學財務金融系(通過); 國立高雄科技大學運籌管理系(通過); 國立高雄科技大學財務管理系(通過)
CAND_2025,114,nfu_fin,國立虎尾科技大學,財務金融系(商管群),國立虎尾科技大學 財務金融系(商管群),61091215,林*逸,備取,國立高雄科技大學,國立高雄科技大學航運管理系,其他學校錄取,5,"國立虎尾科技大學財務金融系(通過); 國立高雄科技大學運籌管理系(通過); 國立高雄科技大學航運管理系(正取,分發); 國立高雄科技大學商務資訊應用系(通過); 國立臺中科技大學保險金融管理系(通過)"
CAND_2026,114,nfu_fin,國立虎尾科技大學,財務金融系(商管群),國立虎尾科技大學 財務金融系(商管群),61091663,*郁,備取,—,—,未分發或放棄,4,國立虎尾科技大學財務金融系(通過); 國立高雄科技大學金融資訊系(通過); 國立高雄科技大學智慧商務系(通過); 國立臺中科技大學保險金融管理系(通過)
CAND_2027,114,nfu_fin,國立虎尾科技大學,財務金融系(商管群),國立虎尾科技大學 財務金融系(商管群),63090385,許*榕,備取,國立雲林科技大學,國立雲林科技大學會計系,其他學校錄取,5,"國立虎尾科技大學財務金融系(通過); 國立雲林科技大學會計系(正取,分發); 國立高雄科技大學金融系(正取); 國立高雄科技大學會計資訊系(正取); 國立高雄科技大學財政稅務系(正取)"
CAND_2028,114,nfu_fin,國立虎尾科技大學,財務金融系(商管群),國立虎尾科技大學 財務金融系(商管群),63090489,姚*岑,備取,—,—,未分發或放棄,2,國立虎尾科技大學財務金融系(通過); 國立臺中科技大學國際貿易與經營系(通過)
CAND_2029,114,nfu_fin,國立虎尾科技大學,財務金融系(商管群),國立虎尾科技大學 財務金融系(商管群),64090025,林*,備取,—,—,未分發或放棄,2,國立虎尾科技大學財務金融系(通過); 國立臺中科技大學財政稅務系(備取)
CAND_2030,114,nfu_fin,國立虎尾科技大學,財務金融系(商管群),國立虎尾科技大學 財務金融系(商管群),64090320,謝*恩,備取,國立臺中科技大學,國立臺中科技大學財務金融系,其他學校錄取,4,"國立虎尾科技大學財務金融系(通過); 國立臺中科技大學財務金融系(正取,分發); 朝陽科技大學財務金融系(通過); 嶺東科技大學財務金融系(通過)"
CAND_2031,114,nfu_fin,國立虎尾科技大學,財務金融系(商管群),國立虎尾科技大學 財務金融系(商管群),64090438,賴*,備取,—,—,未分發或放棄,2,國立虎尾科技大學財務金融系(通過); 國立雲林科技大學文化資產維護系(通過)
CAND_2032,114,nfu_fin,國立虎尾科技大學,財務金融系(商管群),國立虎尾科技大學 財務金融系(商管群),65090066,*鉲,備取,國立高雄科技大學,國立高雄科技大學金融系,其他學校錄取,4,"國立虎尾科技大學財務金融系(通過); 國立高雄科技大學企業管理系(通過); 國立高雄科技大學金融系(正取,分發); 國立臺中科技大學財務金融系(備取)"
CAND_2033,114,nfu_fin,國立虎尾科技大學,財務金融系(商管群),國立虎尾科技大學 財務金融系(商管群),65090090,游*欣,備取,國立高雄科技大學,國立高雄科技大學金融系,其他學校錄取,4,"國立虎尾科技大學財務金融系(通過); 國立高雄科技大學行銷與流通管理系(通過); 國立高雄科技大學金融系(備取,分發); 國立臺中科技大學財務金融系(通過)"
CAND_2034,114,nfu_fin,國立虎尾科技大學,財務金融系(商管群),國立虎尾科技大學 財務金融系(商管群),65090104,周*儀,備取,國立高雄科技大學,國立高雄科技大學金融資訊系,其他學校錄取,4,"國立虎尾科技大學財務金融系(通過); 國立高雄科技大學行銷與流通管理系(正取); 國立高雄科技大學金融資訊系(備取,分發); 國立高雄科技大學智慧商務系(正取)"
CAND_2035,114,nfu_fin,國立虎尾科技大學,財務金融系(商管群),國立虎尾科技大學 財務金融系(商管群),65090126,謝*,備取,—,—,未分發或放棄,2,國立虎尾科技大學財務金融系(通過); 國立臺北商業大學國際商務系(臺北校區)(備取)
CAND_2036,114,nfu_fin,國立虎尾科技大學,財務金融系(商管群),國立虎尾科技大學 財務金融系(商管群),65090129,賴*臻,備取,—,—,未分發或放棄,3,國立虎尾科技大學財務金融系(通過); 國立虎尾科技大學工業管理系(通過); 國立臺中科技大學會計資訊系(通過)
CAND_2037,114,nfu_fin,國立虎尾科技大學,財務金融系(商管群),國立虎尾科技大學 財務金融系(商管群),65090269,吳*庭,備取,國立臺中科技大學,國立臺中科技大學財政稅務系,其他學校錄取,3,"國立虎尾科技大學財務金融系(通過); 國立高雄科技大學行銷與流通管理系(通過); 國立臺中科技大學財政稅務系(正取,分發)"
CAND_2038,114,nfu_fin,國立虎尾科技大學,財務金融系(商管群),國立虎尾科技大學 財務金融系(商管群),66090093,簡*悅,備取,—,—,未分發或放棄,2,國立虎尾科技大學財務金融系(通過); 國立高雄科技大學金融資訊系(通過)
CAND_2039,114,nfu_fin,國立虎尾科技大學,財務金融系(商管群),國立虎尾科技大學 財務金融系(商管群),66090321,林*,備取,國立雲林科技大學,國立雲林科技大學財務金融系,其他學校錄取,3,"國立虎尾科技大學財務金融系(通過); 國立雲林科技大學財務金融系(正取,分發); 國立虎尾科技大學資訊管理系(通過)"
CAND_2040,114,nfu_fin,國立虎尾科技大學,財務金融系(商管群),國立虎尾科技大學 財務金融系(商管群),67090019,李*珠,備取,國立臺中科技大學,國立臺中科技大學財務金融系,其他學校錄取,2,"國立虎尾科技大學財務金融系(通過); 國立臺中科技大學財務金融系(正取,分發)"
CAND_2041,114,nfu_fin,國立虎尾科技大學,財務金融系(商管群),國立虎尾科技大學 財務金融系(商管群),67090089,陳*妏,備取,國立高雄科技大學,國立高雄科技大學供應鏈管理系,其他學校錄取,4,"國立虎尾科技大學財務金融系(通過); 國立高雄科技大學企業管理系(正取); 國立高雄科技大學供應鏈管理系(正取,分發); 國立虎尾科技大學企業管理系(正取)"
CAND_2042,114,nfu_fin,國立虎尾科技大學,財務金融系(商管群),國立虎尾科技大學 財務金融系(商管群),67090314,葵*㚬,備取,國立臺中科技大學,國立臺中科技大學財政稅務系,其他學校錄取,4,"國立虎尾科技大學財務金融系(通過); 國立高雄科技大學財政稅務系(通過); 國立勤益科技大學企業管理系(通過); 國立臺中科技大學財政稅務系(正取,分發)"
CAND_2043,114,nfu_fin,國立虎尾科技大學,財務金融系(商管群),國立虎尾科技大學 財務金融系(商管群),68090010,林*臻,備取,—,—,未分發或放棄,1,國立虎尾科技大學財務金融系(通過)
CAND_2044,114,nfu_fin,國立虎尾科技大學,財務金融系(商管群),國立虎尾科技大學 財務金融系(商管群),68090098,*承,備取,—,—,未分發或放棄,3,國立虎尾科技大學財務金融系(通過); 國立雲林科技大學文化資產維護系(通過); 國立臺中科技大學財政稅務系(通過)
CAND_2045,114,nfu_fin,國立虎尾科技大學,財務金融系(商管群),國立虎尾科技大學 財務金融系(商管群),68090166,*瑄,備取,國立臺北商業大學,國立臺北商業大學財政稅務系(臺北校區),其他學校錄取,4,"國立虎尾科技大學財務金融系(通過); 國立高雄科技大學財政稅務系(通過); 國立臺中科技大學財政稅務系(通過); 國立臺北商業大學財政稅務系(臺北校區)(正取,分發)"
CAND_2046,114,nfu_fin,國立虎尾科技大學,財務金融系(商管群),國立虎尾科技大學 財務金融系(商管群),68090178,史*瑄,備取,國立高雄科技大學,國立高雄科技大學金融系,其他學校錄取,3,"國立虎尾科技大學財務金融系(通過); 國立雲林科技大學會計系(正取); 國立高雄科技大學金融系(正取,分發)"
CAND_2047,114,nfu_fin,國立虎尾科技大學,財務金融系(商管群),國立虎尾科技大學 財務金融系(商管群),68090293,徐*儀,備取,國立高雄科技大學,國立高雄科技大學會計資訊系,其他學校錄取,3,"國立虎尾科技大學財務金融系(通過); 國立高雄科技大學會計資訊系(正取,分發); 國立高雄科技大學財政稅務系(備取)"
CAND_2048,114,nfu_fin,國立虎尾科技大學,財務金融系(商管群),國立虎尾科技大學 財務金融系(商管群),68090422,*儀,備取,國立虎尾科技大學,國立虎尾科技大學工業管理系,原校系/本校留任,3,"國立虎尾科技大學財務金融系(通過); 國立高雄科技大學航運技術系(通過); 國立虎尾科技大學工業管理系(正取,分發)"
CAND_2049,114,nfu_fin,國立虎尾科技大學,財務金融系(商管群),國立虎尾科技大學 財務金融系(商管群),68090622,考生*,備取,國立高雄科技大學,國立高雄科技大學金融系,其他學校錄取,3,"國立虎尾科技大學財務金融系(通過); 國立高雄科技大學金融系(正取,分發); 國立高雄科技大學金融資訊系(正取)"
CAND_2050,114,nfu_fin,國立虎尾科技大學,財務金融系(商管群),國立虎尾科技大學 財務金融系(商管群),68530003,郭*倚,備取,國立高雄科技大學,國立高雄科技大學金融系,其他學校錄取,6,"國立虎尾科技大學財務金融系(通過); 國立高雄科技大學國際企業系(正取); 國立高雄科技大學金融系(備取,分發); 國立高雄科技大學財務管理系(備取); 國立虎尾科技大學應用外語系(通過); 國立臺中科技大學國際貿易與經營系(通過)"
CAND_2051,114,nfu_fin,國立虎尾科技大學,財務金融系(商管群),國立虎尾科技大學 財務金融系(商管群),68530006,考生*,備取,—,—,未分發或放棄,3,國立虎尾科技大學財務金融系(通過); 國立虎尾科技大學資訊管理系(正取); 國立臺中科技大學國際貿易與經營系(正取)
CAND_2052,114,nfu_fin,國立虎尾科技大學,財務金融系(商管群),國立虎尾科技大學 財務金融系(商管群),68530050,江*君,備取,國立高雄科技大學,國立高雄科技大學國際企業系,其他學校錄取,6,"國立虎尾科技大學財務金融系(通過); 國立高雄科技大學國際企業系(正取,分發); 國立高雄科技大學金融系(備取); 國立高雄科技大學航運管理系(正取); 國立虎尾科技大學資訊管理系(通過); 國立臺中科技大學國際貿易與經營系(通過)"
CAND_2053,114,nfu_fin,國立虎尾科技大學,財務金融系(商管群),國立虎尾科技大學 財務金融系(商管群),68530052,翁*玲,備取,國立高雄科技大學,國立高雄科技大學金融資訊系,其他學校錄取,4,"國立虎尾科技大學財務金融系(通過); 國立高雄科技大學風險管理與保險系(正取); 國立高雄科技大學金融資訊系(正取,分發); 國立臺中科技大學會計資訊系(備取)"
CAND_2054,114,nfu_fin,國立虎尾科技大學,財務金融系(商管群),國立虎尾科技大學 財務金融系(商管群),68530055,*妏,備取,國立高雄科技大學,國立高雄科技大學金融系,其他學校錄取,4,"國立虎尾科技大學財務金融系(通過); 國立高雄科技大學金融系(備取,分發); 國立高雄科技大學財政稅務系(正取); 國立臺中科技大學財政稅務系(正取)"
CAND_2055,114,nfu_fin,國立虎尾科技大學,財務金融系(商管群),國立虎尾科技大學 財務金融系(商管群),68530059,陳*源,備取,—,—,未分發或放棄,4,國立虎尾科技大學財務金融系(通過); 國立高雄科技大學金融資訊系(通過); 國立高雄科技大學財政稅務系(通過); 國立臺中科技大學財政稅務系(通過)
CAND_2056,114,nfu_fin,國立虎尾科技大學,財務金融系(商管群),國立虎尾科技大學 財務金融系(商管群),68530071,林*淳,備取,國立高雄科技大學,國立高雄科技大學運籌管理系,其他學校錄取,4,"國立虎尾科技大學財務金融系(通過); 國立高雄科技大學運籌管理系(正取,分發); 國立臺中科技大學財務金融系(備取); 國立臺北商業大學國際商務系(臺北校區)(通過)"
CAND_2057,114,nfu_fin,國立虎尾科技大學,財務金融系(商管群),國立虎尾科技大學 財務金融系(商管群),68530079,郭*荺,備取,國立臺中科技大學,國立臺中科技大學會計資訊系,其他學校錄取,2,"國立虎尾科技大學財務金融系(通過); 國立臺中科技大學會計資訊系(備取,分發)"
CAND_2058,114,nfu_fin,國立虎尾科技大學,財務金融系(商管群),國立虎尾科技大學 財務金融系(商管群),70090378,吳*,備取,—,—,未分發或放棄,6,國立虎尾科技大學財務金融系(通過); 國立高雄科技大學金融系(通過); 國立高雄科技大學會計資訊系(通過); 國立臺中科技大學會計資訊系(通過); 國立屏東大學財務金融學系(通過); 國立屏東大學會計學系(通過)
CAND_2059,114,nfu_fin,國立虎尾科技大學,財務金融系(商管群),國立虎尾科技大學 財務金融系(商管群),70090502,*妍,備取,國立高雄科技大學,國立高雄科技大學會計資訊系,其他學校錄取,5,"國立虎尾科技大學財務金融系(通過); 國立高雄科技大學會計資訊系(正取,分發); 國立高雄科技大學財政稅務系(備取); 國立臺中科技大學會計資訊系(備取); 國立屏東大學會計學系(通過)"
CAND_2060,114,nfu_fin,國立虎尾科技大學,財務金融系(商管群),國立虎尾科技大學 財務金融系(商管群),70090637,陳*哲,備取,國立高雄科技大學,國立高雄科技大學金融系,其他學校錄取,6,"國立虎尾科技大學財務金融系(通過); 國立高雄科技大學金融系(備取,分發); 國立高雄科技大學會計資訊系(通過); 國立高雄科技大學財政稅務系(正取); 國立臺中科技大學會計資訊系(通過); 國立臺北商業大學財政稅務系(臺北校區)(備取)"
CAND_2061,114,nfu_fin,國立虎尾科技大學,財務金融系(商管群),國立虎尾科技大學 財務金融系(商管群),70090649,*瀚,備取,—,—,未分發或放棄,3,國立虎尾科技大學財務金融系(通過); 國立高雄科技大學智慧商務系(備取); 國立臺中科技大學會計資訊系(備取)
CAND_2062,114,nfu_fin,國立虎尾科技大學,財務金融系(商管群),國立虎尾科技大學 財務金融系(商管群),70090706,葉*祐,備取,—,—,未分發或放棄,2,國立虎尾科技大學財務金融系(通過); 國立高雄科技大學資訊管理系(通過)
CAND_2063,114,nfu_fin,國立虎尾科技大學,財務金融系(商管群),國立虎尾科技大學 財務金融系(商管群),70090877,李*德,備取,—,—,未分發或放棄,3,國立虎尾科技大學財務金融系(通過); 國立高雄科技大學航運管理系(通過); 國立勤益科技大學行銷與流通管理系(通過)
CAND_2064,114,nfu_fin,國立虎尾科技大學,財務金融系(商管群),國立虎尾科技大學 財務金融系(商管群),71090221,楊*,備取,國立高雄科技大學,國立高雄科技大學會計資訊系,其他學校錄取,3,"國立虎尾科技大學財務金融系(通過); 國立高雄科技大學會計資訊系(正取,分發); 國立屏東大學財務金融學系(通過)"
CAND_2065,114,nfu_fin,國立虎尾科技大學,財務金融系(商管群),國立虎尾科技大學 財務金融系(商管群),75090022,賴*語,備取,—,—,未分發或放棄,3,國立虎尾科技大學財務金融系(通過); 國立高雄科技大學金融系(通過); 國立臺中科技大學財務金融系(通過)
CAND_2066,113,nfu_fin,國立虎尾科技大學,財務金融系(資電類),國立虎尾科技大學 財務金融系(資電類),52040605,*暘,正取,國立高雄科技大學,國立高雄科技大學商務資訊應用系,其他學校錄取,4,"國立虎尾科技大學財務金融系(正取); 國立高雄科技大學商務資訊應用系(備取,分發); 國立虎尾科技大學多媒體設計系(正取); 世新大學數位多媒體設計學系(備取)"
CAND_2067,113,nfu_fin,國立虎尾科技大學,財務金融系(資電類),國立虎尾科技大學 財務金融系(資電類),61040388,葵*祐,正取,國立虎尾科技大學,國立虎尾科技大學財務金融系,原校系/本校留任,3,"國立虎尾科技大學財務金融系(正取,分發); 國立高雄科技大學商務資訊應用系(備取); 國立勤益科技大學資訊管理系(通過)"
CAND_2068,113,nfu_fin,國立虎尾科技大學,財務金融系(資電類),國立虎尾科技大學 財務金融系(資電類),54040189,楊*,備取,國立虎尾科技大學,國立虎尾科技大學財務金融系,原校系/本校留任,3,"國立虎尾科技大學財務金融系(備取,分發); 國立高雄科技大學商務資訊應用系(備取); 國立勤益科技大學工業工程與管理系(正取)"
CAND_2069,113,nfu_fin,國立虎尾科技大學,財務金融系(資電類),國立虎尾科技大學 財務金融系(資電類),61040511,張*君,備取,—,—,未分發或放棄,3,國立虎尾科技大學財務金融系(通過); 國立勤益科技大學資訊管理系(通過); 國立臺中科技大學智慧生產工程系(通過)
CAND_2070,113,nfu_fin,國立虎尾科技大學,財務金融系(資電類),國立虎尾科技大學 財務金融系(資電類),61040576,林*德,備取,—,—,未分發或放棄,4,國立虎尾科技大學財務金融系(通過); 國立雲林科技大學環境與安全衛生工程系(通過); 國立高雄科技大學海事資訊科技系(通過); 國立虎尾科技大學資訊管理系(通過)
CAND_2071,113,nfu_fin,國立虎尾科技大學,財務金融系(資電類),國立虎尾科技大學 財務金融系(資電類),64040078,李*,備取,—,—,未分發或放棄,3,國立虎尾科技大學財務金融系(通過); 國立高雄科技大學商務資訊應用系(通過); 國立彰化師範大學工業教育與技術學系(通過)
CAND_2072,113,nfu_fin,國立虎尾科技大學,財務金融系(商管群),國立虎尾科技大學 財務金融系(商管群),61091695,葉*瑜,正取,國立雲林科技大學,國立雲林科技大學會計系,其他學校錄取,3,"國立虎尾科技大學財務金融系(正取); 國立雲林科技大學會計系(正取,分發); 國立臺中科技大學財政稅務系(正取)"
CAND_2073,113,nfu_fin,國立虎尾科技大學,財務金融系(商管群),國立虎尾科技大學 財務金融系(商管群),52090921,陳*,正取,國立臺中科技大學,國立臺中科技大學財務金融系,其他學校錄取,3,"國立虎尾科技大學財務金融系(正取); 國立高雄科技大學金融系(正取); 國立臺中科技大學財務金融系(正取,分發)"
CAND_2074,113,nfu_fin,國立虎尾科技大學,財務金融系(商管群),國立虎尾科技大學 財務金融系(商管群),70090518,張*信,正取,國立高雄科技大學,國立高雄科技大學金融系,其他學校錄取,3,"國立虎尾科技大學財務金融系(正取); 國立高雄科技大學金融系(備取,分發); 國立高雄科技大學財務管理系(備取)"
CAND_2075,113,nfu_fin,國立虎尾科技大學,財務金融系(商管群),國立虎尾科技大學 財務金融系(商管群),61090723,考生*,正取,—,—,未分發或放棄,2,國立虎尾科技大學財務金融系(正取); 國立高雄科技大學財政稅務系(備取)
CAND_2076,113,nfu_fin,國立虎尾科技大學,財務金融系(商管群),國立虎尾科技大學 財務金融系(商管群),61091227,李*穎,正取,國立臺中科技大學,國立臺中科技大學國際貿易與經營系,其他學校錄取,3,"國立虎尾科技大學財務金融系(正取); 國立高雄科技大學行銷與流通管理系(正取); 國立臺中科技大學國際貿易與經營系(正取,分發)"
CAND_2077,113,nfu_fin,國立虎尾科技大學,財務金融系(商管群),國立虎尾科技大學 財務金融系(商管群),61091673,林*,正取,國立臺中科技大學,國立臺中科技大學財政稅務系,其他學校錄取,3,"國立虎尾科技大學財務金融系(正取); 國立高雄科技大學金融系(備取); 國立臺中科技大學財政稅務系(正取,分發)"
CAND_2078,113,nfu_fin,國立虎尾科技大學,財務金融系(商管群),國立虎尾科技大學 財務金融系(商管群),61091623,周*,正取,國立臺中科技大學,國立臺中科技大學財政稅務系,其他學校錄取,3,"國立虎尾科技大學財務金融系(正取); 國立高雄科技大學財政稅務系(備取); 國立臺中科技大學財政稅務系(正取,分發)"
CAND_2079,113,nfu_fin,國立虎尾科技大學,財務金融系(商管群),國立虎尾科技大學 財務金融系(商管群),57090989,葉*庭,正取,國立高雄科技大學,國立高雄科技大學會計資訊系,其他學校錄取,2,"國立虎尾科技大學財務金融系(正取); 國立高雄科技大學會計資訊系(備取,分發)"
CAND_2080,113,nfu_fin,國立虎尾科技大學,財務金融系(商管群),國立虎尾科技大學 財務金融系(商管群),56090518,*言,正取,國立虎尾科技大學,國立虎尾科技大學財務金融系,原校系/本校留任,3,"國立虎尾科技大學財務金融系(正取,分發); 國立虎尾科技大學企業管理系(正取); 國立臺中科技大學國際貿易與經營系(正取)"
CAND_2081,113,nfu_fin,國立虎尾科技大學,財務金融系(商管群),國立虎尾科技大學 財務金融系(商管群),63090405,賴*君,正取,國立臺中科技大學,國立臺中科技大學保險金融管理系,其他學校錄取,2,"國立虎尾科技大學財務金融系(正取); 國立臺中科技大學保險金融管理系(正取,分發)"
CAND_2082,113,nfu_fin,國立虎尾科技大學,財務金融系(商管群),國立虎尾科技大學 財務金融系(商管群),57090405,賴*純,正取,國立虎尾科技大學,國立虎尾科技大學財務金融系,原校系/本校留任,2,"國立虎尾科技大學財務金融系(正取,分發); 國立勤益科技大學企業管理系(正取)"
CAND_2083,113,nfu_fin,國立虎尾科技大學,財務金融系(商管群),國立虎尾科技大學 財務金融系(商管群),61090925,*閎,正取,國立虎尾科技大學,國立虎尾科技大學財務金融系,原校系/本校留任,3,"國立虎尾科技大學財務金融系(正取,分發); 國立虎尾科技大學企業管理系(通過); 國立臺中科技大學財務金融系(通過)"
CAND_2084,113,nfu_fin,國立虎尾科技大學,財務金融系(商管群),國立虎尾科技大學 財務金融系(商管群),64090215,易*育,正取,國立臺中科技大學,國立臺中科技大學財政稅務系,其他學校錄取,5,"國立虎尾科技大學財務金融系(正取); 國立高雄科技大學資訊管理系(通過); 國立高雄科技大學金融資訊系(正取); 國立臺中科技大學財政稅務系(正取,分發); 逢甲大學經濟學系(備取)"
CAND_2085,113,nfu_fin,國立虎尾科技大學,財務金融系(商管群),國立虎尾科技大學 財務金融系(商管群),65090169,楊*永,正取,國立虎尾科技大學,國立虎尾科技大學財務金融系,原校系/本校留任,2,"國立虎尾科技大學財務金融系(正取,分發); 國立虎尾科技大學企業管理系(通過)"
CAND_2086,113,nfu_fin,國立虎尾科技大學,財務金融系(商管群),國立虎尾科技大學 財務金融系(商管群),57090023,吳*,正取,國立臺中科技大學,國立臺中科技大學國際貿易與經營系,其他學校錄取,2,"國立虎尾科技大學財務金融系(正取); 國立臺中科技大學國際貿易與經營系(正取,分發)"
CAND_2087,113,nfu_fin,國立虎尾科技大學,財務金融系(商管群),國立虎尾科技大學 財務金融系(商管群),64090189,黄*陞,正取,國立屏東大學,國立屏東大學會計學系,其他學校錄取,3,"國立虎尾科技大學財務金融系(正取); 國立臺中科技大學會計資訊系(備取); 國立屏東大學會計學系(正取,分發)"
CAND_2088,113,nfu_fin,國立虎尾科技大學,財務金融系(商管群),國立虎尾科技大學 財務金融系(商管群),65090081,賴*慈,正取,—,—,未分發或放棄,4,國立虎尾科技大學財務金融系(正取); 國立高雄科技大學金融系(備取); 國立勤益科技大學資訊管理系(正取); 國立屏東大學資訊管理學系(正取)
CAND_2089,113,nfu_fin,國立虎尾科技大學,財務金融系(商管群),國立虎尾科技大學 財務金融系(商管群),61090623,楊*瑜,正取,國立虎尾科技大學,國立虎尾科技大學財務金融系,原校系/本校留任,3,"國立虎尾科技大學財務金融系(正取,分發); 國立高雄科技大學財政稅務系(通過); 國立臺中科技大學財政稅務系(通過)"
CAND_2090,113,nfu_fin,國立虎尾科技大學,財務金融系(商管群),國立虎尾科技大學 財務金融系(商管群),57090606,邱*淇,正取,國立臺中科技大學,國立臺中科技大學財政稅務系,其他學校錄取,2,"國立虎尾科技大學財務金融系(正取); 國立臺中科技大學財政稅務系(正取,分發)"
CAND_2091,113,nfu_fin,國立虎尾科技大學,財務金融系(商管群),國立虎尾科技大學 財務金融系(商管群),61090092,*芫,正取,國立臺中科技大學,國立臺中科技大學國際貿易與經營系,其他學校錄取,2,"國立虎尾科技大學財務金融系(正取); 國立臺中科技大學國際貿易與經營系(正取,分發)"
CAND_2092,113,nfu_fin,國立虎尾科技大學,財務金融系(商管群),國立虎尾科技大學 財務金融系(商管群),71090258,楊*,正取,國立高雄科技大學,國立高雄科技大學運籌管理系,其他學校錄取,6,"國立虎尾科技大學財務金融系(正取); 國立高雄科技大學運籌管理系(正取,分發); 國立高雄科技大學航運管理系(備取); 國立臺中科技大學國際貿易與經營系(備取); 逢甲大學土地管理學系(備取); 逢甲大學國際經營與貿易學系(備取)"
CAND_2093,113,nfu_fin,國立虎尾科技大學,財務金融系(商管群),國立虎尾科技大學 財務金融系(商管群),55090047,F*,正取,銘傳大學,銘傳大學國際企業學系(台北校區),其他學校錄取,3,"國立虎尾科技大學財務金融系(正取); 國立臺中科技大學保險金融管理系(備取); 銘傳大學國際企業學系(台北校區)(備取,分發)"
CAND_2094,113,nfu_fin,國立虎尾科技大學,財務金融系(商管群),國立虎尾科技大學 財務金融系(商管群),69090077,賴*志,正取,國立虎尾科技大學,國立虎尾科技大學財務金融系,原校系/本校留任,4,"國立虎尾科技大學財務金融系(正取,分發); 國立虎尾科技大學企業管理系(通過); 國立勤益科技大學企業管理系(正取); 國立臺中科技大學財政稅務系(備取)"
CAND_2095,113,nfu_fin,國立虎尾科技大學,財務金融系(商管群),國立虎尾科技大學 財務金融系(商管群),64090201,李*如,正取,國立臺中科技大學,國立臺中科技大學保險金融管理系,其他學校錄取,3,"國立虎尾科技大學財務金融系(正取); 國立虎尾科技大學企業管理系(通過); 國立臺中科技大學保險金融管理系(正取,分發)"
CAND_2096,113,nfu_fin,國立虎尾科技大學,財務金融系(商管群),國立虎尾科技大學 財務金融系(商管群),56090526,*軒,正取,國立高雄科技大學,國立高雄科技大學風險管理與保險系,其他學校錄取,5,"國立虎尾科技大學財務金融系(正取); 國立高雄科技大學行銷與流通管理系(通過); 國立高雄科技大學風險管理與保險系(正取,分發); 國立勤益科技大學流通管理系(通過); 國立臺中科技大學保險金融管理系(備取)"
CAND_2097,113,nfu_fin,國立虎尾科技大學,財務金融系(商管群),國立虎尾科技大學 財務金融系(商管群),64090129,林*均,正取,國立臺中科技大學,國立臺中科技大學應用統計系,其他學校錄取,2,"國立虎尾科技大學財務金融系(正取); 國立臺中科技大學應用統計系(正取,分發)"
CAND_2098,113,nfu_fin,國立虎尾科技大學,財務金融系(商管群),國立虎尾科技大學 財務金融系(商管群),57090845,許*澄,正取,國立虎尾科技大學,國立虎尾科技大學資訊管理系,原校系/本校留任,3,"國立虎尾科技大學財務金融系(正取); 國立高雄科技大學工業工程與管理系(正取); 國立虎尾科技大學資訊管理系(正取,分發)"
CAND_2099,113,nfu_fin,國立虎尾科技大學,財務金融系(商管群),國立虎尾科技大學 財務金融系(商管群),61090032,*欣,正取,國立臺中科技大學,國立臺中科技大學國際貿易與經營系,其他學校錄取,3,"國立虎尾科技大學財務金融系(正取); 國立虎尾科技大學應用外語系(通過); 國立臺中科技大學國際貿易與經營系(正取,分發)"
CAND_2100,113,nfu_fin,國立虎尾科技大學,財務金融系(商管群),國立虎尾科技大學 財務金融系(商管群),65090445,黄*華,正取,國立虎尾科技大學,國立虎尾科技大學財務金融系,原校系/本校留任,2,"國立虎尾科技大學財務金融系(正取,分發); 靜宜大學法律學系(通過)"
CAND_2101,113,nfu_fin,國立虎尾科技大學,財務金融系(商管群),國立虎尾科技大學 財務金融系(商管群),61090388,陳*蓉,正取,國立虎尾科技大學,國立虎尾科技大學財務金融系,原校系/本校留任,5,"國立虎尾科技大學財務金融系(正取,分發); 國立虎尾科技大學企業管理系(正取); 國立勤益科技大學企業管理系(正取); 靜宜大學財務金融學系(正取); 逢甲大學經濟學系(備取)"
CAND_2102,113,nfu_fin,國立虎尾科技大學,財務金融系(商管群),國立虎尾科技大學 財務金融系(商管群),60090014,黄*綸,正取,國立臺北商業大學,國立臺北商業大學國際商務系(臺北校區),其他學校錄取,5,"國立虎尾科技大學財務金融系(正取); 國立高雄科技大學金融系(備取); 國立高雄科技大學財政稅務系(備取); 國立臺中科技大學財政稅務系(正取); 國立臺北商業大學國際商務系(臺北校區)(正取,分發)"
CAND_2103,113,nfu_fin,國立虎尾科技大學,財務金融系(商管群),國立虎尾科技大學 財務金融系(商管群),61090187,帥*宏,正取,國立虎尾科技大學,國立虎尾科技大學財務金融系,原校系/本校留任,1,"國立虎尾科技大學財務金融系(正取,分發)"
CAND_2104,113,nfu_fin,國立虎尾科技大學,財務金融系(商管群),國立虎尾科技大學 財務金融系(商管群),61090998,林*婷,備取,國立虎尾科技大學,國立虎尾科技大學財務金融系,原校系/本校留任,4,"國立虎尾科技大學財務金融系(備取,分發); 國立虎尾科技大學企業管理系(通過); 國立勤益科技大學企業管理系(正取); 國立臺中科技大學保險金融管理系(備取)"
CAND_2105,113,nfu_fin,國立虎尾科技大學,財務金融系(商管群),國立虎尾科技大學 財務金融系(商管群),56090209,*珺,備取,—,—,未分發或放棄,3,國立虎尾科技大學財務金融系(備取); 國立臺中科技大學財務金融系(通過); 朝陽科技大學財務金融系(正取)
CAND_2106,113,nfu_fin,國立虎尾科技大學,財務金融系(商管群),國立虎尾科技大學 財務金融系(商管群),69090032,邱*綾,備取,國立勤益科技大學,國立勤益科技大學資訊管理系,其他學校錄取,3,"國立虎尾科技大學財務金融系(備取); 國立勤益科技大學資訊管理系(正取,分發); 國立臺中科技大學多媒體設計系(通過)"
CAND_2107,113,nfu_fin,國立虎尾科技大學,財務金融系(商管群),國立虎尾科技大學 財務金融系(商管群),64090192,李*,備取,國立虎尾科技大學,國立虎尾科技大學財務金融系,原校系/本校留任,1,"國立虎尾科技大學財務金融系(備取,分發)"
CAND_2108,113,nfu_fin,國立虎尾科技大學,財務金融系(商管群),國立虎尾科技大學 財務金融系(商管群),61090044,游*葳,備取,國立臺北商業大學,國立臺北商業大學商業設計管理系(桃園校區),其他學校錄取,2,"國立虎尾科技大學財務金融系(備取); 國立臺北商業大學商業設計管理系(桃園校區)(備取,分發)"
CAND_2109,113,nfu_fin,國立虎尾科技大學,財務金融系(商管群),國立虎尾科技大學 財務金融系(商管群),57090919,江*,備取,國立虎尾科技大學,國立虎尾科技大學財務金融系,原校系/本校留任,3,"國立虎尾科技大學財務金融系(備取,分發); 國立虎尾科技大學資訊管理系(通過); 國立臺中科技大學保險金融管理系(備取)"
CAND_2110,113,nfu_fin,國立虎尾科技大學,財務金融系(商管群),國立虎尾科技大學 財務金融系(商管群),60090323,宋*芳,備取,國立虎尾科技大學,國立虎尾科技大學財務金融系,原校系/本校留任,4,"國立虎尾科技大學財務金融系(備取,分發); 國立虎尾科技大學企業管理系(正取); 國立臺中科技大學會計資訊系(備取); 中原大學會計學系(備取)"
CAND_2111,113,nfu_fin,國立虎尾科技大學,財務金融系(商管群),國立虎尾科技大學 財務金融系(商管群),61091742,*慈,備取,國立屏東大學,國立屏東大學會計學系,其他學校錄取,4,"國立虎尾科技大學財務金融系(備取); 國立虎尾科技大學企業管理系(通過); 朝陽科技大學會計系(通過); 國立屏東大學會計學系(正取,分發)"
CAND_2112,113,nfu_fin,國立虎尾科技大學,財務金融系(商管群),國立虎尾科技大學 財務金融系(商管群),61090619,黄*婷,備取,國立虎尾科技大學,國立虎尾科技大學財務金融系,原校系/本校留任,1,"國立虎尾科技大學財務金融系(備取,分發)"
CAND_2113,113,nfu_fin,國立虎尾科技大學,財務金融系(商管群),國立虎尾科技大學 財務金融系(商管群),57090210,徐*永,備取,國立虎尾科技大學,國立虎尾科技大學財務金融系,原校系/本校留任,3,"國立虎尾科技大學財務金融系(備取,分發); 國立勤益科技大學資訊管理系(通過); 國立臺中科技大學財政稅務系(備取)"
CAND_2114,113,nfu_fin,國立虎尾科技大學,財務金融系(商管群),國立虎尾科技大學 財務金融系(商管群),64090145,林*婷,備取,國立勤益科技大學,國立勤益科技大學企業管理系,其他學校錄取,4,"國立虎尾科技大學財務金融系(備取); 國立虎尾科技大學企業管理系(正取); 國立勤益科技大學企業管理系(備取,分發); 國立臺中科技大學企業管理系(備取)"
CAND_2115,113,nfu_fin,國立虎尾科技大學,財務金融系(商管群),國立虎尾科技大學 財務金融系(商管群),58090313,胡*銓,備取,國立臺中科技大學,國立臺中科技大學國際貿易與經營系,其他學校錄取,4,"國立虎尾科技大學財務金融系(備取); 國立虎尾科技大學工業管理系(通過); 國立勤益科技大學流通管理系(通過); 國立臺中科技大學國際貿易與經營系(備取,分發)"
CAND_2116,113,nfu_fin,國立虎尾科技大學,財務金融系(商管群),國立虎尾科技大學 財務金融系(商管群),65090345,葵*,備取,國立臺中科技大學,國立臺中科技大學國際貿易與經營系,其他學校錄取,5,"國立虎尾科技大學財務金融系(備取); 國立高雄科技大學運籌管理系(通過); 國立高雄科技大學供應鏈管理系(通過); 國立虎尾科技大學企業管理系(正取); 國立臺中科技大學國際貿易與經營系(備取,分發)"
CAND_2117,113,nfu_fin,國立虎尾科技大學,財務金融系(商管群),國立虎尾科技大學 財務金融系(商管群),65090061,蕭*璇,備取,國立虎尾科技大學,國立虎尾科技大學財務金融系,原校系/本校留任,5,"國立虎尾科技大學財務金融系(備取,分發); 國立高雄科技大學財政稅務系(備取); 國立虎尾科技大學企業管理系(正取); 國立勤益科技大學企業管理系(備取); 國立臺中科技大學財政稅務系(備取)"
CAND_2118,113,nfu_fin,國立虎尾科技大學,財務金融系(商管群),國立虎尾科技大學 財務金融系(商管群),52090784,李*哲,備取,—,—,未分發或放棄,1,國立虎尾科技大學財務金融系(通過)
CAND_2119,113,nfu_fin,國立虎尾科技大學,財務金融系(商管群),國立虎尾科技大學 財務金融系(商管群),52090866,李*泰,備取,國立臺中科技大學,國立臺中科技大學企業管理系,其他學校錄取,4,"國立虎尾科技大學財務金融系(通過); 國立虎尾科技大學企業管理系(正取); 國立臺中科技大學企業管理系(正取,分發); 銘傳大學企業管理學系(台北校區)(正取)"
CAND_2120,113,nfu_fin,國立虎尾科技大學,財務金融系(商管群),國立虎尾科技大學 財務金融系(商管群),52090869,李*潔,備取,逢甲大學,逢甲大學會計學系,其他學校錄取,6,"國立虎尾科技大學財務金融系(通過); 國立臺中科技大學應用統計系(正取); 國立屏東大學會計學系(正取); 靜宜大學會計學系(通過); 實踐大學會計學系(臺北校區)(備取); 逢甲大學會計學系(備取,分發)"
CAND_2121,113,nfu_fin,國立虎尾科技大學,財務金融系(商管群),國立虎尾科技大學 財務金融系(商管群),55090051,郭*柔,備取,—,—,未分發或放棄,3,國立虎尾科技大學財務金融系(通過); 國立高雄科技大學會計資訊系(正取); 國立臺中科技大學會計資訊系(通過)
CAND_2122,113,nfu_fin,國立虎尾科技大學,財務金融系(商管群),國立虎尾科技大學 財務金融系(商管群),57090077,陳*,備取,國立臺中科技大學,國立臺中科技大學保險金融管理系,其他學校錄取,3,"國立虎尾科技大學財務金融系(通過); 國立高雄科技大學風險管理與保險系(通過); 國立臺中科技大學保險金融管理系(正取,分發)"
CAND_2123,113,nfu_fin,國立虎尾科技大學,財務金融系(商管群),國立虎尾科技大學 財務金融系(商管群),57090638,李*,備取,—,—,未分發或放棄,1,國立虎尾科技大學財務金融系(通過)
CAND_2124,113,nfu_fin,國立虎尾科技大學,財務金融系(商管群),國立虎尾科技大學 財務金融系(商管群),57090895,盧*華,備取,—,—,未分發或放棄,3,國立虎尾科技大學財務金融系(通過); 國立高雄科技大學會計資訊系(通過); 中原大學會計學系(通過)
CAND_2125,113,nfu_fin,國立虎尾科技大學,財務金融系(商管群),國立虎尾科技大學 財務金融系(商管群),59090126,周*甯,備取,—,—,未分發或放棄,2,國立虎尾科技大學財務金融系(通過); 國立臺中科技大學財政稅務系(通過)
CAND_2126,113,nfu_fin,國立虎尾科技大學,財務金融系(商管群),國立虎尾科技大學 財務金融系(商管群),60090111,張*,備取,國立高雄科技大學,國立高雄科技大學資訊管理系,其他學校錄取,4,"國立虎尾科技大學財務金融系(通過); 國立高雄科技大學資訊管理系(正取,分發); 國立虎尾科技大學資訊管理系(通過); 國立臺中科技大學資訊工程系(通過)"
CAND_2127,113,nfu_fin,國立虎尾科技大學,財務金融系(商管群),國立虎尾科技大學 財務金融系(商管群),60090147,張*雅,備取,—,—,未分發或放棄,4,國立虎尾科技大學財務金融系(通過); 國立高雄科技大學金融系(通過); 國立臺北護理健康大學資訊管理系(通過); 國立臺中科技大學會計資訊系(通過)
CAND_2128,113,nfu_fin,國立虎尾科技大學,財務金融系(商管群),國立虎尾科技大學 財務金融系(商管群),61090003,何*錚,備取,國立高雄科技大學,國立高雄科技大學金融資訊系,其他學校錄取,5,"國立虎尾科技大學財務金融系(通過); 國立高雄科技大學會計資訊系(正取); 國立高雄科技大學金融資訊系(備取,分發); 國立虎尾科技大學企業管理系(通過); 國立臺中科技大學財務金融系(通過)"
CAND_2129,113,nfu_fin,國立虎尾科技大學,財務金融系(商管群),國立虎尾科技大學 財務金融系(商管群),61090234,陳*錚,備取,國立高雄科技大學,國立高雄科技大學財務管理系,其他學校錄取,2,"國立虎尾科技大學財務金融系(通過); 國立高雄科技大學財務管理系(正取,分發)"
CAND_2130,113,nfu_fin,國立虎尾科技大學,財務金融系(商管群),國立虎尾科技大學 財務金融系(商管群),61090523,考生*,備取,國立臺中科技大學,國立臺中科技大學財政稅務系,其他學校錄取,3,"國立虎尾科技大學財務金融系(通過); 國立高雄科技大學財政稅務系(備取); 國立臺中科技大學財政稅務系(正取,分發)"
CAND_2131,113,nfu_fin,國立虎尾科技大學,財務金融系(商管群),國立虎尾科技大學 財務金融系(商管群),61090591,黄*晴,備取,國立臺中科技大學,國立臺中科技大學財務金融系,其他學校錄取,2,"國立虎尾科技大學財務金融系(通過); 國立臺中科技大學財務金融系(正取,分發)"
CAND_2132,113,nfu_fin,國立虎尾科技大學,財務金融系(商管群),國立虎尾科技大學 財務金融系(商管群),61090796,黄*璇,備取,國立雲林科技大學,國立雲林科技大學資訊管理系,其他學校錄取,5,"國立虎尾科技大學財務金融系(通過); 國立雲林科技大學資訊管理系(正取,分發); 國立勤益科技大學資訊管理系(資安人才)(通過); 國立臺中科技大學財務金融系(正取); 國立彰化師範大學財務金融技術學系(正取)"
CAND_2133,113,nfu_fin,國立虎尾科技大學,財務金融系(商管群),國立虎尾科技大學 財務金融系(商管群),61090999,維*欣,備取,國立臺中科技大學,國立臺中科技大學財政稅務系,其他學校錄取,4,"國立虎尾科技大學財務金融系(通過); 國立虎尾科技大學工業管理系(通過); 國立勤益科技大學工業工程與管理系(通過); 國立臺中科技大學財政稅務系(備取,分發)"
CAND_2134,113,nfu_fin,國立虎尾科技大學,財務金融系(商管群),國立虎尾科技大學 財務金融系(商管群),61091113,女*妤,備取,國立臺中科技大學,國立臺中科技大學財政稅務系,其他學校錄取,5,"國立虎尾科技大學財務金融系(通過); 國立高雄科技大學工業工程與管理系(通過); 國立勤益科技大學工業工程與管理系(正取); 國立臺中科技大學財政稅務系(備取,分發); 逢甲大學財稅學系(正取)"
CAND_2135,113,nfu_fin,國立虎尾科技大學,財務金融系(商管群),國立虎尾科技大學 財務金融系(商管群),61091299,考生*,備取,國立臺中科技大學,國立臺中科技大學會計資訊系,其他學校錄取,2,"國立虎尾科技大學財務金融系(通過); 國立臺中科技大學會計資訊系(備取,分發)"
CAND_2136,113,nfu_fin,國立虎尾科技大學,財務金融系(商管群),國立虎尾科技大學 財務金融系(商管群),61091453,潘*女,備取,國立高雄科技大學,國立高雄科技大學商務資訊應用系,其他學校錄取,4,"國立虎尾科技大學財務金融系(通過); 國立雲林科技大學財務金融系(通過); 國立高雄科技大學金融系(備取); 國立高雄科技大學商務資訊應用系(備取,分發)"
CAND_2137,113,nfu_fin,國立虎尾科技大學,財務金融系(商管群),國立虎尾科技大學 財務金融系(商管群),61091739,游*元,備取,—,—,未分發或放棄,4,國立虎尾科技大學財務金融系(通過); 國立高雄科技大學金融系(通過); 國立高雄科技大學財務管理系(通過); 國立臺中科技大學財務金融系(通過)
CAND_2138,113,nfu_fin,國立虎尾科技大學,財務金融系(商管群),國立虎尾科技大學 財務金融系(商管群),61091782,邱*真,備取,國立臺中科技大學,國立臺中科技大學財政稅務系,其他學校錄取,3,"國立虎尾科技大學財務金融系(通過); 國立勤益科技大學資訊管理系(正取); 國立臺中科技大學財政稅務系(正取,分發)"
CAND_2139,113,nfu_fin,國立虎尾科技大學,財務金融系(商管群),國立虎尾科技大學 財務金融系(商管群),63090130,葵*顬,備取,國立臺中科技大學,國立臺中科技大學會計資訊系,其他學校錄取,2,"國立虎尾科技大學財務金融系(通過); 國立臺中科技大學會計資訊系(備取,分發)"
CAND_2140,113,nfu_fin,國立虎尾科技大學,財務金融系(商管群),國立虎尾科技大學 財務金融系(商管群),64090087,葵*,備取,國立臺中科技大學,國立臺中科技大學保險金融管理系,其他學校錄取,6,"國立虎尾科技大學財務金融系(通過); 國立高雄科技大學行銷與流通管理系(備取); 國立高雄科技大學風險管理與保險系(備取); 國立高雄科技大學人力資源發展系(通過); 國立勤益科技大學流通管理系(通過); 國立臺中科技大學保險金融管理系(正取,分發)"
CAND_2141,113,nfu_fin,國立虎尾科技大學,財務金融系(商管群),國立虎尾科技大學 財務金融系(商管群),64090113,張*榛,備取,國立臺中科技大學,國立臺中科技大學會計資訊系,其他學校錄取,6,"國立虎尾科技大學財務金融系(通過); 國立雲林科技大學會計系(備取); 國立高雄科技大學會計資訊系(通過); 國立高雄科技大學金融資訊系(通過); 國立勤益科技大學企業管理系(通過); 國立臺中科技大學會計資訊系(正取,分發)"
CAND_2142,113,nfu_fin,國立虎尾科技大學,財務金融系(商管群),國立虎尾科技大學 財務金融系(商管群),64090121,蘇*勛,備取,—,—,未分發或放棄,4,國立虎尾科技大學財務金融系(通過); 國立雲林科技大學文化資產維護系(通過); 國立臺中科技大學企業管理系(備取); 逢甲大學會計學系(備取)
CAND_2143,113,nfu_fin,國立虎尾科技大學,財務金融系(商管群),國立虎尾科技大學 財務金融系(商管群),64090131,黄*,備取,國立臺中科技大學,國立臺中科技大學財政稅務系,其他學校錄取,2,"國立虎尾科技大學財務金融系(通過); 國立臺中科技大學財政稅務系(備取,分發)"
CAND_2144,113,nfu_fin,國立虎尾科技大學,財務金融系(商管群),國立虎尾科技大學 財務金融系(商管群),64090139,鄭*婕,備取,—,—,未分發或放棄,4,國立虎尾科技大學財務金融系(通過); 國立高雄科技大學財務管理系(通過); 國立高雄科技大學財政稅務系(通過); 國立臺中科技大學財務金融系(通過)
CAND_2145,113,nfu_fin,國立虎尾科技大學,財務金融系(商管群),國立虎尾科技大學 財務金融系(商管群),64090172,黄*玲,備取,國立臺北商業大學,國立臺北商業大學企業管理系(臺北校區),其他學校錄取,6,"國立虎尾科技大學財務金融系(通過); 國立雲林科技大學企業管理系(通過); 國立雲林科技大學資訊管理系(通過); 國立高雄科技大學金融系(正取); 國立臺北商業大學企業管理系(臺北校區)(正取,分發); 中華醫事科技大學語言治療系(通過)"
CAND_2146,113,nfu_fin,國立虎尾科技大學,財務金融系(商管群),國立虎尾科技大學 財務金融系(商管群),64090267,張*紘,備取,國立高雄科技大學,國立高雄科技大學金融系,其他學校錄取,5,"國立虎尾科技大學財務金融系(通過); 國立高雄科技大學風險管理與保險系(通過); 國立高雄科技大學金融系(備取,分發); 國立高雄科技大學航運管理系(通過); 國立臺中科技大學財務金融系(備取)"
CAND_2147,113,nfu_fin,國立虎尾科技大學,財務金融系(商管群),國立虎尾科技大學 財務金融系(商管群),64090271,侯*J,備取,國立高雄科技大學,國立高雄科技大學財政稅務系,其他學校錄取,4,"國立虎尾科技大學財務金融系(通過); 國立高雄科技大學財政稅務系(正取,分發); 國立高雄科技大學航運管理系(通過); 國立臺中科技大學財政稅務系(正取)"
CAND_2148,113,nfu_fin,國立虎尾科技大學,財務金融系(商管群),國立虎尾科技大學 財務金融系(商管群),64090515,黄*穎,備取,國立高雄科技大學,國立高雄科技大學運籌管理系,其他學校錄取,4,"國立虎尾科技大學財務金融系(通過); 國立高雄科技大學運籌管理系(正取,分發); 國立高雄科技大學航運管理系(備取); 國立臺中科技大學國際貿易與經營系(備取)"
CAND_2149,113,nfu_fin,國立虎尾科技大學,財務金融系(商管群),國立虎尾科技大學 財務金融系(商管群),64090574,李*如,備取,—,—,未分發或放棄,5,國立虎尾科技大學財務金融系(通過); 國立虎尾科技大學工業管理系(通過); 國立臺灣體育運動大學運動事業管理學系(通過); 國立屏東大學財務金融學系(通過); 國立屏東大學會計學系(通過)
CAND_2150,113,nfu_fin,國立虎尾科技大學,財務金融系(商管群),國立虎尾科技大學 財務金融系(商管群),65090004,葵*庭,備取,國立高雄科技大學,國立高雄科技大學智慧商務系,其他學校錄取,4,"國立虎尾科技大學財務金融系(通過); 國立高雄科技大學資訊管理系(備取); 國立高雄科技大學智慧商務系(正取,分發); 國立臺中教育大學國際企業學系(備取)"
CAND_2151,113,nfu_fin,國立虎尾科技大學,財務金融系(商管群),國立虎尾科技大學 財務金融系(商管群),65090008,江*瑾,備取,逢甲大學,逢甲大學會計學系,其他學校錄取,4,"國立虎尾科技大學財務金融系(通過); 國立臺中科技大學會計資訊系(備取); 逢甲大學財稅學系(備取); 逢甲大學會計學系(備取,分發)"
CAND_2152,113,nfu_fin,國立虎尾科技大學,財務金融系(商管群),國立虎尾科技大學 財務金融系(商管群),65090027,張*,備取,—,—,未分發或放棄,3,國立虎尾科技大學財務金融系(通過); 國立高雄科技大學行銷與流通管理系(通過); 國立高雄科技大學金融系(通過)
CAND_2153,113,nfu_fin,國立虎尾科技大學,財務金融系(商管群),國立虎尾科技大學 財務金融系(商管群),65090051,張*均,備取,國立高雄科技大學,國立高雄科技大學運籌管理系,其他學校錄取,4,"國立虎尾科技大學財務金融系(通過); 國立雲林科技大學工業工程與管理系(備取); 國立高雄科技大學運籌管理系(正取,分發); 國立臺中科技大學財務金融系(備取)"
CAND_2154,113,nfu_fin,國立虎尾科技大學,財務金融系(商管群),國立虎尾科技大學 財務金融系(商管群),65090125,夏*真,備取,—,—,未分發或放棄,1,國立虎尾科技大學財務金融系(通過)
CAND_2155,113,nfu_fin,國立虎尾科技大學,財務金融系(商管群),國立虎尾科技大學 財務金融系(商管群),65090142,楊*晴,備取,國立臺中科技大學,國立臺中科技大學國際貿易與經營系,其他學校錄取,2,"國立虎尾科技大學財務金融系(通過); 國立臺中科技大學國際貿易與經營系(正取,分發)"
CAND_2156,113,nfu_fin,國立虎尾科技大學,財務金融系(商管群),國立虎尾科技大學 財務金融系(商管群),65090305,張*榕,備取,國立臺中科技大學,國立臺中科技大學企業管理系,其他學校錄取,4,"國立虎尾科技大學財務金融系(通過); 國立高雄科技大學航運管理系(備取); 國立虎尾科技大學企業管理系(通過); 國立臺中科技大學企業管理系(備取,分發)"
CAND_2157,113,nfu_fin,國立虎尾科技大學,財務金融系(商管群),國立虎尾科技大學 財務金融系(商管群),65090325,李*瑜,備取,國立臺中科技大學,國立臺中科技大學國際貿易與經營系,其他學校錄取,4,"國立虎尾科技大學財務金融系(通過); 國立高雄科技大學智慧商務系(通過); 國立高雄科技大學航運管理系(通過); 國立臺中科技大學國際貿易與經營系(正取,分發)"
CAND_2158,113,nfu_fin,國立虎尾科技大學,財務金融系(商管群),國立虎尾科技大學 財務金融系(商管群),67090186,許*彦,備取,—,—,未分發或放棄,3,國立虎尾科技大學財務金融系(通過); 國立高雄科技大學航運管理系(備取); 國立臺中科技大學財政稅務系(通過)
CAND_2159,113,nfu_fin,國立虎尾科技大學,財務金融系(商管群),國立虎尾科技大學 財務金融系(商管群),67090210,陳*慈,備取,國立雲林科技大學,國立雲林科技大學財務金融系,其他學校錄取,6,"國立虎尾科技大學財務金融系(通過); 國立雲林科技大學企業管理系(通過); 國立雲林科技大學財務金融系(正取,分發); 國立高雄科技大學金融系(通過); 國立高雄科技大學財務管理系(通過); 國立臺中科技大學財務金融系(通過)"
CAND_2160,113,nfu_fin,國立虎尾科技大學,財務金融系(商管群),國立虎尾科技大學 財務金融系(商管群),67090422,維*甯,備取,—,—,未分發或放棄,3,國立虎尾科技大學財務金融系(通過); 國立高雄科技大學財政稅務系(通過); 國立臺中科技大學會計資訊系(通過)
CAND_2161,113,nfu_fin,國立虎尾科技大學,財務金融系(商管群),國立虎尾科技大學 財務金融系(商管群),68090085,許*昀,備取,國立高雄科技大學,國立高雄科技大學行銷與流通管理系,其他學校錄取,3,"國立虎尾科技大學財務金融系(通過); 國立高雄科技大學行銷與流通管理系(正取,分發); 國立臺中科技大學流通管理系(通過)"
CAND_2162,113,nfu_fin,國立虎尾科技大學,財務金融系(商管群),國立虎尾科技大學 財務金融系(商管群),68090269,吳*翔,備取,—,—,未分發或放棄,2,國立虎尾科技大學財務金融系(通過); 國立屏東大學財務金融學系(通過)
CAND_2163,113,nfu_fin,國立虎尾科技大學,財務金融系(商管群),國立虎尾科技大學 財務金融系(商管群),68090762,*永,備取,國立高雄科技大學,國立高雄科技大學財政稅務系,其他學校錄取,5,"國立虎尾科技大學財務金融系(通過); 國立雲林科技大學會計系(正取); 國立高雄科技大學財政稅務系(正取,分發); 國立勤益科技大學企業管理系(正取); 國立臺中科技大學會計資訊系(通過)"
CAND_2164,113,nfu_fin,國立虎尾科技大學,財務金融系(商管群),國立虎尾科技大學 財務金融系(商管群),68090785,*永,備取,國立高雄科技大學,國立高雄科技大學國際企業系,其他學校錄取,5,"國立虎尾科技大學財務金融系(通過); 國立高雄科技大學國際企業系(正取,分發); 國立高雄科技大學企業管理系(正取); 國立屏東大學國際經營與貿易學系(正取); 國立屏東大學財務金融學系(正取)"
CAND_2165,113,nfu_fin,國立虎尾科技大學,財務金融系(商管群),國立虎尾科技大學 財務金融系(商管群),68530048,朱*璟,備取,國立高雄科技大學,國立高雄科技大學財政稅務系,其他學校錄取,5,"國立虎尾科技大學財務金融系(通過); 國立高雄科技大學金融系(備取); 國立高雄科技大學財政稅務系(正取,分發); 國立虎尾科技大學企業管理系(通過); 國立勤益科技大學企業管理系(通過)"
CAND_2166,113,nfu_fin,國立虎尾科技大學,財務金融系(商管群),國立虎尾科技大學 財務金融系(商管群),70090981,程*珈,備取,—,—,未分發或放棄,2,國立虎尾科技大學財務金融系(通過); 國立虎尾科技大學企業管理系(通過)
CAND_2167,113,nfu_fin,國立虎尾科技大學,財務金融系(商管群),國立虎尾科技大學 財務金融系(商管群),71090179,考生*,備取,—,—,未分發或放棄,1,國立虎尾科技大學財務金融系(通過)
CAND_2168,113,nfu_fin,國立虎尾科技大學,財務金融系(商管群),國立虎尾科技大學 財務金融系(商管群),71090209,陳*裕,備取,國立高雄科技大學,國立高雄科技大學運籌管理系,其他學校錄取,3,"國立虎尾科技大學財務金融系(通過); 國立高雄科技大學運籌管理系(正取,分發); 國立虎尾科技大學企業管理系(通過)"
CAND_2169,113,nfu_fin,國立虎尾科技大學,財務金融系(商管群),國立虎尾科技大學 財務金融系(商管群),73090096,盧*,備取,—,—,未分發或放棄,2,國立虎尾科技大學財務金融系(通過); 朝陽科技大學財務金融系(通過)
CAND_2170,113,nfu_fin,國立虎尾科技大學,財務金融系(英語類),國立虎尾科技大學 財務金融系(英語類),58150019,歐*毅,正取,國立虎尾科技大學,國立虎尾科技大學財務金融系,原校系/本校留任,2,"國立虎尾科技大學財務金融系(正取,分發); 國立虎尾科技大學企業管理系(通過)"
CAND_2171,113,nfu_fin,國立虎尾科技大學,財務金融系(英語類),國立虎尾科技大學 財務金融系(英語類),61150101,林*凱,備取,—,—,未分發或放棄,1,國立虎尾科技大學財務金融系(備取)
CAND_2172,113,nfu_fin,國立虎尾科技大學,財務金融系(英語類),國立虎尾科技大學 財務金融系(英語類),58150197,陳*穎,備取,—,—,未分發或放棄,4,國立虎尾科技大學財務金融系(通過); 國立虎尾科技大學企業管理系(通過); 國立勤益科技大學文化創意事業系(通過); 國立臺中科技大學企業管理系(通過)
